notice_id,notice,notice_url,institut,commanditaire,date_debut,date_fin,date_notice,echantillon,methode,tour,hypothese,candidat,intention
,Ifop 2-5 mai (WP),http://cdn-new-parismatch.ladmedia.fr/var/ifop/05-05-2017.pdf?version=82d94dD7,Ifop,,2017-05-02,2017-05-05,2017-05-05,1861,,Deuxième tour,Intentions de vote,Emmanuel Macron,63.0
,Ifop 2-5 mai (WP),http://cdn-new-parismatch.ladmedia.fr/var/ifop/05-05-2017.pdf?version=82d94dD7,Ifop,,2017-05-02,2017-05-05,2017-05-05,1861,,Deuxième tour,Intentions de vote,Marine Le Pen,37.0
,Harris Interactive 2-5 mai (WP),http://www.lcp.fr/actualites/sondage-emmanuel-macron-creuse-un-peu-plus-lecart-avec-marine-le-pen,Harris Interactive,,2017-05-02,2017-05-05,2017-05-05,4991,,Deuxième tour,Intentions de vote,Emmanuel Macron,62.0
,Harris Interactive 2-5 mai (WP),http://www.lcp.fr/actualites/sondage-emmanuel-macron-creuse-un-peu-plus-lecart-avec-marine-le-pen,Harris Interactive,,2017-05-02,2017-05-05,2017-05-05,4991,,Deuxième tour,Intentions de vote,Marine Le Pen,38.0
,Elabe 4 mai (WP),http://elabe.fr/intentions-de-vote-election-presidentielle-2017-15/,Elabe,,2017-05-04,2017-05-04,2017-05-04,1009,,Deuxième tour,Intentions de vote,Emmanuel Macron,62.0
,Elabe 4 mai (WP),http://elabe.fr/intentions-de-vote-election-presidentielle-2017-15/,Elabe,,2017-05-04,2017-05-04,2017-05-04,1009,,Deuxième tour,Intentions de vote,Marine Le Pen,38.0
,BVA 1-2 mai (WP),https://staticswww.bva-group.com/wp-content/uploads/2017/05/Intentions-de-vote-Vague-21-POP2017-02-Mai-2017-Pr%C3%A9sentation.pdf,BVA,,2017-05-01,2017-05-02,2017-05-02,1435,,Deuxième tour,Intentions de vote,Emmanuel Macron,60.0
,BVA 1-2 mai (WP),https://staticswww.bva-group.com/wp-content/uploads/2017/05/Intentions-de-vote-Vague-21-POP2017-02-Mai-2017-Pr%C3%A9sentation.pdf,BVA,,2017-05-01,2017-05-02,2017-05-02,1435,,Deuxième tour,Intentions de vote,Marine Le Pen,40.0
,Ifop 28 avril - 2 mai (WP),http://cdn1-new-parismatch.ladmedia.fr/var/ifop/02-05-2017.pdf,Ifop,,2017-04-28,2017-05-02,2017-05-02,1388,,Deuxième tour,Intentions de vote,Emmanuel Macron,59.5
,Ifop 28 avril - 2 mai (WP),http://cdn1-new-parismatch.ladmedia.fr/var/ifop/02-05-2017.pdf,Ifop,,2017-04-28,2017-05-02,2017-05-02,1388,,Deuxième tour,Intentions de vote,Marine Le Pen,40.5
,Odoxa 26-27 avril (WP),http://www.odoxa.fr/sondage/apres-whirlpool-de-melenchon-lecart-se-resserre-nettement-entre-2-finalistes/,Odoxa,,2017-04-26,2017-04-27,2017-04-27,1003,,Deuxième tour,Intentions de vote,Emmanuel Macron,59.0
,Odoxa 26-27 avril (WP),http://www.odoxa.fr/sondage/apres-whirlpool-de-melenchon-lecart-se-resserre-nettement-entre-2-finalistes/,Odoxa,,2017-04-26,2017-04-27,2017-04-27,1003,,Deuxième tour,Intentions de vote,Marine Le Pen,41.0
,Harris Interactive 25-27 avril (WP),http://harris-interactive.fr/wp-content/uploads/sites/6/2017/04/Rapport-Harris-Indeed-Intentions-de-vote-a-lelection-presidentielle-LCP.pdf,Harris Interactive,,2017-04-25,2017-04-27,2017-04-27,1016,,Deuxième tour,Intentions de vote,Emmanuel Macron,61.0
,Harris Interactive 25-27 avril (WP),http://harris-interactive.fr/wp-content/uploads/sites/6/2017/04/Rapport-Harris-Indeed-Intentions-de-vote-a-lelection-presidentielle-LCP.pdf,Harris Interactive,,2017-04-25,2017-04-27,2017-04-27,1016,,Deuxième tour,Intentions de vote,Marine Le Pen,39.0
,Opinion Way 23-27 avril (WP),http://opinionlab.opinion-way.com/dokumenty/PresiTRACK-OpinionWay-Orpi-Resultatsdelasemainedu24au28avril.pdf,Opinion Way,,2017-04-23,2017-04-27,2017-04-27,1500,,Deuxième tour,Intentions de vote,Emmanuel Macron,60.0
,Opinion Way 23-27 avril (WP),http://opinionlab.opinion-way.com/dokumenty/PresiTRACK-OpinionWay-Orpi-Resultatsdelasemainedu24au28avril.pdf,Opinion Way,,2017-04-23,2017-04-27,2017-04-27,1500,,Deuxième tour,Intentions de vote,Marine Le Pen,40.0
,Elabe 24 avril (WP),http://elabe.fr/intentions-de-vote-election-presidentielle-2017-13/,Elabe,,2017-04-24,2017-04-24,2017-04-24,967,,Deuxième tour,Intentions de vote,Emmanuel Macron,64.0
,Elabe 24 avril (WP),http://elabe.fr/intentions-de-vote-election-presidentielle-2017-13/,Elabe,,2017-04-24,2017-04-24,2017-04-24,967,,Deuxième tour,Intentions de vote,Marine Le Pen,36.0
,Ipsos 23 avril (WP),http://www.ipsos.fr/sites/default/files/article/ipsos_sopra_steria_les_francais_et_le_2nd_tour_macron-le_pen_23_avril_20.pdf,Ipsos,,2017-04-23,2017-04-23,2017-04-23,1379,,Deuxième tour,Intentions de vote,Emmanuel Macron,62.0
,Ipsos 23 avril (WP),http://www.ipsos.fr/sites/default/files/article/ipsos_sopra_steria_les_francais_et_le_2nd_tour_macron-le_pen_23_avril_20.pdf,Ipsos,,2017-04-23,2017-04-23,2017-04-23,1379,,Deuxième tour,Intentions de vote,Marine Le Pen,38.0
,Harris Interactive 23 avril (WP),http://harris-interactive.fr/wp-content/uploads/sites/6/2017/04/Rapport-Harris-avec-QO-Sondage-Soir-du-Vote-1er-tour-de-lelection-presidentielle-M61.pdf,Harris Interactive,,2017-04-23,2017-04-23,2017-04-23,2684,,Deuxième tour,Intentions de vote,Emmanuel Macron,64.0
,Harris Interactive 23 avril (WP),http://harris-interactive.fr/wp-content/uploads/sites/6/2017/04/Rapport-Harris-avec-QO-Sondage-Soir-du-Vote-1er-tour-de-lelection-presidentielle-M61.pdf,Harris Interactive,,2017-04-23,2017-04-23,2017-04-23,2684,,Deuxième tour,Intentions de vote,Marine Le Pen,36.0
,Ifop 18 au 21 avril 2017 (WP),http://cdn3-new-parismatch.ladmedia.fr/var/ifop/21-04-2017.pdf,Ifop,,2017-04-18,2017-04-21,2017-04-21,2823,,Deuxième tour,Sondages entre Emmanuel Macron et Marine Le Pen,Emmanuel Macron,60.5
,Ifop 18 au 21 avril 2017 (WP),http://cdn3-new-parismatch.ladmedia.fr/var/ifop/21-04-2017.pdf,Ifop,,2017-04-18,2017-04-21,2017-04-21,2823,,Deuxième tour,Sondages entre Emmanuel Macron et Marine Le Pen,Marine Le Pen,39.5
,Opinion Way 17 au 21 avril 2017 (WP),http://opinionlab.opinion-way.com/dokumenty/PresiTRACK-OpinionWay-Orpi-Resultatsdelasemainedu17au21avril.pdf,Opinion Way,,2017-04-17,2017-04-21,2017-04-21,1500,,Deuxième tour,Sondages entre Emmanuel Macron et Marine Le Pen,Emmanuel Macron,64.0
,Opinion Way 17 au 21 avril 2017 (WP),http://opinionlab.opinion-way.com/dokumenty/PresiTRACK-OpinionWay-Orpi-Resultatsdelasemainedu17au21avril.pdf,Opinion Way,,2017-04-17,2017-04-21,2017-04-21,1500,,Deuxième tour,Sondages entre Emmanuel Macron et Marine Le Pen,Marine Le Pen,36.0
,Harris Interactive 18 au 19 avril 2017 (WP),http://harris-interactive.fr/wp-content/uploads/sites/6/2017/04/Rapport-Harris-intentions-vote-presidentielle-france-televisions-20042017.pdf,Harris Interactive,,2017-04-18,2017-04-19,2017-04-19,2812,,Deuxième tour,Sondages entre Emmanuel Macron et Marine Le Pen,Emmanuel Macron,66.0
,Harris Interactive 18 au 19 avril 2017 (WP),http://harris-interactive.fr/wp-content/uploads/sites/6/2017/04/Rapport-Harris-intentions-vote-presidentielle-france-televisions-20042017.pdf,Harris Interactive,,2017-04-18,2017-04-19,2017-04-19,2812,,Deuxième tour,Sondages entre Emmanuel Macron et Marine Le Pen,Marine Le Pen,34.0
,BVA 18 au 19 avril 2017 (WP),http://www.youscribe.com/BookReader/Index/2826672?documentId=3059085,BVA,,2017-04-18,2017-04-19,2017-04-19,1427,,Deuxième tour,Sondages entre Emmanuel Macron et Marine Le Pen,Emmanuel Macron,65.0
,BVA 18 au 19 avril 2017 (WP),http://www.youscribe.com/BookReader/Index/2826672?documentId=3059085,BVA,,2017-04-18,2017-04-19,2017-04-19,1427,,Deuxième tour,Sondages entre Emmanuel Macron et Marine Le Pen,Marine Le Pen,35.0
,Ipsos 16 au 17 avril 2017 (WP),https://www.enef.fr/app/download/15534147525/ENEF_vague13_avril2017.pdf?t=1492592203,Ipsos,,2017-04-16,2017-04-17,2017-04-17,8274,,Deuxième tour,Sondages entre Emmanuel Macron et Marine Le Pen,Emmanuel Macron,61.0
,Ipsos 16 au 17 avril 2017 (WP),https://www.enef.fr/app/download/15534147525/ENEF_vague13_avril2017.pdf?t=1492592203,Ipsos,,2017-04-16,2017-04-17,2017-04-17,8274,,Deuxième tour,Sondages entre Emmanuel Macron et Marine Le Pen,Marine Le Pen,39.0
,Elabe 16 au 17 avril 2017 (WP),http://elabe.fr/intentions-de-vote-election-presidentielle-2017-11/,Elabe,,2017-04-16,2017-04-17,2017-04-17,1438,,Deuxième tour,Sondages entre Emmanuel Macron et Marine Le Pen,Emmanuel Macron,62.0
,Elabe 16 au 17 avril 2017 (WP),http://elabe.fr/intentions-de-vote-election-presidentielle-2017-11/,Elabe,,2017-04-16,2017-04-17,2017-04-17,1438,,Deuxième tour,Sondages entre Emmanuel Macron et Marine Le Pen,Marine Le Pen,38.0
,TNS Sofres 14 au 17 avril 2017 (WP),http://fr.kantar.com/elections/presidentielle/2017/intentions-de-vote-l-hypothese-d-un-match-a-quatre-se-confirme/,TNS Sofres,,2017-04-14,2017-04-17,2017-04-17,1530,,Deuxième tour,Sondages entre Emmanuel Macron et Marine Le Pen,Emmanuel Macron,61.0
,TNS Sofres 14 au 17 avril 2017 (WP),http://fr.kantar.com/elections/presidentielle/2017/intentions-de-vote-l-hypothese-d-un-match-a-quatre-se-confirme/,TNS Sofres,,2017-04-14,2017-04-17,2017-04-17,1530,,Deuxième tour,Sondages entre Emmanuel Macron et Marine Le Pen,Marine Le Pen,39.0
,BVA 12 au 14 avril (WP),http://www.youscribe.com/BookReader/Index/2825592?documentId=3057443,BVA,,,,,1439,,Deuxième tour,Sondages entre Emmanuel Macron et Marine Le Pen,Emmanuel Macron,64.0
,BVA 12 au 14 avril (WP),http://www.youscribe.com/BookReader/Index/2825592?documentId=3057443,BVA,,,,,1439,,Deuxième tour,Sondages entre Emmanuel Macron et Marine Le Pen,Marine Le Pen,36.0
,Ifop 11 au 14 avril 2017 (WP),http://cdn1-new-parismatch.ladmedia.fr/var/ifop/14-04-2017.pdf?version=14aa3f6b,Ifop,,2017-04-11,2017-04-14,2017-04-14,2776,,Deuxième tour,Sondages entre Emmanuel Macron et Marine Le Pen,Emmanuel Macron,59.0
,Ifop 11 au 14 avril 2017 (WP),http://cdn1-new-parismatch.ladmedia.fr/var/ifop/14-04-2017.pdf?version=14aa3f6b,Ifop,,2017-04-11,2017-04-14,2017-04-14,2776,,Deuxième tour,Sondages entre Emmanuel Macron et Marine Le Pen,Marine Le Pen,41.0
,Odoxa 12 au 13 avril 2017 (WP),http://www.odoxa.fr/sondage/presidentielle-lincertitude-totale-1er-tour-bien-2nd-tour-macron-se-qualifiait/,Odoxa,,2017-04-12,2017-04-13,2017-04-13,1001,,Deuxième tour,Sondages entre Emmanuel Macron et Marine Le Pen,Emmanuel Macron,61.0
,Odoxa 12 au 13 avril 2017 (WP),http://www.odoxa.fr/sondage/presidentielle-lincertitude-totale-1er-tour-bien-2nd-tour-macron-se-qualifiait/,Odoxa,,2017-04-12,2017-04-13,2017-04-13,1001,,Deuxième tour,Sondages entre Emmanuel Macron et Marine Le Pen,Marine Le Pen,39.0
,Harris Interactive 11 au 13 avril 2017 (WP),http://harris-interactive.fr/wp-content/uploads/sites/6/2017/04/Rapport-Harris-Indeed-Intentions-vote-election-presidentielle-LCP.pdf,Harris Interactive,,2017-04-11,2017-04-13,2017-04-13,1002,,Deuxième tour,Sondages entre Emmanuel Macron et Marine Le Pen,Emmanuel Macron,67.0
,Harris Interactive 11 au 13 avril 2017 (WP),http://harris-interactive.fr/wp-content/uploads/sites/6/2017/04/Rapport-Harris-Indeed-Intentions-vote-election-presidentielle-LCP.pdf,Harris Interactive,,2017-04-11,2017-04-13,2017-04-13,1002,,Deuxième tour,Sondages entre Emmanuel Macron et Marine Le Pen,Marine Le Pen,33.0
,Opinion Way 7 au 13 avril 2017 (WP),http://opinionlab.opinion-way.com/dokumenty/PresiTRACK-OpinionWay-Orpi-Resultatsdu10au14avril.pdf,Opinion Way,,2017-04-07,2017-04-13,2017-04-13,1500,,Deuxième tour,Sondages entre Emmanuel Macron et Marine Le Pen,Emmanuel Macron,62.0
,Opinion Way 7 au 13 avril 2017 (WP),http://opinionlab.opinion-way.com/dokumenty/PresiTRACK-OpinionWay-Orpi-Resultatsdu10au14avril.pdf,Opinion Way,,2017-04-07,2017-04-13,2017-04-13,1500,,Deuxième tour,Sondages entre Emmanuel Macron et Marine Le Pen,Marine Le Pen,38.0
,Ifop 7 au 11 avril 2017 (WP),http://www.parismatch.com/La-presidentielle-en-temps-reel,Ifop,,2017-04-07,2017-04-11,2017-04-11,2806,,Deuxième tour,Sondages entre Emmanuel Macron et Marine Le Pen,Emmanuel Macron,58.5
,Ifop 7 au 11 avril 2017 (WP),http://www.parismatch.com/La-presidentielle-en-temps-reel,Ifop,,2017-04-07,2017-04-11,2017-04-11,2806,,Deuxième tour,Sondages entre Emmanuel Macron et Marine Le Pen,Marine Le Pen,41.5
,Elabe 9 au 10 avril 2017 (WP),http://elabe.fr/wp-content/uploads/2017/04/11042017_bfmtv_lexpress_intentions-de-vote-presidentielles-vague-8.pdf,Elabe,,2017-04-09,2017-04-10,2017-04-10,807,,Deuxième tour,Sondages entre Emmanuel Macron et Marine Le Pen,Emmanuel Macron,64.0
,Elabe 9 au 10 avril 2017 (WP),http://elabe.fr/wp-content/uploads/2017/04/11042017_bfmtv_lexpress_intentions-de-vote-presidentielles-vague-8.pdf,Elabe,,2017-04-09,2017-04-10,2017-04-10,807,,Deuxième tour,Sondages entre Emmanuel Macron et Marine Le Pen,Marine Le Pen,36.0
,Ipsos 7 au 9 avril 2017 (WP),http://www.ipsos.fr/decrypter-societe/2017-04-11-presidentielle-2017-jean-luc-melenchon-poursuit-sa-progression,Ipsos,,2017-04-07,2017-04-09,2017-04-09,1604,,Deuxième tour,Sondages entre Emmanuel Macron et Marine Le Pen,Emmanuel Macron,62.0
,Ipsos 7 au 9 avril 2017 (WP),http://www.ipsos.fr/decrypter-societe/2017-04-11-presidentielle-2017-jean-luc-melenchon-poursuit-sa-progression,Ipsos,,2017-04-07,2017-04-09,2017-04-09,1604,,Deuxième tour,Sondages entre Emmanuel Macron et Marine Le Pen,Marine Le Pen,38.0
,TNS Sofres 5 au 7 avril 2017 (WP),http://fr.kantar.com/elections/presidentielle/2017/intentions-de-vote-forte-percee-de-jean-luc-melenchon/,TNS Sofres,,2017-04-05,2017-04-07,2017-04-07,1515,,Deuxième tour,Sondages entre Emmanuel Macron et Marine Le Pen,Emmanuel Macron,61.0
,TNS Sofres 5 au 7 avril 2017 (WP),http://fr.kantar.com/elections/presidentielle/2017/intentions-de-vote-forte-percee-de-jean-luc-melenchon/,TNS Sofres,,2017-04-05,2017-04-07,2017-04-07,1515,,Deuxième tour,Sondages entre Emmanuel Macron et Marine Le Pen,Marine Le Pen,39.0
,BVA 5 au 7 avril 2017 (WP),http://www.bva-group.com/sondages/16eme-vague-dintentions-de-vote-a-3-semaines-de-lelection-presidentielle/,BVA,,2017-04-05,2017-04-07,2017-04-07,1421,,Deuxième tour,Sondages entre Emmanuel Macron et Marine Le Pen,Emmanuel Macron,61.0
,BVA 5 au 7 avril 2017 (WP),http://www.bva-group.com/sondages/16eme-vague-dintentions-de-vote-a-3-semaines-de-lelection-presidentielle/,BVA,,2017-04-05,2017-04-07,2017-04-07,1421,,Deuxième tour,Sondages entre Emmanuel Macron et Marine Le Pen,Marine Le Pen,39.0
,Odoxa 5 avril 2017 (WP),http://www.odoxa.fr/sondage/redevient-possible-presidentielle-tourne-match-a-quatre/,Odoxa,,2017-04-05,2017-04-05,2017-04-05,1001,,Deuxième tour,Sondages entre Emmanuel Macron et Marine Le Pen,Emmanuel Macron,61.0
,Odoxa 5 avril 2017 (WP),http://www.odoxa.fr/sondage/redevient-possible-presidentielle-tourne-match-a-quatre/,Odoxa,,2017-04-05,2017-04-05,2017-04-05,1001,,Deuxième tour,Sondages entre Emmanuel Macron et Marine Le Pen,Marine Le Pen,39.0
,Ifop 3 au 6 avril 2017 (WP),http://dataviz.ifop.com:8080/IFOP_ROLLING/IFOP_06-04-2017.pdf,Ifop,,2017-04-03,2017-04-06,2017-04-06,2243,,Deuxième tour,Sondages entre Emmanuel Macron et Marine Le Pen,Emmanuel Macron,60.0
,Ifop 3 au 6 avril 2017 (WP),http://dataviz.ifop.com:8080/IFOP_ROLLING/IFOP_06-04-2017.pdf,Ifop,,2017-04-03,2017-04-06,2017-04-06,2243,,Deuxième tour,Sondages entre Emmanuel Macron et Marine Le Pen,Marine Le Pen,40.0
,Opinion Way au 6 avril 2017 (WP),http://opinionlab.opinion-way.com/dokumenty/PresiTRACK-OpinionWay-Orpi-Resultats-semaine-3au7avril.pdf,Opinion Way,,,,,1500,,Deuxième tour,Sondages entre Emmanuel Macron et Marine Le Pen,Emmanuel Macron,62.0
,Opinion Way au 6 avril 2017 (WP),http://opinionlab.opinion-way.com/dokumenty/PresiTRACK-OpinionWay-Orpi-Resultats-semaine-3au7avril.pdf,Opinion Way,,,,,1500,,Deuxième tour,Sondages entre Emmanuel Macron et Marine Le Pen,Marine Le Pen,38.0
,Ifop 30 mars au 3 avril 2017 (WP),http://cdn1-new-parismatch.ladmedia.fr/var/ifop/03-04-2017.pdf?version=14aa3f6b,Ifop,,2017-03-30,2017-04-03,2017-04-03,2232,,Deuxième tour,Sondages entre Emmanuel Macron et Marine Le Pen,Emmanuel Macron,60.0
,Ifop 30 mars au 3 avril 2017 (WP),http://cdn1-new-parismatch.ladmedia.fr/var/ifop/03-04-2017.pdf?version=14aa3f6b,Ifop,,2017-03-30,2017-04-03,2017-04-03,2232,,Deuxième tour,Sondages entre Emmanuel Macron et Marine Le Pen,Marine Le Pen,40.0
,Ipsos 31 mars au 2 avril 2017 (WP),http://www.ipsos.fr/sites/default/files/doc_associe/cevipof_vague12bis.pdf,Ipsos,,2017-03-31,2017-04-02,2017-04-02,9460,,Deuxième tour,Sondages entre Emmanuel Macron et Marine Le Pen,Emmanuel Macron,61.0
,Ipsos 31 mars au 2 avril 2017 (WP),http://www.ipsos.fr/sites/default/files/doc_associe/cevipof_vague12bis.pdf,Ipsos,,2017-03-31,2017-04-02,2017-04-02,9460,,Deuxième tour,Sondages entre Emmanuel Macron et Marine Le Pen,Marine Le Pen,39.0
,Odoxa 29 au 30 mars 2017 (WP),http://www.odoxa.fr/sondage/bombe-melenchon-talonne-fillon-tomber-hamon-10/,Odoxa,,2017-03-29,2017-03-30,2017-03-30,969,,Deuxième tour,Sondages entre Emmanuel Macron et Marine Le Pen,Emmanuel Macron,59.0
,Odoxa 29 au 30 mars 2017 (WP),http://www.odoxa.fr/sondage/bombe-melenchon-talonne-fillon-tomber-hamon-10/,Odoxa,,2017-03-29,2017-03-30,2017-03-30,969,,Deuxième tour,Sondages entre Emmanuel Macron et Marine Le Pen,Marine Le Pen,41.0
,Opinion Way 24 au 30 mars 2017 (WP),http://opinionlab.opinion-way.com/dokumenty/Presitrack-synthese-27au31mars.pdf,Opinion Way,,2017-03-24,2017-03-30,2017-03-30,1500,,Deuxième tour,Sondages entre Emmanuel Macron et Marine Le Pen,Emmanuel Macron,63.0
,Opinion Way 24 au 30 mars 2017 (WP),http://opinionlab.opinion-way.com/dokumenty/Presitrack-synthese-27au31mars.pdf,Opinion Way,,2017-03-24,2017-03-30,2017-03-30,1500,,Deuxième tour,Sondages entre Emmanuel Macron et Marine Le Pen,Marine Le Pen,37.0
,Elabe 28 au 29 mars 2017 (WP),http://elabe.fr/wp-content/uploads/2017/03/29032017_bfmtv_lexpress_intentions-de-vote-presidentielles-vague-6.pdf,Elabe,,2017-03-28,2017-03-29,2017-03-29,1040,,Deuxième tour,Sondages entre Emmanuel Macron et Marine Le Pen,Emmanuel Macron,63.0
,Elabe 28 au 29 mars 2017 (WP),http://elabe.fr/wp-content/uploads/2017/03/29032017_bfmtv_lexpress_intentions-de-vote-presidentielles-vague-6.pdf,Elabe,,2017-03-28,2017-03-29,2017-03-29,1040,,Deuxième tour,Sondages entre Emmanuel Macron et Marine Le Pen,Marine Le Pen,37.0
,Ifop 26 au 29 mars 2017 (WP),http://cdn1-new-parismatch.ladmedia.fr/var/ifop/29-03-2017.pdf?version=14aa3f6b,Ifop,,2017-03-26,2017-03-29,2017-03-29,2241,,Deuxième tour,Sondages entre Emmanuel Macron et Marine Le Pen,Emmanuel Macron,60.0
,Ifop 26 au 29 mars 2017 (WP),http://cdn1-new-parismatch.ladmedia.fr/var/ifop/29-03-2017.pdf?version=14aa3f6b,Ifop,,2017-03-26,2017-03-29,2017-03-29,2241,,Deuxième tour,Sondages entre Emmanuel Macron et Marine Le Pen,Marine Le Pen,40.0
,Ipsos 25 au 27 mars 2017 (WP),http://www.ipsos.fr/decrypter-societe/2017-03-28-presidentielle-2017-l-etat-d-esprit-francais-4-semaines-l-election-presidentielle,Ipsos,,2017-03-25,2017-03-27,2017-03-27,1005,,Deuxième tour,Sondages entre Emmanuel Macron et Marine Le Pen,Emmanuel Macron,62.0
,Ipsos 25 au 27 mars 2017 (WP),http://www.ipsos.fr/decrypter-societe/2017-03-28-presidentielle-2017-l-etat-d-esprit-francais-4-semaines-l-election-presidentielle,Ipsos,,2017-03-25,2017-03-27,2017-03-27,1005,,Deuxième tour,Sondages entre Emmanuel Macron et Marine Le Pen,Marine Le Pen,38.0
,BVA 22 au 24 mars 2017 (WP),http://www.bva-group.com/wp-content/uploads/2017/03/fichier_intentions_de_vote_-_vague_14_-_pop2017_-_25_mars_2017_-_presentationdcc7f.pdf,BVA,,2017-03-22,2017-03-24,2017-03-24,1431,,Deuxième tour,Sondages entre Emmanuel Macron et Marine Le Pen,Emmanuel Macron,62.0
,BVA 22 au 24 mars 2017 (WP),http://www.bva-group.com/wp-content/uploads/2017/03/fichier_intentions_de_vote_-_vague_14_-_pop2017_-_25_mars_2017_-_presentationdcc7f.pdf,BVA,,2017-03-22,2017-03-24,2017-03-24,1431,,Deuxième tour,Sondages entre Emmanuel Macron et Marine Le Pen,Marine Le Pen,38.0
,Ifop 21 au 24 mars 2017 (WP),http://cdn2-new-parismatch.ladmedia.fr/var/ifop/24-03-2017.pdf?version=14aa3f6b,Ifop,,2017-03-21,2017-03-24,2017-03-24,2225,,Deuxième tour,Sondages entre Emmanuel Macron et Marine Le Pen,Emmanuel Macron,61.5
,Ifop 21 au 24 mars 2017 (WP),http://cdn2-new-parismatch.ladmedia.fr/var/ifop/24-03-2017.pdf?version=14aa3f6b,Ifop,,2017-03-21,2017-03-24,2017-03-24,2225,,Deuxième tour,Sondages entre Emmanuel Macron et Marine Le Pen,Marine Le Pen,38.5
,Opinion Way 17 au 23 mars 2017 (WP),http://opinionlab.opinion-way.com/dokumenty/PresiTRACK-OpinionWay-Orpi-Resultats-de-la-semaine20-24-03.pdf,Opinion Way,,2017-03-17,2017-03-23,2017-03-23,1500,,Deuxième tour,Sondages entre Emmanuel Macron et Marine Le Pen,Emmanuel Macron,63.0
,Opinion Way 17 au 23 mars 2017 (WP),http://opinionlab.opinion-way.com/dokumenty/PresiTRACK-OpinionWay-Orpi-Resultats-de-la-semaine20-24-03.pdf,Opinion Way,,2017-03-17,2017-03-23,2017-03-23,1500,,Deuxième tour,Sondages entre Emmanuel Macron et Marine Le Pen,Marine Le Pen,37.0
,Harris Interactive 21 au 22 mars 2017 (WP),http://harris-interactive.fr/wp-content/uploads/sites/6/2017/03/Rapport-Intentions-de-vote-election-presidentielle-France-TV.pdf,Harris Interactive,,2017-03-21,2017-03-22,2017-03-22,6383,,Deuxième tour,Sondages entre Emmanuel Macron et Marine Le Pen,Emmanuel Macron,65.0
,Harris Interactive 21 au 22 mars 2017 (WP),http://harris-interactive.fr/wp-content/uploads/sites/6/2017/03/Rapport-Intentions-de-vote-election-presidentielle-France-TV.pdf,Harris Interactive,,2017-03-21,2017-03-22,2017-03-22,6383,,Deuxième tour,Sondages entre Emmanuel Macron et Marine Le Pen,Marine Le Pen,35.0
,Elabe 21 mars 2017 (WP),http://elabe.fr/intentions-de-vote-election-presidentielle-2017-6/,Elabe,,2017-03-21,2017-03-21,2017-03-21,1050,,Deuxième tour,Sondages entre Emmanuel Macron et Marine Le Pen,Emmanuel Macron,64.0
,Elabe 21 mars 2017 (WP),http://elabe.fr/intentions-de-vote-election-presidentielle-2017-6/,Elabe,,2017-03-21,2017-03-21,2017-03-21,1050,,Deuxième tour,Sondages entre Emmanuel Macron et Marine Le Pen,Marine Le Pen,36.0
,Ifop 18 au 21 mars 2017 (WP),http://dataviz.ifop.com:8080/IFOP_ROLLING/IFOP_21-03-2017.pdf,Ifop,,2017-03-18,2017-03-21,2017-03-21,1695,,Deuxième tour,Sondages entre Emmanuel Macron et Marine Le Pen,Emmanuel Macron,60.5
,Ifop 18 au 21 mars 2017 (WP),http://dataviz.ifop.com:8080/IFOP_ROLLING/IFOP_21-03-2017.pdf,Ifop,,2017-03-18,2017-03-21,2017-03-21,1695,,Deuxième tour,Sondages entre Emmanuel Macron et Marine Le Pen,Marine Le Pen,39.5
,Elabe 17 au 19 mars 2017 (WP),http://elabe.fr/intentions-de-vote-election-presidentielle-2017-5/,Elabe,,2017-03-17,2017-03-19,2017-03-19,3010,,Deuxième tour,Sondages entre Emmanuel Macron et Marine Le Pen,Emmanuel Macron,63.0
,Elabe 17 au 19 mars 2017 (WP),http://elabe.fr/intentions-de-vote-election-presidentielle-2017-5/,Elabe,,2017-03-17,2017-03-19,2017-03-19,3010,,Deuxième tour,Sondages entre Emmanuel Macron et Marine Le Pen,Marine Le Pen,37.0
,BVA 15 au 17 mars 2017 (WP),http://www.bva.fr/data/sondage/sondage_fiche/1962/fichier_intentions_de_vote_-_vague_13_-_pop2017_-_18_mars_2017_-_presentationd5dd0.pdf,BVA,,2017-03-15,2017-03-17,2017-03-17,1501,,Deuxième tour,Sondages entre Emmanuel Macron et Marine Le Pen,Emmanuel Macron,62.0
,BVA 15 au 17 mars 2017 (WP),http://www.bva.fr/data/sondage/sondage_fiche/1962/fichier_intentions_de_vote_-_vague_13_-_pop2017_-_18_mars_2017_-_presentationd5dd0.pdf,BVA,,2017-03-15,2017-03-17,2017-03-17,1501,,Deuxième tour,Sondages entre Emmanuel Macron et Marine Le Pen,Marine Le Pen,38.0
,Opinion Way 13 au 17 mars 2017 (WP),http://opinionlab.opinion-way.com/dokumenty/PresiTRACK-OpinionWay-Orpi-semaine-13-17mars.pdf,Opinion Way,,2017-03-13,2017-03-17,2017-03-17,1500,,Deuxième tour,Sondages entre Emmanuel Macron et Marine Le Pen,Emmanuel Macron,59.0
,Opinion Way 13 au 17 mars 2017 (WP),http://opinionlab.opinion-way.com/dokumenty/PresiTRACK-OpinionWay-Orpi-semaine-13-17mars.pdf,Opinion Way,,2017-03-13,2017-03-17,2017-03-17,1500,,Deuxième tour,Sondages entre Emmanuel Macron et Marine Le Pen,Marine Le Pen,41.0
,Ifop 12 au 15 mars 2017 (WP),http://cdn2-new-parismatch.ladmedia.fr/var/ifop/15-03-2017.pdf,Ifop,,2017-03-12,2017-03-15,2017-03-15,1399,,Deuxième tour,Sondages entre Emmanuel Macron et Marine Le Pen,Emmanuel Macron,61.5
,Ifop 12 au 15 mars 2017 (WP),http://cdn2-new-parismatch.ladmedia.fr/var/ifop/15-03-2017.pdf,Ifop,,2017-03-12,2017-03-15,2017-03-15,1399,,Deuxième tour,Sondages entre Emmanuel Macron et Marine Le Pen,Marine Le Pen,38.5
,BVA 8 au 10 mars 2017 (WP),"http://www.midilibre.fr/2017/03/10/sondage-bva-midi-libre-macron-en-progression-face-a-marine-le-pen,1477352.php",BVA,,2017-03-08,2017-03-10,2017-03-10,1419,,Deuxième tour,Sondages entre Emmanuel Macron et Marine Le Pen,Emmanuel Macron,61.0
,BVA 8 au 10 mars 2017 (WP),"http://www.midilibre.fr/2017/03/10/sondage-bva-midi-libre-macron-en-progression-face-a-marine-le-pen,1477352.php",BVA,,2017-03-08,2017-03-10,2017-03-10,1419,,Deuxième tour,Sondages entre Emmanuel Macron et Marine Le Pen,Marine Le Pen,39.0
,Ifop 7 au 10 mars 2017 (WP),http://cdn1-new-parismatch.ladmedia.fr/var/ifop/10-03-2017.pdf,Ifop,,2017-03-07,2017-03-10,2017-03-10,1379,,Deuxième tour,Sondages entre Emmanuel Macron et Marine Le Pen,Emmanuel Macron,60.5
,Ifop 7 au 10 mars 2017 (WP),http://cdn1-new-parismatch.ladmedia.fr/var/ifop/10-03-2017.pdf,Ifop,,2017-03-07,2017-03-10,2017-03-10,1379,,Deuxième tour,Sondages entre Emmanuel Macron et Marine Le Pen,Marine Le Pen,39.5
,Opinion Way 3 au 9 mars 2017 (WP),http://opinionlab.opinion-way.com/dokumenty/PresiTRACK-06au10-03.pdf,Opinion Way,,2017-03-03,2017-03-09,2017-03-09,1500,,Deuxième tour,Sondages entre Emmanuel Macron et Marine Le Pen,Emmanuel Macron,65.0
,Opinion Way 3 au 9 mars 2017 (WP),http://opinionlab.opinion-way.com/dokumenty/PresiTRACK-06au10-03.pdf,Opinion Way,,2017-03-03,2017-03-09,2017-03-09,1500,,Deuxième tour,Sondages entre Emmanuel Macron et Marine Le Pen,Marine Le Pen,35.0
,Harris Interactive 6 au 8 mars 2017 (WP),http://harris-interactive.fr/wp-content/uploads/sites/6/2017/03/Rapport-Harris-Intentions-vote-election-presidentielle-France-TV-2.pdf,Harris Interactive,,2017-03-06,2017-03-08,2017-03-08,4533,,Deuxième tour,Sondages entre Emmanuel Macron et Marine Le Pen,Emmanuel Macron,65.0
,Harris Interactive 6 au 8 mars 2017 (WP),http://harris-interactive.fr/wp-content/uploads/sites/6/2017/03/Rapport-Harris-Intentions-vote-election-presidentielle-France-TV-2.pdf,Harris Interactive,,2017-03-06,2017-03-08,2017-03-08,4533,,Deuxième tour,Sondages entre Emmanuel Macron et Marine Le Pen,Marine Le Pen,35.0
,Ipsos 1 au 5 mars 2017 (WP),https://www.enef.fr/données-et-résultats/,Ipsos,,2017-03-01,2017-03-05,2017-03-05,15887,,Deuxième tour,Sondages entre Emmanuel Macron et Marine Le Pen,Emmanuel Macron,62.0
,Ipsos 1 au 5 mars 2017 (WP),https://www.enef.fr/données-et-résultats/,Ipsos,,2017-03-01,2017-03-05,2017-03-05,15887,,Deuxième tour,Sondages entre Emmanuel Macron et Marine Le Pen,Marine Le Pen,38.0
,Ifop 3 au 7 mars 2017 (WP),http://cdn1-new-parismatch.ladmedia.fr/var/ifop/07-03-2017.pdf,Ifop,,2017-03-03,2017-03-07,2017-03-07,1390,,Deuxième tour,Sondages entre Emmanuel Macron et Marine Le Pen,Emmanuel Macron,61.5
,Ifop 3 au 7 mars 2017 (WP),http://cdn1-new-parismatch.ladmedia.fr/var/ifop/07-03-2017.pdf,Ifop,,2017-03-03,2017-03-07,2017-03-07,1390,,Deuxième tour,Sondages entre Emmanuel Macron et Marine Le Pen,Marine Le Pen,38.5
,Elabe 5 au 6 mars 2017 (WP),http://elabe.fr/wp-content/uploads/2017/03/07032017_bfmtv_lexpress_intentions-de-vote-presidentielles-vague-3-1.pdf,Elabe,,2017-03-05,2017-03-06,2017-03-06,1052,,Deuxième tour,Sondages entre Emmanuel Macron et Marine Le Pen,Emmanuel Macron,60.0
,Elabe 5 au 6 mars 2017 (WP),http://elabe.fr/wp-content/uploads/2017/03/07032017_bfmtv_lexpress_intentions-de-vote-presidentielles-vague-3-1.pdf,Elabe,,2017-03-05,2017-03-06,2017-03-06,1052,,Deuxième tour,Sondages entre Emmanuel Macron et Marine Le Pen,Marine Le Pen,40.0
,Opinion Way 27 février au 3 mars 2017 (WP),http://opinionlab.opinion-way.com/dokumenty/PresiTRACK-27-02au03-03.pdf,Opinion Way,,2017-02-27,2017-03-03,2017-03-03,1500,,Deuxième tour,Sondages entre Emmanuel Macron et Marine Le Pen,Emmanuel Macron,62.0
,Opinion Way 27 février au 3 mars 2017 (WP),http://opinionlab.opinion-way.com/dokumenty/PresiTRACK-27-02au03-03.pdf,Opinion Way,,2017-02-27,2017-03-03,2017-03-03,1500,,Deuxième tour,Sondages entre Emmanuel Macron et Marine Le Pen,Marine Le Pen,38.0
,BVA 28 février au 2 mars 2017 (WP),http://www.bva-group.com/sondages/intentions-de-vote-a-de-2-mois-de-lelection-presidentielle/,BVA,,2017-02-28,2017-03-02,2017-03-02,855,,Deuxième tour,Sondages entre Emmanuel Macron et Marine Le Pen,Emmanuel Macron,62.0
,BVA 28 février au 2 mars 2017 (WP),http://www.bva-group.com/sondages/intentions-de-vote-a-de-2-mois-de-lelection-presidentielle/,BVA,,2017-02-28,2017-03-02,2017-03-02,855,,Deuxième tour,Sondages entre Emmanuel Macron et Marine Le Pen,Marine Le Pen,38.0
,Elabe 28 février au 2 mars 2017 (WP),http://elabe.fr/wp-content/uploads/2017/03/02032017_les_echos_radio_classique_intentions-de-vote-presidentielles-vague-7.pdf,Elabe,,2017-02-28,2017-03-02,2017-03-02,1591,,Deuxième tour,Sondages entre Emmanuel Macron et Marine Le Pen,Emmanuel Macron,62.0
,Elabe 28 février au 2 mars 2017 (WP),http://elabe.fr/wp-content/uploads/2017/03/02032017_les_echos_radio_classique_intentions-de-vote-presidentielles-vague-7.pdf,Elabe,,2017-02-28,2017-03-02,2017-03-02,1591,,Deuxième tour,Sondages entre Emmanuel Macron et Marine Le Pen,Marine Le Pen,38.0
,TNS Sofres 23 au 24 février 2017 (WP),http://www.rtl.fr/actu/politique/presidentielle-2017-macron-creuse-l-ecart-avec-fillon-le-pen-progresse-7787422991,TNS Sofres,,2017-02-23,2017-02-24,2017-02-24,1005,,Deuxième tour,Sondages entre Emmanuel Macron et Marine Le Pen,Emmanuel Macron,58.0
,TNS Sofres 23 au 24 février 2017 (WP),http://www.rtl.fr/actu/politique/presidentielle-2017-macron-creuse-l-ecart-avec-fillon-le-pen-progresse-7787422991,TNS Sofres,,2017-02-23,2017-02-24,2017-02-24,1005,,Deuxième tour,Sondages entre Emmanuel Macron et Marine Le Pen,Marine Le Pen,42.0
,Odoxa 22 au 23 février 2017 (WP),http://www.odoxa.fr/sondage/presidentielle-grace-a-bayrou-macron-reprend-lavantage-fillon-redevient-favori/,Odoxa,,2017-02-22,2017-02-23,2017-02-23,879,,Deuxième tour,Sondages entre Emmanuel Macron et Marine Le Pen,Emmanuel Macron,61.0
,Odoxa 22 au 23 février 2017 (WP),http://www.odoxa.fr/sondage/presidentielle-grace-a-bayrou-macron-reprend-lavantage-fillon-redevient-favori/,Odoxa,,2017-02-22,2017-02-23,2017-02-23,879,,Deuxième tour,Sondages entre Emmanuel Macron et Marine Le Pen,Marine Le Pen,39.0
,Ifop 21 au 24 février 2017 (WP),http://cdn2-new-parismatch.ladmedia.fr/var/ifop/24-02-2017.pdf,Ifop,,2017-02-21,2017-02-24,2017-02-24,1417,,Deuxième tour,Sondages entre Emmanuel Macron et Marine Le Pen,Emmanuel Macron,61.5
,Ifop 21 au 24 février 2017 (WP),http://cdn2-new-parismatch.ladmedia.fr/var/ifop/24-02-2017.pdf,Ifop,,2017-02-21,2017-02-24,2017-02-24,1417,,Deuxième tour,Sondages entre Emmanuel Macron et Marine Le Pen,Marine Le Pen,38.5
,Opinion Way 20 au 24 février 2017 (WP),http://opinionlab.opinion-way.com/dokumenty/PresiTRACK-OpinionWay-ORPI-Resultats-de-la-semaine-du-20-au-24-02.pdf,Opinion Way,,2017-02-20,2017-02-24,2017-02-24,1500,,Deuxième tour,Sondages entre Emmanuel Macron et Marine Le Pen,Emmanuel Macron,61.0
,Opinion Way 20 au 24 février 2017 (WP),http://opinionlab.opinion-way.com/dokumenty/PresiTRACK-OpinionWay-ORPI-Resultats-de-la-semaine-du-20-au-24-02.pdf,Opinion Way,,2017-02-20,2017-02-24,2017-02-24,1500,,Deuxième tour,Sondages entre Emmanuel Macron et Marine Le Pen,Marine Le Pen,39.0
,Harris Interactive 20 au 22 février 2017 (WP),http://harris-interactive.fr/wp-content/uploads/sites/6/2017/02/Note-Harris-Intentions-vote-election-presidentielle-France-TV.pdf,Harris Interactive,,2017-02-20,2017-02-22,2017-02-22,5249,,Deuxième tour,Sondages entre Emmanuel Macron et Marine Le Pen,Emmanuel Macron,60.0
,Harris Interactive 20 au 22 février 2017 (WP),http://harris-interactive.fr/wp-content/uploads/sites/6/2017/02/Note-Harris-Intentions-vote-election-presidentielle-France-TV.pdf,Harris Interactive,,2017-02-20,2017-02-22,2017-02-22,5249,,Deuxième tour,Sondages entre Emmanuel Macron et Marine Le Pen,Marine Le Pen,40.0
,Ifop 17 au 21 février 2017 (WP),http://cdn-new-parismatch.ladmedia.fr/var/ifop/21-02-2017.pdf,Ifop,,2017-02-17,2017-02-21,2017-02-21,1386,,Deuxième tour,Sondages entre Emmanuel Macron et Marine Le Pen,Emmanuel Macron,61.0
,Ifop 17 au 21 février 2017 (WP),http://cdn-new-parismatch.ladmedia.fr/var/ifop/21-02-2017.pdf,Ifop,,2017-02-17,2017-02-21,2017-02-21,1386,,Deuxième tour,Sondages entre Emmanuel Macron et Marine Le Pen,Marine Le Pen,39.0
,BVA 19 au 20 février 2017 (WP),http://www.bva-group.com/wp-content/uploads/2017/02/Intentions-de-vote-Vague-10-POP2017-23-F%C3%A9vrier-2017-Pr%C3%A9sentation.pdf,BVA,,2017-02-19,2017-02-20,2017-02-20,940,,Deuxième tour,Sondages entre Emmanuel Macron et Marine Le Pen,Emmanuel Macron,61.0
,BVA 19 au 20 février 2017 (WP),http://www.bva-group.com/wp-content/uploads/2017/02/Intentions-de-vote-Vague-10-POP2017-23-F%C3%A9vrier-2017-Pr%C3%A9sentation.pdf,BVA,,2017-02-19,2017-02-20,2017-02-20,940,,Deuxième tour,Sondages entre Emmanuel Macron et Marine Le Pen,Marine Le Pen,39.0
,Opinion Way 13 au 17 février 2017 (WP),http://opinionlab.opinion-way.com/dokumenty/PresiTRACK-OpinionWay-ORPI-Resultats-semaine13-17-fev.pdf,Opinion Way,,2017-02-13,2017-02-17,2017-02-17,1500,,Deuxième tour,Sondages entre Emmanuel Macron et Marine Le Pen,Emmanuel Macron,60.0
,Opinion Way 13 au 17 février 2017 (WP),http://opinionlab.opinion-way.com/dokumenty/PresiTRACK-OpinionWay-ORPI-Resultats-semaine13-17-fev.pdf,Opinion Way,,2017-02-13,2017-02-17,2017-02-17,1500,,Deuxième tour,Sondages entre Emmanuel Macron et Marine Le Pen,Marine Le Pen,40.0
,Ifop 9 au 13 février 2017 (WP),http://cdn1-new-parismatch.ladmedia.fr/var/ifop/13-02-2017.pdf,Ifop,,2017-02-09,2017-02-13,2017-02-13,1392,,Deuxième tour,Sondages entre Emmanuel Macron et Marine Le Pen,Emmanuel Macron,62.0
,Ifop 9 au 13 février 2017 (WP),http://cdn1-new-parismatch.ladmedia.fr/var/ifop/13-02-2017.pdf,Ifop,,2017-02-09,2017-02-13,2017-02-13,1392,,Deuxième tour,Sondages entre Emmanuel Macron et Marine Le Pen,Marine Le Pen,38.0
,Opinion Way 3 au 9 février 2017 (WP),http://opinionlab.opinion-way.com/dokumenty/PresiTRACK-OpinionWay-ORPI-Resultats-de-la-semaine-du-6-au-10-fevrier.pdf,Opinion Way,,2017-02-03,2017-02-09,2017-02-09,1500,,Deuxième tour,Sondages entre Emmanuel Macron et Marine Le Pen,Emmanuel Macron,65.0
,Opinion Way 3 au 9 février 2017 (WP),http://opinionlab.opinion-way.com/dokumenty/PresiTRACK-OpinionWay-ORPI-Resultats-de-la-semaine-du-6-au-10-fevrier.pdf,Opinion Way,,2017-02-03,2017-02-09,2017-02-09,1500,,Deuxième tour,Sondages entre Emmanuel Macron et Marine Le Pen,Marine Le Pen,35.0
,Ifop 6 au 9 février 2017 (WP),http://cdn-new-parismatch.ladmedia.fr/var/ifop/09-02-2017.pdf,Ifop,,2017-02-06,2017-02-09,2017-02-09,1407,,Deuxième tour,Sondages entre Emmanuel Macron et Marine Le Pen,Emmanuel Macron,63.0
,Ifop 6 au 9 février 2017 (WP),http://cdn-new-parismatch.ladmedia.fr/var/ifop/09-02-2017.pdf,Ifop,,2017-02-06,2017-02-09,2017-02-09,1407,,Deuxième tour,Sondages entre Emmanuel Macron et Marine Le Pen,Marine Le Pen,37.0
,Elabe 7 au 8 février 2017 (WP),http://elabe.fr/intentions-de-vote-election-presidentielle-2017/,Elabe,,2017-02-07,2017-02-08,2017-02-08,961,,Deuxième tour,Sondages entre Emmanuel Macron et Marine Le Pen,Emmanuel Macron,63.0
,Elabe 7 au 8 février 2017 (WP),http://elabe.fr/intentions-de-vote-election-presidentielle-2017/,Elabe,,2017-02-07,2017-02-08,2017-02-08,961,,Deuxième tour,Sondages entre Emmanuel Macron et Marine Le Pen,Marine Le Pen,37.0
,Ifop 2 au 6 février 2017 (WP),http://cdn-new-parismatch.ladmedia.fr/var/ifop/06-02-2017.pdf,Ifop,,2017-02-02,2017-02-06,2017-02-06,1433,,Deuxième tour,Sondages entre Emmanuel Macron et Marine Le Pen,Emmanuel Macron,63.0
,Ifop 2 au 6 février 2017 (WP),http://cdn-new-parismatch.ladmedia.fr/var/ifop/06-02-2017.pdf,Ifop,,2017-02-02,2017-02-06,2017-02-06,1433,,Deuxième tour,Sondages entre Emmanuel Macron et Marine Le Pen,Marine Le Pen,37.0
,BVA 1 au 2 février 2017 (WP),http://www.bva.fr/data/sondage/sondage_fiche/1945/fichier_intentions_de_vote_-_vague_9_-_pop2017_-_4_fevrier_20171bc7f.pdf,BVA,,2017-02-01,2017-02-02,2017-02-02,580,,Deuxième tour,Sondages entre Emmanuel Macron et Marine Le Pen,Emmanuel Macron,66.0
,BVA 1 au 2 février 2017 (WP),http://www.bva.fr/data/sondage/sondage_fiche/1945/fichier_intentions_de_vote_-_vague_9_-_pop2017_-_4_fevrier_20171bc7f.pdf,BVA,,2017-02-01,2017-02-02,2017-02-02,580,,Deuxième tour,Sondages entre Emmanuel Macron et Marine Le Pen,Marine Le Pen,34.0
,Ifop 29 janvier au 1 février 2017 (WP),http://cdn3-new-parismatch.ladmedia.fr/var/ifop/02-02-2017.pdf,Ifop,,2017-01-29,2017-02-01,2017-02-01,1409,,Deuxième tour,Sondages entre Emmanuel Macron et Marine Le Pen,Emmanuel Macron,63.0
,Ifop 29 janvier au 1 février 2017 (WP),http://cdn3-new-parismatch.ladmedia.fr/var/ifop/02-02-2017.pdf,Ifop,,2017-01-29,2017-02-01,2017-02-01,1409,,Deuxième tour,Sondages entre Emmanuel Macron et Marine Le Pen,Marine Le Pen,37.0
,Elabe 30 au 31 janvier 2017 (WP),http://elabe.fr/wp-content/uploads/2017/02/01022017_les_echos_radio_classique_intentions-de-vote-presidentielles_vague_6.pdf,Elabe,,2017-01-30,2017-01-31,2017-01-31,993,,Deuxième tour,Sondages entre Emmanuel Macron et Marine Le Pen,Emmanuel Macron,65.0
,Elabe 30 au 31 janvier 2017 (WP),http://elabe.fr/wp-content/uploads/2017/02/01022017_les_echos_radio_classique_intentions-de-vote-presidentielles_vague_6.pdf,Elabe,,2017-01-30,2017-01-31,2017-01-31,993,,Deuxième tour,Sondages entre Emmanuel Macron et Marine Le Pen,Marine Le Pen,35.0
,TNS Sofres 26 au 27 janvier 2017 (WP),http://www.lefigaro.fr/elections/presidentielles/2017/01/29/35003-20170129ARTFIG00201-presidentielle-fillon-et-macron-au-coude-a-coude-le-pen-en-tete.php,TNS Sofres,,2017-01-26,2017-01-27,2017-01-27,1032,,Deuxième tour,Sondages entre Emmanuel Macron et Marine Le Pen,Emmanuel Macron,65.0
,TNS Sofres 26 au 27 janvier 2017 (WP),http://www.lefigaro.fr/elections/presidentielles/2017/01/29/35003-20170129ARTFIG00201-presidentielle-fillon-et-macron-au-coude-a-coude-le-pen-en-tete.php,TNS Sofres,,2017-01-26,2017-01-27,2017-01-27,1032,,Deuxième tour,Sondages entre Emmanuel Macron et Marine Le Pen,Marine Le Pen,35.0
,Ipsos 20 janvier 2017 (WP),http://www.ipsos.fr/decrypter-societe/2017-01-22-sympathisants-socialistes-sceptiques-quant-aux-chances-ps-pour-presidentielle,Ipsos,,2017-01-20,2017-01-20,2017-01-20,1443,,Deuxième tour,Sondages entre Emmanuel Macron et Marine Le Pen,Emmanuel Macron,64.0
,Ipsos 20 janvier 2017 (WP),http://www.ipsos.fr/decrypter-societe/2017-01-22-sympathisants-socialistes-sceptiques-quant-aux-chances-ps-pour-presidentielle,Ipsos,,2017-01-20,2017-01-20,2017-01-20,1443,,Deuxième tour,Sondages entre Emmanuel Macron et Marine Le Pen,Marine Le Pen,36.0
,Ifop 3 au 6 janvier 2017 (WP),http://www.ifop.fr/media/poll/3605-1-study_file.pdf,Ifop,,2017-01-03,2017-01-06,2017-01-06,1860,,Deuxième tour,Sondages entre Emmanuel Macron et Marine Le Pen,Emmanuel Macron,65.0
,Ifop 3 au 6 janvier 2017 (WP),http://www.ifop.fr/media/poll/3605-1-study_file.pdf,Ifop,,2017-01-03,2017-01-06,2017-01-06,1860,,Deuxième tour,Sondages entre Emmanuel Macron et Marine Le Pen,Marine Le Pen,35.0
,Ifop 28 novembre au 3 décembre 2016 (WP),http://www.ifop.com/media/poll/3576-1-study_file.pdf,Ifop,,2016-11-28,2016-12-03,2016-12-03,3283,,Deuxième tour,Sondages entre Emmanuel Macron et Marine Le Pen,Emmanuel Macron,62.0
,Ifop 28 novembre au 3 décembre 2016 (WP),http://www.ifop.com/media/poll/3576-1-study_file.pdf,Ifop,,2016-11-28,2016-12-03,2016-12-03,3283,,Deuxième tour,Sondages entre Emmanuel Macron et Marine Le Pen,Marine Le Pen,38.0
,Odoxa 14 au 15 avril 2016 (WP),http://www.odoxa.fr/macron-et-si-cetait-lui/,Odoxa,,2016-04-14,2016-04-15,2016-04-15,949,,Deuxième tour,Sondages entre Emmanuel Macron et Marine Le Pen,Emmanuel Macron,61.0
,Odoxa 14 au 15 avril 2016 (WP),http://www.odoxa.fr/macron-et-si-cetait-lui/,Odoxa,,2016-04-14,2016-04-15,2016-04-15,949,,Deuxième tour,Sondages entre Emmanuel Macron et Marine Le Pen,Marine Le Pen,39.0
,Odoxa 14 au 15 janvier 2016 (WP),http://www.odoxa.fr/2017-juppe-et-macron-plebiscites/,Odoxa,,2016-01-14,2016-01-15,2016-01-15,1011,,Deuxième tour,Sondages entre Emmanuel Macron et Marine Le Pen,Emmanuel Macron,65.0
,Odoxa 14 au 15 janvier 2016 (WP),http://www.odoxa.fr/2017-juppe-et-macron-plebiscites/,Odoxa,,2016-01-14,2016-01-15,2016-01-15,1011,,Deuxième tour,Sondages entre Emmanuel Macron et Marine Le Pen,Marine Le Pen,35.0
,Opinion Way 17 au 21 avril 2017 (WP),http://opinionlab.opinion-way.com/dokumenty/PresiTRACK-OpinionWay-Orpi-Resultatsdelasemainedu17au21avril.pdf,Opinion Way,,2017-04-17,2017-04-21,2017-04-21,1500,,Deuxième tour,Second tour : autres hypothèses envisagées antérieurement,François Fillon,59.0
,Opinion Way 17 au 21 avril 2017 (WP),http://opinionlab.opinion-way.com/dokumenty/PresiTRACK-OpinionWay-Orpi-Resultatsdelasemainedu17au21avril.pdf,Opinion Way,,2017-04-17,2017-04-21,2017-04-21,1500,,Deuxième tour,Second tour : autres hypothèses envisagées antérieurement,Marine Le Pen,41.0
,Opinion Way 7 au 13 avril 2017 (WP),http://opinionlab.opinion-way.com/dokumenty/PresiTRACK-OpinionWay-Orpi-Resultatsdu10au14avril.pdf,Opinion Way,,2017-04-07,2017-04-13,2017-04-13,1500,,Deuxième tour,Second tour : autres hypothèses envisagées antérieurement,François Fillon,58.0
,Opinion Way 7 au 13 avril 2017 (WP),http://opinionlab.opinion-way.com/dokumenty/PresiTRACK-OpinionWay-Orpi-Resultatsdu10au14avril.pdf,Opinion Way,,2017-04-07,2017-04-13,2017-04-13,1500,,Deuxième tour,Second tour : autres hypothèses envisagées antérieurement,Marine Le Pen,42.0
,Opinion Way au 6 avril 2017 (WP),http://opinionlab.opinion-way.com/dokumenty/PresiTRACK-OpinionWay-Orpi-Resultats-semaine-3au7avril.pdf,Opinion Way,,,,,1500,,Deuxième tour,Second tour : autres hypothèses envisagées antérieurement,François Fillon,57.0
,Opinion Way au 6 avril 2017 (WP),http://opinionlab.opinion-way.com/dokumenty/PresiTRACK-OpinionWay-Orpi-Resultats-semaine-3au7avril.pdf,Opinion Way,,,,,1500,,Deuxième tour,Second tour : autres hypothèses envisagées antérieurement,Marine Le Pen,43.0
,Opinion Way 24 au 30 mars 2017 (WP),http://opinionlab.opinion-way.com/dokumenty/Presitrack-synthese-27au31mars.pdf,Opinion Way,,2017-03-24,2017-03-30,2017-03-30,1500,,Deuxième tour,Second tour : autres hypothèses envisagées antérieurement,François Fillon,58.0
,Opinion Way 24 au 30 mars 2017 (WP),http://opinionlab.opinion-way.com/dokumenty/Presitrack-synthese-27au31mars.pdf,Opinion Way,,2017-03-24,2017-03-30,2017-03-30,1500,,Deuxième tour,Second tour : autres hypothèses envisagées antérieurement,Marine Le Pen,42.0
,Elabe 28 au 29 mars 2017 (WP),http://elabe.fr/wp-content/uploads/2017/03/29032017_bfmtv_lexpress_intentions-de-vote-presidentielles-vague-6.pdf,Elabe,,2017-03-28,2017-03-29,2017-03-29,1040,,Deuxième tour,Second tour : autres hypothèses envisagées antérieurement,François Fillon,56.0
,Elabe 28 au 29 mars 2017 (WP),http://elabe.fr/wp-content/uploads/2017/03/29032017_bfmtv_lexpress_intentions-de-vote-presidentielles-vague-6.pdf,Elabe,,2017-03-28,2017-03-29,2017-03-29,1040,,Deuxième tour,Second tour : autres hypothèses envisagées antérieurement,Marine Le Pen,44.0
,Harris Interactive 21 au 22 mars 2017 (WP),http://harris-interactive.fr/wp-content/uploads/sites/6/2017/03/Rapport-Intentions-de-vote-election-presidentielle-France-TV.pdf,Harris Interactive,,2017-03-21,2017-03-22,2017-03-22,6383,,Deuxième tour,Second tour : autres hypothèses envisagées antérieurement,François Fillon,58.0
,Harris Interactive 21 au 22 mars 2017 (WP),http://harris-interactive.fr/wp-content/uploads/sites/6/2017/03/Rapport-Intentions-de-vote-election-presidentielle-France-TV.pdf,Harris Interactive,,2017-03-21,2017-03-22,2017-03-22,6383,,Deuxième tour,Second tour : autres hypothèses envisagées antérieurement,Marine Le Pen,42.0
,Elabe 21 mars 2017 (WP),http://elabe.fr/intentions-de-vote-election-presidentielle-2017-6/,Elabe,,2017-03-21,2017-03-21,2017-03-21,1050,,Deuxième tour,Second tour : autres hypothèses envisagées antérieurement,François Fillon,54.0
,Elabe 21 mars 2017 (WP),http://elabe.fr/intentions-de-vote-election-presidentielle-2017-6/,Elabe,,2017-03-21,2017-03-21,2017-03-21,1050,,Deuxième tour,Second tour : autres hypothèses envisagées antérieurement,Marine Le Pen,46.0
,Opinion Way 17 au 23 mars 2017 (WP),http://opinionlab.opinion-way.com/dokumenty/PresiTRACK-OpinionWay-Orpi-Resultats-de-la-semaine20-24-03.pdf,Opinion Way,,2017-03-17,2017-03-23,2017-03-23,1500,,Deuxième tour,Second tour : autres hypothèses envisagées antérieurement,François Fillon,57.0
,Opinion Way 17 au 23 mars 2017 (WP),http://opinionlab.opinion-way.com/dokumenty/PresiTRACK-OpinionWay-Orpi-Resultats-de-la-semaine20-24-03.pdf,Opinion Way,,2017-03-17,2017-03-23,2017-03-23,1500,,Deuxième tour,Second tour : autres hypothèses envisagées antérieurement,Marine Le Pen,43.0
,Elabe 17 au 19 mars 2017 (WP),http://elabe.fr/intentions-de-vote-election-presidentielle-2017-5/,Elabe,,2017-03-17,2017-03-19,2017-03-19,3010,,Deuxième tour,Second tour : autres hypothèses envisagées antérieurement,François Fillon,56.0
,Elabe 17 au 19 mars 2017 (WP),http://elabe.fr/intentions-de-vote-election-presidentielle-2017-5/,Elabe,,2017-03-17,2017-03-19,2017-03-19,3010,,Deuxième tour,Second tour : autres hypothèses envisagées antérieurement,Marine Le Pen,44.0
,Opinion Way 13 au 17 mars 2017 (WP),http://opinionlab.opinion-way.com/dokumenty/PresiTRACK-OpinionWay-Orpi-semaine-13-17mars.pdf,Opinion Way,,2017-03-13,2017-03-17,2017-03-17,1500,,Deuxième tour,Second tour : autres hypothèses envisagées antérieurement,François Fillon,55.0
,Opinion Way 13 au 17 mars 2017 (WP),http://opinionlab.opinion-way.com/dokumenty/PresiTRACK-OpinionWay-Orpi-semaine-13-17mars.pdf,Opinion Way,,2017-03-13,2017-03-17,2017-03-17,1500,,Deuxième tour,Second tour : autres hypothèses envisagées antérieurement,Marine Le Pen,45.0
,Opinion Way 3 au 9 mars 2017 (WP),http://opinionlab.opinion-way.com/dokumenty/PresiTRACK-06au10-03.pdf,Opinion Way,,2017-03-03,2017-03-09,2017-03-09,1500,,Deuxième tour,Second tour : autres hypothèses envisagées antérieurement,François Fillon,60.0
,Opinion Way 3 au 9 mars 2017 (WP),http://opinionlab.opinion-way.com/dokumenty/PresiTRACK-06au10-03.pdf,Opinion Way,,2017-03-03,2017-03-09,2017-03-09,1500,,Deuxième tour,Second tour : autres hypothèses envisagées antérieurement,Marine Le Pen,40.0
,Harris Interactive 6 au 8 mars 2017 (WP),http://harris-interactive.fr/wp-content/uploads/sites/6/2017/03/Rapport-Harris-Intentions-vote-election-presidentielle-France-TV-2.pdf,Harris Interactive,,2017-03-06,2017-03-08,2017-03-08,4533,,Deuxième tour,Second tour : autres hypothèses envisagées antérieurement,François Fillon,59.0
,Harris Interactive 6 au 8 mars 2017 (WP),http://harris-interactive.fr/wp-content/uploads/sites/6/2017/03/Rapport-Harris-Intentions-vote-election-presidentielle-France-TV-2.pdf,Harris Interactive,,2017-03-06,2017-03-08,2017-03-08,4533,,Deuxième tour,Second tour : autres hypothèses envisagées antérieurement,Marine Le Pen,41.0
,Elabe 5 au 6 mars 2017 (WP),http://elabe.fr/wp-content/uploads/2017/03/07032017_bfmtv_lexpress_intentions-de-vote-presidentielles-vague-3-1.pdf,Elabe,,2017-03-05,2017-03-06,2017-03-06,1052,,Deuxième tour,Second tour : autres hypothèses envisagées antérieurement,François Fillon,60.0
,Elabe 5 au 6 mars 2017 (WP),http://elabe.fr/wp-content/uploads/2017/03/07032017_bfmtv_lexpress_intentions-de-vote-presidentielles-vague-3-1.pdf,Elabe,,2017-03-05,2017-03-06,2017-03-06,1052,,Deuxième tour,Second tour : autres hypothèses envisagées antérieurement,Marine Le Pen,40.0
,Ipsos 1 au 5 mars 2017 (WP),https://www.enef.fr/données-et-résultats/,Ipsos,,2017-03-01,2017-03-05,2017-03-05,15887,,Deuxième tour,Second tour : autres hypothèses envisagées antérieurement,François Fillon,55.0
,Ipsos 1 au 5 mars 2017 (WP),https://www.enef.fr/données-et-résultats/,Ipsos,,2017-03-01,2017-03-05,2017-03-05,15887,,Deuxième tour,Second tour : autres hypothèses envisagées antérieurement,Marine Le Pen,45.0
,Opinion Way 27 février au 3 mars 2017 (WP),http://opinionlab.opinion-way.com/dokumenty/PresiTRACK-27-02au03-03.pdf,Opinion Way,,2017-02-27,2017-03-03,2017-03-03,1500,,Deuxième tour,Second tour : autres hypothèses envisagées antérieurement,François Fillon,57.0
,Opinion Way 27 février au 3 mars 2017 (WP),http://opinionlab.opinion-way.com/dokumenty/PresiTRACK-27-02au03-03.pdf,Opinion Way,,2017-02-27,2017-03-03,2017-03-03,1500,,Deuxième tour,Second tour : autres hypothèses envisagées antérieurement,Marine Le Pen,43.0
,Elabe 28 février au 2 mars 2017 (WP),http://elabe.fr/wp-content/uploads/2017/03/02032017_les_echos_radio_classique_intentions-de-vote-presidentielles-vague-7.pdf,Elabe,,2017-02-28,2017-03-02,2017-03-02,1591,,Deuxième tour,Second tour : autres hypothèses envisagées antérieurement,François Fillon,58.0
,Elabe 28 février au 2 mars 2017 (WP),http://elabe.fr/wp-content/uploads/2017/03/02032017_les_echos_radio_classique_intentions-de-vote-presidentielles-vague-7.pdf,Elabe,,2017-02-28,2017-03-02,2017-03-02,1591,,Deuxième tour,Second tour : autres hypothèses envisagées antérieurement,Marine Le Pen,42.0
,TNS Sofres 23 au 24 février 2017 (WP),http://www.rtl.fr/actu/politique/presidentielle-2017-macron-creuse-l-ecart-avec-fillon-le-pen-progresse-7787422991,TNS Sofres,,2017-02-23,2017-02-24,2017-02-24,1005,,Deuxième tour,Second tour : autres hypothèses envisagées antérieurement,François Fillon,55.0
,TNS Sofres 23 au 24 février 2017 (WP),http://www.rtl.fr/actu/politique/presidentielle-2017-macron-creuse-l-ecart-avec-fillon-le-pen-progresse-7787422991,TNS Sofres,,2017-02-23,2017-02-24,2017-02-24,1005,,Deuxième tour,Second tour : autres hypothèses envisagées antérieurement,Marine Le Pen,45.0
,Odoxa 22–23 février 2017 (WP),http://www.odoxa.fr/sondage/presidentielle-grace-a-bayrou-macron-reprend-lavantage-fillon-redevient-favori/,Odoxa,,2017-02-22,2017-02-23,2017-02-23,879,,Deuxième tour,Second tour : autres hypothèses envisagées antérieurement,François Fillon,57.5
,Odoxa 22–23 février 2017 (WP),http://www.odoxa.fr/sondage/presidentielle-grace-a-bayrou-macron-reprend-lavantage-fillon-redevient-favori/,Odoxa,,2017-02-22,2017-02-23,2017-02-23,879,,Deuxième tour,Second tour : autres hypothèses envisagées antérieurement,Marine Le Pen,42.5
,Opinion Way 20 au 24 février 2017 (WP),http://opinionlab.opinion-way.com/dokumenty/PresiTRACK-OpinionWay-ORPI-Resultats-de-la-semaine-du-20-au-24-02.pdf,Opinion Way,,2017-02-20,2017-02-24,2017-02-24,1500,,Deuxième tour,Second tour : autres hypothèses envisagées antérieurement,François Fillon,58.0
,Opinion Way 20 au 24 février 2017 (WP),http://opinionlab.opinion-way.com/dokumenty/PresiTRACK-OpinionWay-ORPI-Resultats-de-la-semaine-du-20-au-24-02.pdf,Opinion Way,,2017-02-20,2017-02-24,2017-02-24,1500,,Deuxième tour,Second tour : autres hypothèses envisagées antérieurement,Marine Le Pen,42.0
,Harris Interactive 20 au 22 février 2017 (WP),http://harris-interactive.fr/wp-content/uploads/sites/6/2017/02/Note-Harris-Intentions-vote-election-presidentielle-France-TV.pdf,Harris Interactive,,2017-02-20,2017-02-22,2017-02-22,5249,,Deuxième tour,Second tour : autres hypothèses envisagées antérieurement,François Fillon,57.0
,Harris Interactive 20 au 22 février 2017 (WP),http://harris-interactive.fr/wp-content/uploads/sites/6/2017/02/Note-Harris-Intentions-vote-election-presidentielle-France-TV.pdf,Harris Interactive,,2017-02-20,2017-02-22,2017-02-22,5249,,Deuxième tour,Second tour : autres hypothèses envisagées antérieurement,Marine Le Pen,43.0
,Ifop 17 au 21 février 2017 (WP),http://cdn-new-parismatch.ladmedia.fr/var/ifop/21-02-2017.pdf,Ifop,,2017-02-17,2017-02-21,2017-02-21,1386,,Deuxième tour,Second tour : autres hypothèses envisagées antérieurement,François Fillon,57.0
,Ifop 17 au 21 février 2017 (WP),http://cdn-new-parismatch.ladmedia.fr/var/ifop/21-02-2017.pdf,Ifop,,2017-02-17,2017-02-21,2017-02-21,1386,,Deuxième tour,Second tour : autres hypothèses envisagées antérieurement,Marine Le Pen,43.0
,BVA 19 au 20 février 2017 (WP),http://www.bva-group.com/wp-content/uploads/2017/02/Intentions-de-vote-Vague-10-POP2017-23-F%C3%A9vrier-2017-Pr%C3%A9sentation.pdf,BVA,,2017-02-19,2017-02-20,2017-02-20,940,,Deuxième tour,Second tour : autres hypothèses envisagées antérieurement,François Fillon,55.0
,BVA 19 au 20 février 2017 (WP),http://www.bva-group.com/wp-content/uploads/2017/02/Intentions-de-vote-Vague-10-POP2017-23-F%C3%A9vrier-2017-Pr%C3%A9sentation.pdf,BVA,,2017-02-19,2017-02-20,2017-02-20,940,,Deuxième tour,Second tour : autres hypothèses envisagées antérieurement,Marine Le Pen,45.0
,Opinion Way 13 au 17 février 2017 (WP),http://opinionlab.opinion-way.com/dokumenty/PresiTRACK-OpinionWay-ORPI-Resultats-semaine13-17-fev.pdf,Opinion Way,,2017-02-13,2017-02-17,2017-02-17,1500,,Deuxième tour,Second tour : autres hypothèses envisagées antérieurement,François Fillon,57.0
,Opinion Way 13 au 17 février 2017 (WP),http://opinionlab.opinion-way.com/dokumenty/PresiTRACK-OpinionWay-ORPI-Resultats-semaine13-17-fev.pdf,Opinion Way,,2017-02-13,2017-02-17,2017-02-17,1500,,Deuxième tour,Second tour : autres hypothèses envisagées antérieurement,Marine Le Pen,43.0
,Opinion Way 3 au 9 février 2017 (WP),http://opinionlab.opinion-way.com/dokumenty/PresiTRACK-OpinionWay-ORPI-Resultats-de-la-semaine-du-6-au-10-fevrier.pdf,Opinion Way,,2017-02-03,2017-02-09,2017-02-09,1500,,Deuxième tour,Second tour : autres hypothèses envisagées antérieurement,François Fillon,60.0
,Opinion Way 3 au 9 février 2017 (WP),http://opinionlab.opinion-way.com/dokumenty/PresiTRACK-OpinionWay-ORPI-Resultats-de-la-semaine-du-6-au-10-fevrier.pdf,Opinion Way,,2017-02-03,2017-02-09,2017-02-09,1500,,Deuxième tour,Second tour : autres hypothèses envisagées antérieurement,Marine Le Pen,40.0
,Elabe 7 au 8 février 2017 (WP),http://elabe.fr/intentions-de-vote-election-presidentielle-2017/,Elabe,,2017-02-07,2017-02-08,2017-02-08,961,,Deuxième tour,Second tour : autres hypothèses envisagées antérieurement,François Fillon,56.0
,Elabe 7 au 8 février 2017 (WP),http://elabe.fr/intentions-de-vote-election-presidentielle-2017/,Elabe,,2017-02-07,2017-02-08,2017-02-08,961,,Deuxième tour,Second tour : autres hypothèses envisagées antérieurement,Marine Le Pen,44.0
,BVA 1 au 2 février 2017 (WP),http://www.bva.fr/data/sondage/sondage_fiche/1945/fichier_intentions_de_vote_-_vague_9_-_pop2017_-_4_fevrier_20171bc7f.pdf,BVA,,2017-02-01,2017-02-02,2017-02-02,475,,Deuxième tour,Second tour : autres hypothèses envisagées antérieurement,François Fillon,60.0
,BVA 1 au 2 février 2017 (WP),http://www.bva.fr/data/sondage/sondage_fiche/1945/fichier_intentions_de_vote_-_vague_9_-_pop2017_-_4_fevrier_20171bc7f.pdf,BVA,,2017-02-01,2017-02-02,2017-02-02,475,,Deuxième tour,Second tour : autres hypothèses envisagées antérieurement,Marine Le Pen,40.0
,Ifop 29 janvier au 1 février 2017 (WP),http://www.parismatch.com/var/partenaire/ifop/rapport-presidentielle-2017/01-02-2017.pdf,Ifop,,2017-01-29,2017-02-01,2017-02-01,1409,,Deuxième tour,Second tour : autres hypothèses envisagées antérieurement,François Fillon,60.0
,Ifop 29 janvier au 1 février 2017 (WP),http://www.parismatch.com/var/partenaire/ifop/rapport-presidentielle-2017/01-02-2017.pdf,Ifop,,2017-01-29,2017-02-01,2017-02-01,1409,,Deuxième tour,Second tour : autres hypothèses envisagées antérieurement,Marine Le Pen,40.0
,Elabe 30 au 31 janvier 2017 (WP),http://elabe.fr/wp-content/uploads/2017/02/01022017_les_echos_radio_classique_intentions-de-vote-presidentielles_vague_6.pdf,Elabe,,2017-01-30,2017-01-31,2017-01-31,993,,Deuxième tour,Second tour : autres hypothèses envisagées antérieurement,François Fillon,59.0
,Elabe 30 au 31 janvier 2017 (WP),http://elabe.fr/wp-content/uploads/2017/02/01022017_les_echos_radio_classique_intentions-de-vote-presidentielles_vague_6.pdf,Elabe,,2017-01-30,2017-01-31,2017-01-31,993,,Deuxième tour,Second tour : autres hypothèses envisagées antérieurement,Marine Le Pen,41.0
,BVA 6 au 8 janvier 2017 (WP),http://www.bva.fr/data/sondage/sondage_fiche/1938/fichier_intentions_de_vote_-_vague_8_-_pop2017_-_12_janvier_2017adbe6.pdf,BVA,,2017-01-06,2017-01-08,2017-01-08,946,,Deuxième tour,Second tour : autres hypothèses envisagées antérieurement,François Fillon,63.0
,BVA 6 au 8 janvier 2017 (WP),http://www.bva.fr/data/sondage/sondage_fiche/1938/fichier_intentions_de_vote_-_vague_8_-_pop2017_-_12_janvier_2017adbe6.pdf,BVA,,2017-01-06,2017-01-08,2017-01-08,946,,Deuxième tour,Second tour : autres hypothèses envisagées antérieurement,Marine Le Pen,37.0
,BVA 2 au 4 décembre 2016 (WP),http://www.bva.fr/data/sondage/sondage_fiche/1930/fichier_intentions_de_vote_-_vague_7_-_pop2017_-_7_decembre_2016cbc14.pdf,BVA,,2016-12-02,2016-12-04,2016-12-04,934,,Deuxième tour,Second tour : autres hypothèses envisagées antérieurement,François Fillon,67.0
,BVA 2 au 4 décembre 2016 (WP),http://www.bva.fr/data/sondage/sondage_fiche/1930/fichier_intentions_de_vote_-_vague_7_-_pop2017_-_7_decembre_2016cbc14.pdf,BVA,,2016-12-02,2016-12-04,2016-12-04,934,,Deuxième tour,Second tour : autres hypothèses envisagées antérieurement,Marine Le Pen,33.0
,Ifop 28 novembre au 3 décembre 2016 (WP),http://www.ifop.com/media/poll/3576-1-study_file.pdf,Ifop,,2016-11-28,2016-12-03,2016-12-03,3283,,Deuxième tour,Second tour : autres hypothèses envisagées antérieurement,François Fillon,65.0
,Ifop 28 novembre au 3 décembre 2016 (WP),http://www.ifop.com/media/poll/3576-1-study_file.pdf,Ifop,,2016-11-28,2016-12-03,2016-12-03,3283,,Deuxième tour,Second tour : autres hypothèses envisagées antérieurement,Marine Le Pen,35.0
,Elabe 28 au 29 novembre 2016 (WP),http://elabe.fr/presidentielle-2017-intentions-de-vote-a-5-mois-scrutin/,Elabe,,2016-11-28,2016-11-29,2016-11-29,1000,,Deuxième tour,Second tour : autres hypothèses envisagées antérieurement,François Fillon,66.0
,Elabe 28 au 29 novembre 2016 (WP),http://elabe.fr/presidentielle-2017-intentions-de-vote-a-5-mois-scrutin/,Elabe,,2016-11-28,2016-11-29,2016-11-29,1000,,Deuxième tour,Second tour : autres hypothèses envisagées antérieurement,Marine Le Pen,34.0
,TNS Sofres 28 novembre 2016 (WP),http://fr.kantar.com/elections/presidentielle/2017/la-situation-politique-apres-la-victoire-de-francois-fillon-a-la-primaire-de-la-droite-et-du-centre/,TNS Sofres,,2016-11-28,2016-11-28,2016-11-28,1011,,Deuxième tour,Second tour : autres hypothèses envisagées antérieurement,François Fillon,66.0
,TNS Sofres 28 novembre 2016 (WP),http://fr.kantar.com/elections/presidentielle/2017/la-situation-politique-apres-la-victoire-de-francois-fillon-a-la-primaire-de-la-droite-et-du-centre/,TNS Sofres,,2016-11-28,2016-11-28,2016-11-28,1011,,Deuxième tour,Second tour : autres hypothèses envisagées antérieurement,Marine Le Pen,34.0
,Harris Interactive 27 novembre 2016 (WP),http://harris-interactive.fr/wp-content/uploads/sites/6/2016/11/Intentions-de-vote-LCP-Public-Se%CC%81nat.pdf,Harris Interactive,,2016-11-27,2016-11-27,2016-11-27,6093,,Deuxième tour,Second tour : autres hypothèses envisagées antérieurement,François Fillon,67.0
,Harris Interactive 27 novembre 2016 (WP),http://harris-interactive.fr/wp-content/uploads/sites/6/2016/11/Intentions-de-vote-LCP-Public-Se%CC%81nat.pdf,Harris Interactive,,2016-11-27,2016-11-27,2016-11-27,6093,,Deuxième tour,Second tour : autres hypothèses envisagées antérieurement,Marine Le Pen,33.0
,Odoxa 25 novembre 2016 (WP),http://www.odoxa.fr/presidentielle-fillon-en-position-de-force/,Odoxa,,2016-11-25,2016-11-25,2016-11-25,998,,Deuxième tour,Second tour : autres hypothèses envisagées antérieurement,François Fillon,71.0
,Odoxa 25 novembre 2016 (WP),http://www.odoxa.fr/presidentielle-fillon-en-position-de-force/,Odoxa,,2016-11-25,2016-11-25,2016-11-25,998,,Deuxième tour,Second tour : autres hypothèses envisagées antérieurement,Marine Le Pen,29.0
,BVA 9 au 11 septembre 2016 (WP),http://www.bva.fr/fr/sondages/intentions_de_vote_a_7_mois_de_l_election_presidentielle.html,BVA,,2016-09-09,2016-09-11,2016-09-11,912,,Deuxième tour,Second tour : autres hypothèses envisagées antérieurement,François Fillon,61.0
,BVA 9 au 11 septembre 2016 (WP),http://www.bva.fr/fr/sondages/intentions_de_vote_a_7_mois_de_l_election_presidentielle.html,BVA,,2016-09-09,2016-09-11,2016-09-11,912,,Deuxième tour,Second tour : autres hypothèses envisagées antérieurement,Marine Le Pen,39.0
,Ifop 14–17 juin 2016 (WP),http://www.ifop.com/media/poll/3432-1-study_file.pdf,Ifop,,2016-06-14,2016-06-17,2016-06-17,1858,,Deuxième tour,Second tour : autres hypothèses envisagées antérieurement,François Fillon,60.0
,Ifop 14–17 juin 2016 (WP),http://www.ifop.com/media/poll/3432-1-study_file.pdf,Ifop,,2016-06-14,2016-06-17,2016-06-17,1858,,Deuxième tour,Second tour : autres hypothèses envisagées antérieurement,Marine Le Pen,40.0
,BVA 10 au 12 juin 2016 (WP),http://www.bva.fr/data/sondage/sondage_fiche/1872/fichier_pop2017_-_intentions_de_vote_-_vague_3ff173.pdf,BVA,,2016-06-10,2016-06-12,2016-06-12,910,,Deuxième tour,Second tour : autres hypothèses envisagées antérieurement,François Fillon,65.0
,BVA 10 au 12 juin 2016 (WP),http://www.bva.fr/data/sondage/sondage_fiche/1872/fichier_pop2017_-_intentions_de_vote_-_vague_3ff173.pdf,BVA,,2016-06-10,2016-06-12,2016-06-12,910,,Deuxième tour,Second tour : autres hypothèses envisagées antérieurement,Marine Le Pen,35.0
,BVA 13 au 16 mai 2016 (WP),https://www.ouest-france.fr/elections/presidentielles/presidentielle-2017-le-pen-en-baisse-juppe-en-hausse-4238017,BVA,,2016-05-13,2016-05-16,2016-05-16,927,,Deuxième tour,Second tour : autres hypothèses envisagées antérieurement,François Fillon,65.0
,BVA 13 au 16 mai 2016 (WP),https://www.ouest-france.fr/elections/presidentielles/presidentielle-2017-le-pen-en-baisse-juppe-en-hausse-4238017,BVA,,2016-05-13,2016-05-16,2016-05-16,927,,Deuxième tour,Second tour : autres hypothèses envisagées antérieurement,Marine Le Pen,35.0
,BVA 15 au 17 avril 2016 (WP),http://www.bva.fr/data/sondage/sondage_fiche/1849/fichier_pop2017_-_intentions_de_vote_-_vague_1_-_210416c60cf.pdf,BVA,,2016-04-15,2016-04-17,2016-04-17,949,,Deuxième tour,Second tour : autres hypothèses envisagées antérieurement,François Fillon,64.0
,BVA 15 au 17 avril 2016 (WP),http://www.bva.fr/data/sondage/sondage_fiche/1849/fichier_pop2017_-_intentions_de_vote_-_vague_1_-_210416c60cf.pdf,BVA,,2016-04-15,2016-04-17,2016-04-17,949,,Deuxième tour,Second tour : autres hypothèses envisagées antérieurement,Marine Le Pen,36.0
,Ifop 12 au 14 avril 2016 (WP),http://www.ifop.com/media/poll/3363-1-study_file.pdf,Ifop,,2016-04-12,2016-04-14,2016-04-14,1876,,Deuxième tour,Second tour : autres hypothèses envisagées antérieurement,François Fillon,63.0
,Ifop 12 au 14 avril 2016 (WP),http://www.ifop.com/media/poll/3363-1-study_file.pdf,Ifop,,2016-04-12,2016-04-14,2016-04-14,1876,,Deuxième tour,Second tour : autres hypothèses envisagées antérieurement,Marine Le Pen,37.0
,Ifop 3 au 4 septembre 2014 (WP),http://www.ifop.fr/media/poll/2755-1-study_file.pdf,Ifop,,2014-09-03,2014-09-04,2014-09-04,994,,Deuxième tour,Second tour : autres hypothèses envisagées antérieurement,François Fillon,57.0
,Ifop 3 au 4 septembre 2014 (WP),http://www.ifop.fr/media/poll/2755-1-study_file.pdf,Ifop,,2014-09-03,2014-09-04,2014-09-04,994,,Deuxième tour,Second tour : autres hypothèses envisagées antérieurement,Marine Le Pen,43.0
,Elabe avril 2017 (WP),http://elabe.fr/intentions-de-vote-election-presidentielle-2017-11/,Elabe,,,,,1438,,Deuxième tour,Second tour : autres hypothèses envisagées antérieurement,Emmanuel Macron,65.0
,Elabe avril 2017 (WP),http://elabe.fr/intentions-de-vote-election-presidentielle-2017-11/,Elabe,,,,,1438,,Deuxième tour,Second tour : autres hypothèses envisagées antérieurement,François Fillon,35.0
,Ipsos au 5 mars 2017 (WP),https://www.enef.fr/données-et-résultats/,Ipsos,,,,,15887,,Deuxième tour,Second tour : autres hypothèses envisagées antérieurement,Emmanuel Macron,66.0
,Ipsos au 5 mars 2017 (WP),https://www.enef.fr/données-et-résultats/,Ipsos,,,,,15887,,Deuxième tour,Second tour : autres hypothèses envisagées antérieurement,François Fillon,34.0
,Ipsos avril 2017 (WP),https://www.enef.fr/app/download/15534147525/ENEF_vague13_avril2017.pdf?t=1492592203,Ipsos,,,,,8274,,Deuxième tour,Second tour : autres hypothèses envisagées antérieurement,Emmanuel Macron,57.0
,Ipsos avril 2017 (WP),https://www.enef.fr/app/download/15534147525/ENEF_vague13_avril2017.pdf?t=1492592203,Ipsos,,,,,8274,,Deuxième tour,Second tour : autres hypothèses envisagées antérieurement,Jean-Luc Mélenchon,43.0
,Opinion Way 16 au 17 avril 2013 (WP),http://www.lefigaro.fr/assets/pdf/OpinionwayHollandeunan.pdf,Opinion Way,,2013-04-16,2013-04-17,2013-04-17,1022,,Deuxième tour,Sondages regroupant les hypothèses abandonnées du second tour de l'élection présidentielle 2017,François Hollande,47.0
,Opinion Way 16 au 17 avril 2013 (WP),http://www.lefigaro.fr/assets/pdf/OpinionwayHollandeunan.pdf,Opinion Way,,2013-04-16,2013-04-17,2013-04-17,1022,,Deuxième tour,Sondages regroupant les hypothèses abandonnées du second tour de l'élection présidentielle 2017,Nicolas Sarkozy,53.0
,Ifop 9 au 12 octobre 2012 (WP),http://www.ifop.fr/media/poll/2014-1-study_file.pdf,Ifop,,2012-10-09,2012-10-12,2012-10-12,1607,,Deuxième tour,Sondages regroupant les hypothèses abandonnées du second tour de l'élection présidentielle 2017,François Hollande,50.0
,Ifop 9 au 12 octobre 2012 (WP),http://www.ifop.fr/media/poll/2014-1-study_file.pdf,Ifop,,2012-10-09,2012-10-12,2012-10-12,1607,,Deuxième tour,Sondages regroupant les hypothèses abandonnées du second tour de l'élection présidentielle 2017,Nicolas Sarkozy,50.0
,Elabe 19-20 avr. (WP),http://elabe.fr/intentions-de-vote-election-presidentielle-2017-12/,Elabe,,2017-04-19,2017-04-20,2017-04-20,1197,,Premier tour,,Nathalie Arthaud,0.5
,Elabe 19-20 avr. (WP),http://elabe.fr/intentions-de-vote-election-presidentielle-2017-12/,Elabe,,2017-04-19,2017-04-20,2017-04-20,1197,,Premier tour,,Philippe Poutou,1.5
,Elabe 19-20 avr. (WP),http://elabe.fr/intentions-de-vote-election-presidentielle-2017-12/,Elabe,,2017-04-19,2017-04-20,2017-04-20,1197,,Premier tour,,Jean-Luc Mélenchon,19.5
,Elabe 19-20 avr. (WP),http://elabe.fr/intentions-de-vote-election-presidentielle-2017-12/,Elabe,,2017-04-19,2017-04-20,2017-04-20,1197,,Premier tour,,Benoît Hamon,7.0
,Elabe 19-20 avr. (WP),http://elabe.fr/intentions-de-vote-election-presidentielle-2017-12/,Elabe,,2017-04-19,2017-04-20,2017-04-20,1197,,Premier tour,,Emmanuel Macron,24.0
,Elabe 19-20 avr. (WP),http://elabe.fr/intentions-de-vote-election-presidentielle-2017-12/,Elabe,,2017-04-19,2017-04-20,2017-04-20,1197,,Premier tour,,Jean Lassalle,1.0
,Elabe 19-20 avr. (WP),http://elabe.fr/intentions-de-vote-election-presidentielle-2017-12/,Elabe,,2017-04-19,2017-04-20,2017-04-20,1197,,Premier tour,,François Fillon,20.0
,Elabe 19-20 avr. (WP),http://elabe.fr/intentions-de-vote-election-presidentielle-2017-12/,Elabe,,2017-04-19,2017-04-20,2017-04-20,1197,,Premier tour,,Nicolas Dupont-Aignan,4.0
,Elabe 19-20 avr. (WP),http://elabe.fr/intentions-de-vote-election-presidentielle-2017-12/,Elabe,,2017-04-19,2017-04-20,2017-04-20,1197,,Premier tour,,François Asselineau,1.0
,Elabe 19-20 avr. (WP),http://elabe.fr/intentions-de-vote-election-presidentielle-2017-12/,Elabe,,2017-04-19,2017-04-20,2017-04-20,1197,,Premier tour,,Marine Le Pen,21.5
,Elabe 19-20 avr. (WP),http://elabe.fr/intentions-de-vote-election-presidentielle-2017-12/,Elabe,,2017-04-19,2017-04-20,2017-04-20,1197,,Premier tour,,Jacques Cheminade,0.5
,Harris Interactive 18-19 avr. (WP),http://harris-interactive.fr/wp-content/uploads/sites/6/2017/04/Rapport-Harris-intentions-vote-presidentielle-france-televisions-20042017.pdf,Harris Interactive,,2017-04-18,2017-04-19,2017-04-19,2812,,Premier tour,,Nathalie Arthaud,0.5
,Harris Interactive 18-19 avr. (WP),http://harris-interactive.fr/wp-content/uploads/sites/6/2017/04/Rapport-Harris-intentions-vote-presidentielle-france-televisions-20042017.pdf,Harris Interactive,,2017-04-18,2017-04-19,2017-04-19,2812,,Premier tour,,Philippe Poutou,1.5
,Harris Interactive 18-19 avr. (WP),http://harris-interactive.fr/wp-content/uploads/sites/6/2017/04/Rapport-Harris-intentions-vote-presidentielle-france-televisions-20042017.pdf,Harris Interactive,,2017-04-18,2017-04-19,2017-04-19,2812,,Premier tour,,Jean-Luc Mélenchon,19.0
,Harris Interactive 18-19 avr. (WP),http://harris-interactive.fr/wp-content/uploads/sites/6/2017/04/Rapport-Harris-intentions-vote-presidentielle-france-televisions-20042017.pdf,Harris Interactive,,2017-04-18,2017-04-19,2017-04-19,2812,,Premier tour,,Benoît Hamon,7.5
,Harris Interactive 18-19 avr. (WP),http://harris-interactive.fr/wp-content/uploads/sites/6/2017/04/Rapport-Harris-intentions-vote-presidentielle-france-televisions-20042017.pdf,Harris Interactive,,2017-04-18,2017-04-19,2017-04-19,2812,,Premier tour,,Emmanuel Macron,25.0
,Harris Interactive 18-19 avr. (WP),http://harris-interactive.fr/wp-content/uploads/sites/6/2017/04/Rapport-Harris-intentions-vote-presidentielle-france-televisions-20042017.pdf,Harris Interactive,,2017-04-18,2017-04-19,2017-04-19,2812,,Premier tour,,Jean Lassalle,1.0
,Harris Interactive 18-19 avr. (WP),http://harris-interactive.fr/wp-content/uploads/sites/6/2017/04/Rapport-Harris-intentions-vote-presidentielle-france-televisions-20042017.pdf,Harris Interactive,,2017-04-18,2017-04-19,2017-04-19,2812,,Premier tour,,François Fillon,19.0
,Harris Interactive 18-19 avr. (WP),http://harris-interactive.fr/wp-content/uploads/sites/6/2017/04/Rapport-Harris-intentions-vote-presidentielle-france-televisions-20042017.pdf,Harris Interactive,,2017-04-18,2017-04-19,2017-04-19,2812,,Premier tour,,Nicolas Dupont-Aignan,4.0
,Harris Interactive 18-19 avr. (WP),http://harris-interactive.fr/wp-content/uploads/sites/6/2017/04/Rapport-Harris-intentions-vote-presidentielle-france-televisions-20042017.pdf,Harris Interactive,,2017-04-18,2017-04-19,2017-04-19,2812,,Premier tour,,François Asselineau,0.5
,Harris Interactive 18-19 avr. (WP),http://harris-interactive.fr/wp-content/uploads/sites/6/2017/04/Rapport-Harris-intentions-vote-presidentielle-france-televisions-20042017.pdf,Harris Interactive,,2017-04-18,2017-04-19,2017-04-19,2812,,Premier tour,,Marine Le Pen,22.0
,Harris Interactive 18-19 avr. (WP),http://harris-interactive.fr/wp-content/uploads/sites/6/2017/04/Rapport-Harris-intentions-vote-presidentielle-france-televisions-20042017.pdf,Harris Interactive,,2017-04-18,2017-04-19,2017-04-19,2812,,Premier tour,,Jacques Cheminade,0.5
,TNS Sofres 14-17 avr. (WP),http://fr.kantar.com/elections/presidentielle/2017/intentions-de-vote-l-hypothese-d-un-match-a-quatre-se-confirme/,TNS Sofres,,2017-04-14,2017-04-17,2017-04-17,1530,,Premier tour,,Nathalie Arthaud,0.5
,TNS Sofres 14-17 avr. (WP),http://fr.kantar.com/elections/presidentielle/2017/intentions-de-vote-l-hypothese-d-un-match-a-quatre-se-confirme/,TNS Sofres,,2017-04-14,2017-04-17,2017-04-17,1530,,Premier tour,,Philippe Poutou,2.0
,TNS Sofres 14-17 avr. (WP),http://fr.kantar.com/elections/presidentielle/2017/intentions-de-vote-l-hypothese-d-un-match-a-quatre-se-confirme/,TNS Sofres,,2017-04-14,2017-04-17,2017-04-17,1530,,Premier tour,,Jean-Luc Mélenchon,18.0
,TNS Sofres 14-17 avr. (WP),http://fr.kantar.com/elections/presidentielle/2017/intentions-de-vote-l-hypothese-d-un-match-a-quatre-se-confirme/,TNS Sofres,,2017-04-14,2017-04-17,2017-04-17,1530,,Premier tour,,Benoît Hamon,8.0
,TNS Sofres 14-17 avr. (WP),http://fr.kantar.com/elections/presidentielle/2017/intentions-de-vote-l-hypothese-d-un-match-a-quatre-se-confirme/,TNS Sofres,,2017-04-14,2017-04-17,2017-04-17,1530,,Premier tour,,Emmanuel Macron,24.0
,TNS Sofres 14-17 avr. (WP),http://fr.kantar.com/elections/presidentielle/2017/intentions-de-vote-l-hypothese-d-un-match-a-quatre-se-confirme/,TNS Sofres,,2017-04-14,2017-04-17,2017-04-17,1530,,Premier tour,,Jean Lassalle,1.0
,TNS Sofres 14-17 avr. (WP),http://fr.kantar.com/elections/presidentielle/2017/intentions-de-vote-l-hypothese-d-un-match-a-quatre-se-confirme/,TNS Sofres,,2017-04-14,2017-04-17,2017-04-17,1530,,Premier tour,,François Fillon,18.5
,TNS Sofres 14-17 avr. (WP),http://fr.kantar.com/elections/presidentielle/2017/intentions-de-vote-l-hypothese-d-un-match-a-quatre-se-confirme/,TNS Sofres,,2017-04-14,2017-04-17,2017-04-17,1530,,Premier tour,,Nicolas Dupont-Aignan,4.0
,TNS Sofres 14-17 avr. (WP),http://fr.kantar.com/elections/presidentielle/2017/intentions-de-vote-l-hypothese-d-un-match-a-quatre-se-confirme/,TNS Sofres,,2017-04-14,2017-04-17,2017-04-17,1530,,Premier tour,,François Asselineau,1.0
,TNS Sofres 14-17 avr. (WP),http://fr.kantar.com/elections/presidentielle/2017/intentions-de-vote-l-hypothese-d-un-match-a-quatre-se-confirme/,TNS Sofres,,2017-04-14,2017-04-17,2017-04-17,1530,,Premier tour,,Marine Le Pen,23.0
,TNS Sofres 14-17 avr. (WP),http://fr.kantar.com/elections/presidentielle/2017/intentions-de-vote-l-hypothese-d-un-match-a-quatre-se-confirme/,TNS Sofres,,2017-04-14,2017-04-17,2017-04-17,1530,,Premier tour,,Jacques Cheminade,0.5
,Ifop 14-15 avr. (WP),http://www.parismatch.com/Actu/Politique/Barometre-presidentielle-Macron-reprend-la-tete-1235318,Ifop,,2017-04-14,2017-04-15,2017-04-15,1851,,Premier tour,,Nathalie Arthaud,0.5
,Ifop 14-15 avr. (WP),http://www.parismatch.com/Actu/Politique/Barometre-presidentielle-Macron-reprend-la-tete-1235318,Ifop,,2017-04-14,2017-04-15,2017-04-15,1851,,Premier tour,,Philippe Poutou,2.0
,Ifop 14-15 avr. (WP),http://www.parismatch.com/Actu/Politique/Barometre-presidentielle-Macron-reprend-la-tete-1235318,Ifop,,2017-04-14,2017-04-15,2017-04-15,1851,,Premier tour,,Jean-Luc Mélenchon,19.5
,Ifop 14-15 avr. (WP),http://www.parismatch.com/Actu/Politique/Barometre-presidentielle-Macron-reprend-la-tete-1235318,Ifop,,2017-04-14,2017-04-15,2017-04-15,1851,,Premier tour,,Benoît Hamon,8.0
,Ifop 14-15 avr. (WP),http://www.parismatch.com/Actu/Politique/Barometre-presidentielle-Macron-reprend-la-tete-1235318,Ifop,,2017-04-14,2017-04-15,2017-04-15,1851,,Premier tour,,Emmanuel Macron,23.0
,Ifop 14-15 avr. (WP),http://www.parismatch.com/Actu/Politique/Barometre-presidentielle-Macron-reprend-la-tete-1235318,Ifop,,2017-04-14,2017-04-15,2017-04-15,1851,,Premier tour,,Jean Lassalle,1.0
,Ifop 14-15 avr. (WP),http://www.parismatch.com/Actu/Politique/Barometre-presidentielle-Macron-reprend-la-tete-1235318,Ifop,,2017-04-14,2017-04-15,2017-04-15,1851,,Premier tour,,François Fillon,19.0
,Ifop 14-15 avr. (WP),http://www.parismatch.com/Actu/Politique/Barometre-presidentielle-Macron-reprend-la-tete-1235318,Ifop,,2017-04-14,2017-04-15,2017-04-15,1851,,Premier tour,,Nicolas Dupont-Aignan,4.0
,Ifop 14-15 avr. (WP),http://www.parismatch.com/Actu/Politique/Barometre-presidentielle-Macron-reprend-la-tete-1235318,Ifop,,2017-04-14,2017-04-15,2017-04-15,1851,,Premier tour,,François Asselineau,1.0
,Ifop 14-15 avr. (WP),http://www.parismatch.com/Actu/Politique/Barometre-presidentielle-Macron-reprend-la-tete-1235318,Ifop,,2017-04-14,2017-04-15,2017-04-15,1851,,Premier tour,,Marine Le Pen,22.0
,Ifop 14-15 avr. (WP),http://www.parismatch.com/Actu/Politique/Barometre-presidentielle-Macron-reprend-la-tete-1235318,Ifop,,2017-04-14,2017-04-15,2017-04-15,1851,,Premier tour,,Jacques Cheminade,0.0
,Odoxa 12-13 avr. (WP),http://www.odoxa.fr/sondage/presidentielle-lincertitude-totale-1er-tour-bien-2nd-tour-macron-se-qualifiait/,Odoxa,,2017-04-12,2017-04-13,2017-04-13,1001,,Premier tour,,Nathalie Arthaud,0.0
,Odoxa 12-13 avr. (WP),http://www.odoxa.fr/sondage/presidentielle-lincertitude-totale-1er-tour-bien-2nd-tour-macron-se-qualifiait/,Odoxa,,2017-04-12,2017-04-13,2017-04-13,1001,,Premier tour,,Philippe Poutou,1.5
,Odoxa 12-13 avr. (WP),http://www.odoxa.fr/sondage/presidentielle-lincertitude-totale-1er-tour-bien-2nd-tour-macron-se-qualifiait/,Odoxa,,2017-04-12,2017-04-13,2017-04-13,1001,,Premier tour,,Jean-Luc Mélenchon,19.0
,Odoxa 12-13 avr. (WP),http://www.odoxa.fr/sondage/presidentielle-lincertitude-totale-1er-tour-bien-2nd-tour-macron-se-qualifiait/,Odoxa,,2017-04-12,2017-04-13,2017-04-13,1001,,Premier tour,,Benoît Hamon,8.0
,Odoxa 12-13 avr. (WP),http://www.odoxa.fr/sondage/presidentielle-lincertitude-totale-1er-tour-bien-2nd-tour-macron-se-qualifiait/,Odoxa,,2017-04-12,2017-04-13,2017-04-13,1001,,Premier tour,,Emmanuel Macron,24.5
,Odoxa 12-13 avr. (WP),http://www.odoxa.fr/sondage/presidentielle-lincertitude-totale-1er-tour-bien-2nd-tour-macron-se-qualifiait/,Odoxa,,2017-04-12,2017-04-13,2017-04-13,1001,,Premier tour,,Jean Lassalle,1.5
,Odoxa 12-13 avr. (WP),http://www.odoxa.fr/sondage/presidentielle-lincertitude-totale-1er-tour-bien-2nd-tour-macron-se-qualifiait/,Odoxa,,2017-04-12,2017-04-13,2017-04-13,1001,,Premier tour,,François Fillon,18.5
,Odoxa 12-13 avr. (WP),http://www.odoxa.fr/sondage/presidentielle-lincertitude-totale-1er-tour-bien-2nd-tour-macron-se-qualifiait/,Odoxa,,2017-04-12,2017-04-13,2017-04-13,1001,,Premier tour,,Nicolas Dupont-Aignan,3.5
,Odoxa 12-13 avr. (WP),http://www.odoxa.fr/sondage/presidentielle-lincertitude-totale-1er-tour-bien-2nd-tour-macron-se-qualifiait/,Odoxa,,2017-04-12,2017-04-13,2017-04-13,1001,,Premier tour,,François Asselineau,0.5
,Odoxa 12-13 avr. (WP),http://www.odoxa.fr/sondage/presidentielle-lincertitude-totale-1er-tour-bien-2nd-tour-macron-se-qualifiait/,Odoxa,,2017-04-12,2017-04-13,2017-04-13,1001,,Premier tour,,Marine Le Pen,23.0
,Odoxa 12-13 avr. (WP),http://www.odoxa.fr/sondage/presidentielle-lincertitude-totale-1er-tour-bien-2nd-tour-macron-se-qualifiait/,Odoxa,,2017-04-12,2017-04-13,2017-04-13,1001,,Premier tour,,Jacques Cheminade,0.0
,Harris Interactive 11-13 avr. (WP),http://harris-interactive.fr/wp-content/uploads/sites/6/2017/04/Rapport-Harris-Indeed-Intentions-vote-election-presidentielle-LCP.pdf,Harris Interactive,,2017-04-11,2017-04-13,2017-04-13,1002,,Premier tour,,Nathalie Arthaud,0.5
,Harris Interactive 11-13 avr. (WP),http://harris-interactive.fr/wp-content/uploads/sites/6/2017/04/Rapport-Harris-Indeed-Intentions-vote-election-presidentielle-LCP.pdf,Harris Interactive,,2017-04-11,2017-04-13,2017-04-13,1002,,Premier tour,,Philippe Poutou,1.0
,Harris Interactive 11-13 avr. (WP),http://harris-interactive.fr/wp-content/uploads/sites/6/2017/04/Rapport-Harris-Indeed-Intentions-vote-election-presidentielle-LCP.pdf,Harris Interactive,,2017-04-11,2017-04-13,2017-04-13,1002,,Premier tour,,Jean-Luc Mélenchon,19.0
,Harris Interactive 11-13 avr. (WP),http://harris-interactive.fr/wp-content/uploads/sites/6/2017/04/Rapport-Harris-Indeed-Intentions-vote-election-presidentielle-LCP.pdf,Harris Interactive,,2017-04-11,2017-04-13,2017-04-13,1002,,Premier tour,,Benoît Hamon,8.0
,Harris Interactive 11-13 avr. (WP),http://harris-interactive.fr/wp-content/uploads/sites/6/2017/04/Rapport-Harris-Indeed-Intentions-vote-election-presidentielle-LCP.pdf,Harris Interactive,,2017-04-11,2017-04-13,2017-04-13,1002,,Premier tour,,Emmanuel Macron,24.0
,Harris Interactive 11-13 avr. (WP),http://harris-interactive.fr/wp-content/uploads/sites/6/2017/04/Rapport-Harris-Indeed-Intentions-vote-election-presidentielle-LCP.pdf,Harris Interactive,,2017-04-11,2017-04-13,2017-04-13,1002,,Premier tour,,Jean Lassalle,1.0
,Harris Interactive 11-13 avr. (WP),http://harris-interactive.fr/wp-content/uploads/sites/6/2017/04/Rapport-Harris-Indeed-Intentions-vote-election-presidentielle-LCP.pdf,Harris Interactive,,2017-04-11,2017-04-13,2017-04-13,1002,,Premier tour,,François Fillon,20.0
,Harris Interactive 11-13 avr. (WP),http://harris-interactive.fr/wp-content/uploads/sites/6/2017/04/Rapport-Harris-Indeed-Intentions-vote-election-presidentielle-LCP.pdf,Harris Interactive,,2017-04-11,2017-04-13,2017-04-13,1002,,Premier tour,,Nicolas Dupont-Aignan,4.0
,Harris Interactive 11-13 avr. (WP),http://harris-interactive.fr/wp-content/uploads/sites/6/2017/04/Rapport-Harris-Indeed-Intentions-vote-election-presidentielle-LCP.pdf,Harris Interactive,,2017-04-11,2017-04-13,2017-04-13,1002,,Premier tour,,François Asselineau,1.0
,Harris Interactive 11-13 avr. (WP),http://harris-interactive.fr/wp-content/uploads/sites/6/2017/04/Rapport-Harris-Indeed-Intentions-vote-election-presidentielle-LCP.pdf,Harris Interactive,,2017-04-11,2017-04-13,2017-04-13,1002,,Premier tour,,Marine Le Pen,22.0
,Harris Interactive 11-13 avr. (WP),http://harris-interactive.fr/wp-content/uploads/sites/6/2017/04/Rapport-Harris-Indeed-Intentions-vote-election-presidentielle-LCP.pdf,Harris Interactive,,2017-04-11,2017-04-13,2017-04-13,1002,,Premier tour,,Jacques Cheminade,0.5
,Elabe 9-10 avr. (WP),http://elabe.fr/wp-content/uploads/2017/04/11042017_bfmtv_lexpress_intentions-de-vote-presidentielles-vague-8.pdf,Elabe,,2017-04-09,2017-04-10,2017-04-10,807,,Premier tour,,Nathalie Arthaud,0.5
,Elabe 9-10 avr. (WP),http://elabe.fr/wp-content/uploads/2017/04/11042017_bfmtv_lexpress_intentions-de-vote-presidentielles-vague-8.pdf,Elabe,,2017-04-09,2017-04-10,2017-04-10,807,,Premier tour,,Philippe Poutou,2.5
,Elabe 9-10 avr. (WP),http://elabe.fr/wp-content/uploads/2017/04/11042017_bfmtv_lexpress_intentions-de-vote-presidentielles-vague-8.pdf,Elabe,,2017-04-09,2017-04-10,2017-04-10,807,,Premier tour,,Jean-Luc Mélenchon,17.0
,Elabe 9-10 avr. (WP),http://elabe.fr/wp-content/uploads/2017/04/11042017_bfmtv_lexpress_intentions-de-vote-presidentielles-vague-8.pdf,Elabe,,2017-04-09,2017-04-10,2017-04-10,807,,Premier tour,,Benoît Hamon,10.0
,Elabe 9-10 avr. (WP),http://elabe.fr/wp-content/uploads/2017/04/11042017_bfmtv_lexpress_intentions-de-vote-presidentielles-vague-8.pdf,Elabe,,2017-04-09,2017-04-10,2017-04-10,807,,Premier tour,,Emmanuel Macron,23.0
,Elabe 9-10 avr. (WP),http://elabe.fr/wp-content/uploads/2017/04/11042017_bfmtv_lexpress_intentions-de-vote-presidentielles-vague-8.pdf,Elabe,,2017-04-09,2017-04-10,2017-04-10,807,,Premier tour,,Jean Lassalle,0.5
,Elabe 9-10 avr. (WP),http://elabe.fr/wp-content/uploads/2017/04/11042017_bfmtv_lexpress_intentions-de-vote-presidentielles-vague-8.pdf,Elabe,,2017-04-09,2017-04-10,2017-04-10,807,,Premier tour,,François Fillon,19.0
,Elabe 9-10 avr. (WP),http://elabe.fr/wp-content/uploads/2017/04/11042017_bfmtv_lexpress_intentions-de-vote-presidentielles-vague-8.pdf,Elabe,,2017-04-09,2017-04-10,2017-04-10,807,,Premier tour,,Nicolas Dupont-Aignan,4.0
,Elabe 9-10 avr. (WP),http://elabe.fr/wp-content/uploads/2017/04/11042017_bfmtv_lexpress_intentions-de-vote-presidentielles-vague-8.pdf,Elabe,,2017-04-09,2017-04-10,2017-04-10,807,,Premier tour,,François Asselineau,0.5
,Elabe 9-10 avr. (WP),http://elabe.fr/wp-content/uploads/2017/04/11042017_bfmtv_lexpress_intentions-de-vote-presidentielles-vague-8.pdf,Elabe,,2017-04-09,2017-04-10,2017-04-10,807,,Premier tour,,Marine Le Pen,23.0
,Elabe 9-10 avr. (WP),http://elabe.fr/wp-content/uploads/2017/04/11042017_bfmtv_lexpress_intentions-de-vote-presidentielles-vague-8.pdf,Elabe,,2017-04-09,2017-04-10,2017-04-10,807,,Premier tour,,Jacques Cheminade,0.5
,TNS Sofres 5-7 avr. (WP),http://fr.kantar.com/elections/presidentielle/2017/intentions-de-vote-forte-percee-de-jean-luc-melenchon/,TNS Sofres,,2017-04-05,2017-04-07,2017-04-07,1515,,Premier tour,,Nathalie Arthaud,0.5
,TNS Sofres 5-7 avr. (WP),http://fr.kantar.com/elections/presidentielle/2017/intentions-de-vote-forte-percee-de-jean-luc-melenchon/,TNS Sofres,,2017-04-05,2017-04-07,2017-04-07,1515,,Premier tour,,Philippe Poutou,2.5
,TNS Sofres 5-7 avr. (WP),http://fr.kantar.com/elections/presidentielle/2017/intentions-de-vote-forte-percee-de-jean-luc-melenchon/,TNS Sofres,,2017-04-05,2017-04-07,2017-04-07,1515,,Premier tour,,Jean-Luc Mélenchon,18.0
,TNS Sofres 5-7 avr. (WP),http://fr.kantar.com/elections/presidentielle/2017/intentions-de-vote-forte-percee-de-jean-luc-melenchon/,TNS Sofres,,2017-04-05,2017-04-07,2017-04-07,1515,,Premier tour,,Benoît Hamon,9.0
,TNS Sofres 5-7 avr. (WP),http://fr.kantar.com/elections/presidentielle/2017/intentions-de-vote-forte-percee-de-jean-luc-melenchon/,TNS Sofres,,2017-04-05,2017-04-07,2017-04-07,1515,,Premier tour,,Emmanuel Macron,24.0
,TNS Sofres 5-7 avr. (WP),http://fr.kantar.com/elections/presidentielle/2017/intentions-de-vote-forte-percee-de-jean-luc-melenchon/,TNS Sofres,,2017-04-05,2017-04-07,2017-04-07,1515,,Premier tour,,Jean Lassalle,0.5
,TNS Sofres 5-7 avr. (WP),http://fr.kantar.com/elections/presidentielle/2017/intentions-de-vote-forte-percee-de-jean-luc-melenchon/,TNS Sofres,,2017-04-05,2017-04-07,2017-04-07,1515,,Premier tour,,François Fillon,17.0
,TNS Sofres 5-7 avr. (WP),http://fr.kantar.com/elections/presidentielle/2017/intentions-de-vote-forte-percee-de-jean-luc-melenchon/,TNS Sofres,,2017-04-05,2017-04-07,2017-04-07,1515,,Premier tour,,Nicolas Dupont-Aignan,3.5
,TNS Sofres 5-7 avr. (WP),http://fr.kantar.com/elections/presidentielle/2017/intentions-de-vote-forte-percee-de-jean-luc-melenchon/,TNS Sofres,,2017-04-05,2017-04-07,2017-04-07,1515,,Premier tour,,François Asselineau,1.0
,TNS Sofres 5-7 avr. (WP),http://fr.kantar.com/elections/presidentielle/2017/intentions-de-vote-forte-percee-de-jean-luc-melenchon/,TNS Sofres,,2017-04-05,2017-04-07,2017-04-07,1515,,Premier tour,,Marine Le Pen,24.0
,TNS Sofres 5-7 avr. (WP),http://fr.kantar.com/elections/presidentielle/2017/intentions-de-vote-forte-percee-de-jean-luc-melenchon/,TNS Sofres,,2017-04-05,2017-04-07,2017-04-07,1515,,Premier tour,,Jacques Cheminade,0.5
,Harris Interactive 5-6 avr. (WP),http://harris-interactive.fr/wp-content/uploads/sites/6/2017/04/Rapport-Harris-Intentions-vote-election-presidentielle-LCP.pdf,Harris Interactive,,2017-04-05,2017-04-06,2017-04-06,1014,,Premier tour,,Nathalie Arthaud,1.0
,Harris Interactive 5-6 avr. (WP),http://harris-interactive.fr/wp-content/uploads/sites/6/2017/04/Rapport-Harris-Intentions-vote-election-presidentielle-LCP.pdf,Harris Interactive,,2017-04-05,2017-04-06,2017-04-06,1014,,Premier tour,,Philippe Poutou,1.0
,Harris Interactive 5-6 avr. (WP),http://harris-interactive.fr/wp-content/uploads/sites/6/2017/04/Rapport-Harris-Intentions-vote-election-presidentielle-LCP.pdf,Harris Interactive,,2017-04-05,2017-04-06,2017-04-06,1014,,Premier tour,,Jean-Luc Mélenchon,18.0
,Harris Interactive 5-6 avr. (WP),http://harris-interactive.fr/wp-content/uploads/sites/6/2017/04/Rapport-Harris-Intentions-vote-election-presidentielle-LCP.pdf,Harris Interactive,,2017-04-05,2017-04-06,2017-04-06,1014,,Premier tour,,Benoît Hamon,9.0
,Harris Interactive 5-6 avr. (WP),http://harris-interactive.fr/wp-content/uploads/sites/6/2017/04/Rapport-Harris-Intentions-vote-election-presidentielle-LCP.pdf,Harris Interactive,,2017-04-05,2017-04-06,2017-04-06,1014,,Premier tour,,Emmanuel Macron,24.0
,Harris Interactive 5-6 avr. (WP),http://harris-interactive.fr/wp-content/uploads/sites/6/2017/04/Rapport-Harris-Intentions-vote-election-presidentielle-LCP.pdf,Harris Interactive,,2017-04-05,2017-04-06,2017-04-06,1014,,Premier tour,,Jean Lassalle,1.0
,Harris Interactive 5-6 avr. (WP),http://harris-interactive.fr/wp-content/uploads/sites/6/2017/04/Rapport-Harris-Intentions-vote-election-presidentielle-LCP.pdf,Harris Interactive,,2017-04-05,2017-04-06,2017-04-06,1014,,Premier tour,,François Fillon,19.0
,Harris Interactive 5-6 avr. (WP),http://harris-interactive.fr/wp-content/uploads/sites/6/2017/04/Rapport-Harris-Intentions-vote-election-presidentielle-LCP.pdf,Harris Interactive,,2017-04-05,2017-04-06,2017-04-06,1014,,Premier tour,,Nicolas Dupont-Aignan,3.0
,Harris Interactive 5-6 avr. (WP),http://harris-interactive.fr/wp-content/uploads/sites/6/2017/04/Rapport-Harris-Intentions-vote-election-presidentielle-LCP.pdf,Harris Interactive,,2017-04-05,2017-04-06,2017-04-06,1014,,Premier tour,,François Asselineau,1.0
,Harris Interactive 5-6 avr. (WP),http://harris-interactive.fr/wp-content/uploads/sites/6/2017/04/Rapport-Harris-Intentions-vote-election-presidentielle-LCP.pdf,Harris Interactive,,2017-04-05,2017-04-06,2017-04-06,1014,,Premier tour,,Marine Le Pen,23.0
,Harris Interactive 5-6 avr. (WP),http://harris-interactive.fr/wp-content/uploads/sites/6/2017/04/Rapport-Harris-Intentions-vote-election-presidentielle-LCP.pdf,Harris Interactive,,2017-04-05,2017-04-06,2017-04-06,1014,,Premier tour,,Jacques Cheminade,0.5
,Opinion Way 4-6 avr. (WP),http://opinionlab.opinion-way.com/dokumenty/PresiTRACK-OpinionWay-Orpi-Resultats-semaine-3au7avril.pdf,Opinion Way,,2017-04-04,2017-04-06,2017-04-06,1500,,Premier tour,,Nathalie Arthaud,0.0
,Opinion Way 4-6 avr. (WP),http://opinionlab.opinion-way.com/dokumenty/PresiTRACK-OpinionWay-Orpi-Resultats-semaine-3au7avril.pdf,Opinion Way,,2017-04-04,2017-04-06,2017-04-06,1500,,Premier tour,,Philippe Poutou,2.0
,Opinion Way 4-6 avr. (WP),http://opinionlab.opinion-way.com/dokumenty/PresiTRACK-OpinionWay-Orpi-Resultats-semaine-3au7avril.pdf,Opinion Way,,2017-04-04,2017-04-06,2017-04-06,1500,,Premier tour,,Jean-Luc Mélenchon,16.0
,Opinion Way 4-6 avr. (WP),http://opinionlab.opinion-way.com/dokumenty/PresiTRACK-OpinionWay-Orpi-Resultats-semaine-3au7avril.pdf,Opinion Way,,2017-04-04,2017-04-06,2017-04-06,1500,,Premier tour,,Benoît Hamon,10.0
,Opinion Way 4-6 avr. (WP),http://opinionlab.opinion-way.com/dokumenty/PresiTRACK-OpinionWay-Orpi-Resultats-semaine-3au7avril.pdf,Opinion Way,,2017-04-04,2017-04-06,2017-04-06,1500,,Premier tour,,Emmanuel Macron,24.0
,Opinion Way 4-6 avr. (WP),http://opinionlab.opinion-way.com/dokumenty/PresiTRACK-OpinionWay-Orpi-Resultats-semaine-3au7avril.pdf,Opinion Way,,2017-04-04,2017-04-06,2017-04-06,1500,,Premier tour,,Jean Lassalle,0.0
,Opinion Way 4-6 avr. (WP),http://opinionlab.opinion-way.com/dokumenty/PresiTRACK-OpinionWay-Orpi-Resultats-semaine-3au7avril.pdf,Opinion Way,,2017-04-04,2017-04-06,2017-04-06,1500,,Premier tour,,François Fillon,20.0
,Opinion Way 4-6 avr. (WP),http://opinionlab.opinion-way.com/dokumenty/PresiTRACK-OpinionWay-Orpi-Resultats-semaine-3au7avril.pdf,Opinion Way,,2017-04-04,2017-04-06,2017-04-06,1500,,Premier tour,,Nicolas Dupont-Aignan,3.0
,Opinion Way 4-6 avr. (WP),http://opinionlab.opinion-way.com/dokumenty/PresiTRACK-OpinionWay-Orpi-Resultats-semaine-3au7avril.pdf,Opinion Way,,2017-04-04,2017-04-06,2017-04-06,1500,,Premier tour,,François Asselineau,0.0
,Opinion Way 4-6 avr. (WP),http://opinionlab.opinion-way.com/dokumenty/PresiTRACK-OpinionWay-Orpi-Resultats-semaine-3au7avril.pdf,Opinion Way,,2017-04-04,2017-04-06,2017-04-06,1500,,Premier tour,,Marine Le Pen,25.0
,Opinion Way 4-6 avr. (WP),http://opinionlab.opinion-way.com/dokumenty/PresiTRACK-OpinionWay-Orpi-Resultats-semaine-3au7avril.pdf,Opinion Way,,2017-04-04,2017-04-06,2017-04-06,1500,,Premier tour,,Jacques Cheminade,0.0
,Odoxa 5 avr. (WP),http://www.odoxa.fr/sondage/redevient-possible-presidentielle-tourne-match-a-quatre/,Odoxa,,2017-04-05,2017-04-05,2017-04-05,1001,,Premier tour,,Nathalie Arthaud,0.5
,Odoxa 5 avr. (WP),http://www.odoxa.fr/sondage/redevient-possible-presidentielle-tourne-match-a-quatre/,Odoxa,,2017-04-05,2017-04-05,2017-04-05,1001,,Premier tour,,Philippe Poutou,2.0
,Odoxa 5 avr. (WP),http://www.odoxa.fr/sondage/redevient-possible-presidentielle-tourne-match-a-quatre/,Odoxa,,2017-04-05,2017-04-05,2017-04-05,1001,,Premier tour,,Jean-Luc Mélenchon,18.0
,Odoxa 5 avr. (WP),http://www.odoxa.fr/sondage/redevient-possible-presidentielle-tourne-match-a-quatre/,Odoxa,,2017-04-05,2017-04-05,2017-04-05,1001,,Premier tour,,Benoît Hamon,9.0
,Odoxa 5 avr. (WP),http://www.odoxa.fr/sondage/redevient-possible-presidentielle-tourne-match-a-quatre/,Odoxa,,2017-04-05,2017-04-05,2017-04-05,1001,,Premier tour,,Emmanuel Macron,23.5
,Odoxa 5 avr. (WP),http://www.odoxa.fr/sondage/redevient-possible-presidentielle-tourne-match-a-quatre/,Odoxa,,2017-04-05,2017-04-05,2017-04-05,1001,,Premier tour,,Jean Lassalle,0.5
,Odoxa 5 avr. (WP),http://www.odoxa.fr/sondage/redevient-possible-presidentielle-tourne-match-a-quatre/,Odoxa,,2017-04-05,2017-04-05,2017-04-05,1001,,Premier tour,,François Fillon,18.5
,Odoxa 5 avr. (WP),http://www.odoxa.fr/sondage/redevient-possible-presidentielle-tourne-match-a-quatre/,Odoxa,,2017-04-05,2017-04-05,2017-04-05,1001,,Premier tour,,Nicolas Dupont-Aignan,4.0
,Odoxa 5 avr. (WP),http://www.odoxa.fr/sondage/redevient-possible-presidentielle-tourne-match-a-quatre/,Odoxa,,2017-04-05,2017-04-05,2017-04-05,1001,,Premier tour,,François Asselineau,1.0
,Odoxa 5 avr. (WP),http://www.odoxa.fr/sondage/redevient-possible-presidentielle-tourne-match-a-quatre/,Odoxa,,2017-04-05,2017-04-05,2017-04-05,1001,,Premier tour,,Marine Le Pen,23.0
,Odoxa 5 avr. (WP),http://www.odoxa.fr/sondage/redevient-possible-presidentielle-tourne-match-a-quatre/,Odoxa,,2017-04-05,2017-04-05,2017-04-05,1001,,Premier tour,,Jacques Cheminade,0.0
,Elabe 5 avr. (WP),http://elabe.fr/wp-content/uploads/2017/04/05042017_bfmtv_lexpress_intentions-de-vote-presidentielles-vague-7.pdf,Elabe,,2017-04-05,2017-04-05,2017-04-05,995,,Premier tour,,Nathalie Arthaud,1.0
,Elabe 5 avr. (WP),http://elabe.fr/wp-content/uploads/2017/04/05042017_bfmtv_lexpress_intentions-de-vote-presidentielles-vague-7.pdf,Elabe,,2017-04-05,2017-04-05,2017-04-05,995,,Premier tour,,Philippe Poutou,1.5
,Elabe 5 avr. (WP),http://elabe.fr/wp-content/uploads/2017/04/05042017_bfmtv_lexpress_intentions-de-vote-presidentielles-vague-7.pdf,Elabe,,2017-04-05,2017-04-05,2017-04-05,995,,Premier tour,,Jean-Luc Mélenchon,17.0
,Elabe 5 avr. (WP),http://elabe.fr/wp-content/uploads/2017/04/05042017_bfmtv_lexpress_intentions-de-vote-presidentielles-vague-7.pdf,Elabe,,2017-04-05,2017-04-05,2017-04-05,995,,Premier tour,,Benoît Hamon,9.0
,Elabe 5 avr. (WP),http://elabe.fr/wp-content/uploads/2017/04/05042017_bfmtv_lexpress_intentions-de-vote-presidentielles-vague-7.pdf,Elabe,,2017-04-05,2017-04-05,2017-04-05,995,,Premier tour,,Emmanuel Macron,23.5
,Elabe 5 avr. (WP),http://elabe.fr/wp-content/uploads/2017/04/05042017_bfmtv_lexpress_intentions-de-vote-presidentielles-vague-7.pdf,Elabe,,2017-04-05,2017-04-05,2017-04-05,995,,Premier tour,,Jean Lassalle,1.0
,Elabe 5 avr. (WP),http://elabe.fr/wp-content/uploads/2017/04/05042017_bfmtv_lexpress_intentions-de-vote-presidentielles-vague-7.pdf,Elabe,,2017-04-05,2017-04-05,2017-04-05,995,,Premier tour,,François Fillon,19.0
,Elabe 5 avr. (WP),http://elabe.fr/wp-content/uploads/2017/04/05042017_bfmtv_lexpress_intentions-de-vote-presidentielles-vague-7.pdf,Elabe,,2017-04-05,2017-04-05,2017-04-05,995,,Premier tour,,Nicolas Dupont-Aignan,4.5
,Elabe 5 avr. (WP),http://elabe.fr/wp-content/uploads/2017/04/05042017_bfmtv_lexpress_intentions-de-vote-presidentielles-vague-7.pdf,Elabe,,2017-04-05,2017-04-05,2017-04-05,995,,Premier tour,,François Asselineau,0.5
,Elabe 5 avr. (WP),http://elabe.fr/wp-content/uploads/2017/04/05042017_bfmtv_lexpress_intentions-de-vote-presidentielles-vague-7.pdf,Elabe,,2017-04-05,2017-04-05,2017-04-05,995,,Premier tour,,Marine Le Pen,23.5
,Elabe 5 avr. (WP),http://elabe.fr/wp-content/uploads/2017/04/05042017_bfmtv_lexpress_intentions-de-vote-presidentielles-vague-7.pdf,Elabe,,2017-04-05,2017-04-05,2017-04-05,995,,Premier tour,,Jacques Cheminade,0.5
,Harris Interactive 3-5 avr. (WP),http://harris-interactive.fr/wp-content/uploads/sites/6/2017/04/Rapport-Harris-Intentions-de-vote-a-lelection-presidentielle-France-TV.pdf,Harris Interactive,,2017-04-03,2017-04-05,2017-04-05,6274,,Premier tour,,Nathalie Arthaud,1.0
,Harris Interactive 3-5 avr. (WP),http://harris-interactive.fr/wp-content/uploads/sites/6/2017/04/Rapport-Harris-Intentions-de-vote-a-lelection-presidentielle-France-TV.pdf,Harris Interactive,,2017-04-03,2017-04-05,2017-04-05,6274,,Premier tour,,Philippe Poutou,1.0
,Harris Interactive 3-5 avr. (WP),http://harris-interactive.fr/wp-content/uploads/sites/6/2017/04/Rapport-Harris-Intentions-de-vote-a-lelection-presidentielle-France-TV.pdf,Harris Interactive,,2017-04-03,2017-04-05,2017-04-05,6274,,Premier tour,,Jean-Luc Mélenchon,17.0
,Harris Interactive 3-5 avr. (WP),http://harris-interactive.fr/wp-content/uploads/sites/6/2017/04/Rapport-Harris-Intentions-de-vote-a-lelection-presidentielle-France-TV.pdf,Harris Interactive,,2017-04-03,2017-04-05,2017-04-05,6274,,Premier tour,,Benoît Hamon,9.0
,Harris Interactive 3-5 avr. (WP),http://harris-interactive.fr/wp-content/uploads/sites/6/2017/04/Rapport-Harris-Intentions-de-vote-a-lelection-presidentielle-France-TV.pdf,Harris Interactive,,2017-04-03,2017-04-05,2017-04-05,6274,,Premier tour,,Emmanuel Macron,25.0
,Harris Interactive 3-5 avr. (WP),http://harris-interactive.fr/wp-content/uploads/sites/6/2017/04/Rapport-Harris-Intentions-de-vote-a-lelection-presidentielle-France-TV.pdf,Harris Interactive,,2017-04-03,2017-04-05,2017-04-05,6274,,Premier tour,,Jean Lassalle,1.0
,Harris Interactive 3-5 avr. (WP),http://harris-interactive.fr/wp-content/uploads/sites/6/2017/04/Rapport-Harris-Intentions-de-vote-a-lelection-presidentielle-France-TV.pdf,Harris Interactive,,2017-04-03,2017-04-05,2017-04-05,6274,,Premier tour,,François Fillon,18.0
,Harris Interactive 3-5 avr. (WP),http://harris-interactive.fr/wp-content/uploads/sites/6/2017/04/Rapport-Harris-Intentions-de-vote-a-lelection-presidentielle-France-TV.pdf,Harris Interactive,,2017-04-03,2017-04-05,2017-04-05,6274,,Premier tour,,Nicolas Dupont-Aignan,3.0
,Harris Interactive 3-5 avr. (WP),http://harris-interactive.fr/wp-content/uploads/sites/6/2017/04/Rapport-Harris-Intentions-de-vote-a-lelection-presidentielle-France-TV.pdf,Harris Interactive,,2017-04-03,2017-04-05,2017-04-05,6274,,Premier tour,,François Asselineau,1.0
,Harris Interactive 3-5 avr. (WP),http://harris-interactive.fr/wp-content/uploads/sites/6/2017/04/Rapport-Harris-Intentions-de-vote-a-lelection-presidentielle-France-TV.pdf,Harris Interactive,,2017-04-03,2017-04-05,2017-04-05,6274,,Premier tour,,Marine Le Pen,24.0
,Harris Interactive 3-5 avr. (WP),http://harris-interactive.fr/wp-content/uploads/sites/6/2017/04/Rapport-Harris-Intentions-de-vote-a-lelection-presidentielle-France-TV.pdf,Harris Interactive,,2017-04-03,2017-04-05,2017-04-05,6274,,Premier tour,,Jacques Cheminade,0.5
,Ipsos  (WP),http://www.ipsos.fr/sites/default/files/doc_associe/cevipof_vague12bis.pdf,Ipsos,,,,,9460,,Premier tour,,Nathalie Arthaud,1.0
,Ipsos  (WP),http://www.ipsos.fr/sites/default/files/doc_associe/cevipof_vague12bis.pdf,Ipsos,,,,,9460,,Premier tour,,Philippe Poutou,1.0
,Ipsos  (WP),http://www.ipsos.fr/sites/default/files/doc_associe/cevipof_vague12bis.pdf,Ipsos,,,,,9460,,Premier tour,,Jean-Luc Mélenchon,15.0
,Ipsos  (WP),http://www.ipsos.fr/sites/default/files/doc_associe/cevipof_vague12bis.pdf,Ipsos,,,,,9460,,Premier tour,,Benoît Hamon,10.0
,Ipsos  (WP),http://www.ipsos.fr/sites/default/files/doc_associe/cevipof_vague12bis.pdf,Ipsos,,,,,9460,,Premier tour,,Emmanuel Macron,25.0
,Ipsos  (WP),http://www.ipsos.fr/sites/default/files/doc_associe/cevipof_vague12bis.pdf,Ipsos,,,,,9460,,Premier tour,,Jean Lassalle,1.0
,Ipsos  (WP),http://www.ipsos.fr/sites/default/files/doc_associe/cevipof_vague12bis.pdf,Ipsos,,,,,9460,,Premier tour,,François Fillon,17.5
,Ipsos  (WP),http://www.ipsos.fr/sites/default/files/doc_associe/cevipof_vague12bis.pdf,Ipsos,,,,,9460,,Premier tour,,Nicolas Dupont-Aignan,4.0
,Ipsos  (WP),http://www.ipsos.fr/sites/default/files/doc_associe/cevipof_vague12bis.pdf,Ipsos,,,,,9460,,Premier tour,,François Asselineau,0.5
,Ipsos  (WP),http://www.ipsos.fr/sites/default/files/doc_associe/cevipof_vague12bis.pdf,Ipsos,,,,,9460,,Premier tour,,Marine Le Pen,25.0
,Ipsos  (WP),http://www.ipsos.fr/sites/default/files/doc_associe/cevipof_vague12bis.pdf,Ipsos,,,,,9460,,Premier tour,,Jacques Cheminade,0.5
,Odoxa 29-30 mars (WP),http://www.odoxa.fr/sondage/bombe-melenchon-talonne-fillon-tomber-hamon-10/,Odoxa,,2017-03-29,2017-03-30,2017-03-30,969,,Premier tour,,Nathalie Arthaud,0.0
,Odoxa 29-30 mars (WP),http://www.odoxa.fr/sondage/bombe-melenchon-talonne-fillon-tomber-hamon-10/,Odoxa,,2017-03-29,2017-03-30,2017-03-30,969,,Premier tour,,Philippe Poutou,1.5
,Odoxa 29-30 mars (WP),http://www.odoxa.fr/sondage/bombe-melenchon-talonne-fillon-tomber-hamon-10/,Odoxa,,2017-03-29,2017-03-30,2017-03-30,969,,Premier tour,,Jean-Luc Mélenchon,16.0
,Odoxa 29-30 mars (WP),http://www.odoxa.fr/sondage/bombe-melenchon-talonne-fillon-tomber-hamon-10/,Odoxa,,2017-03-29,2017-03-30,2017-03-30,969,,Premier tour,,Benoît Hamon,8.0
,Odoxa 29-30 mars (WP),http://www.odoxa.fr/sondage/bombe-melenchon-talonne-fillon-tomber-hamon-10/,Odoxa,,2017-03-29,2017-03-30,2017-03-30,969,,Premier tour,,Emmanuel Macron,26.0
,Odoxa 29-30 mars (WP),http://www.odoxa.fr/sondage/bombe-melenchon-talonne-fillon-tomber-hamon-10/,Odoxa,,2017-03-29,2017-03-30,2017-03-30,969,,Premier tour,,Jean Lassalle,1.0
,Odoxa 29-30 mars (WP),http://www.odoxa.fr/sondage/bombe-melenchon-talonne-fillon-tomber-hamon-10/,Odoxa,,2017-03-29,2017-03-30,2017-03-30,969,,Premier tour,,François Fillon,17.0
,Odoxa 29-30 mars (WP),http://www.odoxa.fr/sondage/bombe-melenchon-talonne-fillon-tomber-hamon-10/,Odoxa,,2017-03-29,2017-03-30,2017-03-30,969,,Premier tour,,Nicolas Dupont-Aignan,5.0
,Odoxa 29-30 mars (WP),http://www.odoxa.fr/sondage/bombe-melenchon-talonne-fillon-tomber-hamon-10/,Odoxa,,2017-03-29,2017-03-30,2017-03-30,969,,Premier tour,,François Asselineau,0.5
,Odoxa 29-30 mars (WP),http://www.odoxa.fr/sondage/bombe-melenchon-talonne-fillon-tomber-hamon-10/,Odoxa,,2017-03-29,2017-03-30,2017-03-30,969,,Premier tour,,Marine Le Pen,25.0
,Odoxa 29-30 mars (WP),http://www.odoxa.fr/sondage/bombe-melenchon-talonne-fillon-tomber-hamon-10/,Odoxa,,2017-03-29,2017-03-30,2017-03-30,969,,Premier tour,,Jacques Cheminade,0.0
,Harris Interactive 21-22 mars (WP),http://harris-interactive.fr/wp-content/uploads/sites/6/2017/03/Rapport-Intentions-de-vote-election-presidentielle-France-TV.pdf,Harris Interactive,,2017-03-21,2017-03-22,2017-03-22,6955,,Premier tour,,Nathalie Arthaud,0.5
,Harris Interactive 21-22 mars (WP),http://harris-interactive.fr/wp-content/uploads/sites/6/2017/03/Rapport-Intentions-de-vote-election-presidentielle-France-TV.pdf,Harris Interactive,,2017-03-21,2017-03-22,2017-03-22,6955,,Premier tour,,Philippe Poutou,0.5
,Harris Interactive 21-22 mars (WP),http://harris-interactive.fr/wp-content/uploads/sites/6/2017/03/Rapport-Intentions-de-vote-election-presidentielle-France-TV.pdf,Harris Interactive,,2017-03-21,2017-03-22,2017-03-22,6955,,Premier tour,,Jean-Luc Mélenchon,13.5
,Harris Interactive 21-22 mars (WP),http://harris-interactive.fr/wp-content/uploads/sites/6/2017/03/Rapport-Intentions-de-vote-election-presidentielle-France-TV.pdf,Harris Interactive,,2017-03-21,2017-03-22,2017-03-22,6955,,Premier tour,,Benoît Hamon,12.5
,Harris Interactive 21-22 mars (WP),http://harris-interactive.fr/wp-content/uploads/sites/6/2017/03/Rapport-Intentions-de-vote-election-presidentielle-France-TV.pdf,Harris Interactive,,2017-03-21,2017-03-22,2017-03-22,6955,,Premier tour,,Emmanuel Macron,26.0
,Harris Interactive 21-22 mars (WP),http://harris-interactive.fr/wp-content/uploads/sites/6/2017/03/Rapport-Intentions-de-vote-election-presidentielle-France-TV.pdf,Harris Interactive,,2017-03-21,2017-03-22,2017-03-22,6955,,Premier tour,,Jean Lassalle,1.0
,Harris Interactive 21-22 mars (WP),http://harris-interactive.fr/wp-content/uploads/sites/6/2017/03/Rapport-Intentions-de-vote-election-presidentielle-France-TV.pdf,Harris Interactive,,2017-03-21,2017-03-22,2017-03-22,6955,,Premier tour,,François Fillon,18.0
,Harris Interactive 21-22 mars (WP),http://harris-interactive.fr/wp-content/uploads/sites/6/2017/03/Rapport-Intentions-de-vote-election-presidentielle-France-TV.pdf,Harris Interactive,,2017-03-21,2017-03-22,2017-03-22,6955,,Premier tour,,Nicolas Dupont-Aignan,4.0
,Harris Interactive 21-22 mars (WP),http://harris-interactive.fr/wp-content/uploads/sites/6/2017/03/Rapport-Intentions-de-vote-election-presidentielle-France-TV.pdf,Harris Interactive,,2017-03-21,2017-03-22,2017-03-22,6955,,Premier tour,,François Asselineau,0.5
,Harris Interactive 21-22 mars (WP),http://harris-interactive.fr/wp-content/uploads/sites/6/2017/03/Rapport-Intentions-de-vote-election-presidentielle-France-TV.pdf,Harris Interactive,,2017-03-21,2017-03-22,2017-03-22,6955,,Premier tour,,Marine Le Pen,25.0
,Harris Interactive 21-22 mars (WP),http://harris-interactive.fr/wp-content/uploads/sites/6/2017/03/Rapport-Intentions-de-vote-election-presidentielle-France-TV.pdf,Harris Interactive,,2017-03-21,2017-03-22,2017-03-22,6955,,Premier tour,,Jacques Cheminade,0.5
,TNS Sofres du 15 au 17 (WP),http://www.lefigaro.fr/politique/2017/03/19/01002-20170319ARTFIG00132-sondage-le-duel-macron-le-pen-s-installe-au-premier-tour.php,TNS Sofres,,,,,1508,,Premier tour,,Nathalie Arthaud,1.5
,TNS Sofres du 15 au 17 (WP),http://www.lefigaro.fr/politique/2017/03/19/01002-20170319ARTFIG00132-sondage-le-duel-macron-le-pen-s-installe-au-premier-tour.php,TNS Sofres,,,,,1508,,Premier tour,,Philippe Poutou,1.0
,TNS Sofres du 15 au 17 (WP),http://www.lefigaro.fr/politique/2017/03/19/01002-20170319ARTFIG00132-sondage-le-duel-macron-le-pen-s-installe-au-premier-tour.php,TNS Sofres,,,,,1508,,Premier tour,,Jean-Luc Mélenchon,12.0
,TNS Sofres du 15 au 17 (WP),http://www.lefigaro.fr/politique/2017/03/19/01002-20170319ARTFIG00132-sondage-le-duel-macron-le-pen-s-installe-au-premier-tour.php,TNS Sofres,,,,,1508,,Premier tour,,Benoît Hamon,12.0
,TNS Sofres du 15 au 17 (WP),http://www.lefigaro.fr/politique/2017/03/19/01002-20170319ARTFIG00132-sondage-le-duel-macron-le-pen-s-installe-au-premier-tour.php,TNS Sofres,,,,,1508,,Premier tour,,Emmanuel Macron,26.0
,TNS Sofres du 15 au 17 (WP),http://www.lefigaro.fr/politique/2017/03/19/01002-20170319ARTFIG00132-sondage-le-duel-macron-le-pen-s-installe-au-premier-tour.php,TNS Sofres,,,,,1508,,Premier tour,,Jean Lassalle,0.5
,TNS Sofres du 15 au 17 (WP),http://www.lefigaro.fr/politique/2017/03/19/01002-20170319ARTFIG00132-sondage-le-duel-macron-le-pen-s-installe-au-premier-tour.php,TNS Sofres,,,,,1508,,Premier tour,,François Fillon,17.0
,TNS Sofres du 15 au 17 (WP),http://www.lefigaro.fr/politique/2017/03/19/01002-20170319ARTFIG00132-sondage-le-duel-macron-le-pen-s-installe-au-premier-tour.php,TNS Sofres,,,,,1508,,Premier tour,,Nicolas Dupont-Aignan,3.0
,TNS Sofres du 15 au 17 (WP),http://www.lefigaro.fr/politique/2017/03/19/01002-20170319ARTFIG00132-sondage-le-duel-macron-le-pen-s-installe-au-premier-tour.php,TNS Sofres,,,,,1508,,Premier tour,,François Asselineau,1.0
,TNS Sofres du 15 au 17 (WP),http://www.lefigaro.fr/politique/2017/03/19/01002-20170319ARTFIG00132-sondage-le-duel-macron-le-pen-s-installe-au-premier-tour.php,TNS Sofres,,,,,1508,,Premier tour,,Marine Le Pen,26.0
,TNS Sofres du 15 au 17 (WP),http://www.lefigaro.fr/politique/2017/03/19/01002-20170319ARTFIG00132-sondage-le-duel-macron-le-pen-s-installe-au-premier-tour.php,TNS Sofres,,,,,1508,,Premier tour,,Jacques Cheminade,0.5
,BVA du 15 au 17 (WP),http://www.bva.fr/data/sondage/sondage_fiche/1962/fichier_intentions_de_vote_-_vague_13_-_pop2017_-_18_mars_2017_-_presentationd5dd0.pdf,BVA,,,,,1501,,Premier tour,,Nathalie Arthaud,1.0
,BVA du 15 au 17 (WP),http://www.bva.fr/data/sondage/sondage_fiche/1962/fichier_intentions_de_vote_-_vague_13_-_pop2017_-_18_mars_2017_-_presentationd5dd0.pdf,BVA,,,,,1501,,Premier tour,,Philippe Poutou,0.5
,BVA du 15 au 17 (WP),http://www.bva.fr/data/sondage/sondage_fiche/1962/fichier_intentions_de_vote_-_vague_13_-_pop2017_-_18_mars_2017_-_presentationd5dd0.pdf,BVA,,,,,1501,,Premier tour,,Jean-Luc Mélenchon,12.0
,BVA du 15 au 17 (WP),http://www.bva.fr/data/sondage/sondage_fiche/1962/fichier_intentions_de_vote_-_vague_13_-_pop2017_-_18_mars_2017_-_presentationd5dd0.pdf,BVA,,,,,1501,,Premier tour,,Benoît Hamon,12.5
,BVA du 15 au 17 (WP),http://www.bva.fr/data/sondage/sondage_fiche/1962/fichier_intentions_de_vote_-_vague_13_-_pop2017_-_18_mars_2017_-_presentationd5dd0.pdf,BVA,,,,,1501,,Premier tour,,Emmanuel Macron,25.0
,BVA du 15 au 17 (WP),http://www.bva.fr/data/sondage/sondage_fiche/1962/fichier_intentions_de_vote_-_vague_13_-_pop2017_-_18_mars_2017_-_presentationd5dd0.pdf,BVA,,,,,1501,,Premier tour,,François Fillon,19.5
,BVA du 15 au 17 (WP),http://www.bva.fr/data/sondage/sondage_fiche/1962/fichier_intentions_de_vote_-_vague_13_-_pop2017_-_18_mars_2017_-_presentationd5dd0.pdf,BVA,,,,,1501,,Premier tour,,Nicolas Dupont-Aignan,3.0
,BVA du 15 au 17 (WP),http://www.bva.fr/data/sondage/sondage_fiche/1962/fichier_intentions_de_vote_-_vague_13_-_pop2017_-_18_mars_2017_-_presentationd5dd0.pdf,BVA,,,,,1501,,Premier tour,,François Asselineau,1.0
,BVA du 15 au 17 (WP),http://www.bva.fr/data/sondage/sondage_fiche/1962/fichier_intentions_de_vote_-_vague_13_-_pop2017_-_18_mars_2017_-_presentationd5dd0.pdf,BVA,,,,,1501,,Premier tour,,Marine Le Pen,26.0
,Odoxa du 15 au 16 (WP),http://www.odoxa.fr/sondage/presidentielle-intention-de-vote-sociologie-electorats/,Odoxa,,,,,964,,Premier tour,,Nathalie Arthaud,1.0
,Odoxa du 15 au 16 (WP),http://www.odoxa.fr/sondage/presidentielle-intention-de-vote-sociologie-electorats/,Odoxa,,,,,964,,Premier tour,,Philippe Poutou,1.0
,Odoxa du 15 au 16 (WP),http://www.odoxa.fr/sondage/presidentielle-intention-de-vote-sociologie-electorats/,Odoxa,,,,,964,,Premier tour,,Jean-Luc Mélenchon,10.5
,Odoxa du 15 au 16 (WP),http://www.odoxa.fr/sondage/presidentielle-intention-de-vote-sociologie-electorats/,Odoxa,,,,,964,,Premier tour,,Benoît Hamon,12.5
,Odoxa du 15 au 16 (WP),http://www.odoxa.fr/sondage/presidentielle-intention-de-vote-sociologie-electorats/,Odoxa,,,,,964,,Premier tour,,Emmanuel Macron,26.5
,Odoxa du 15 au 16 (WP),http://www.odoxa.fr/sondage/presidentielle-intention-de-vote-sociologie-electorats/,Odoxa,,,,,964,,Premier tour,,Jean Lassalle,0.0
,Odoxa du 15 au 16 (WP),http://www.odoxa.fr/sondage/presidentielle-intention-de-vote-sociologie-electorats/,Odoxa,,,,,964,,Premier tour,,François Fillon,19.0
,Odoxa du 15 au 16 (WP),http://www.odoxa.fr/sondage/presidentielle-intention-de-vote-sociologie-electorats/,Odoxa,,,,,964,,Premier tour,,Nicolas Dupont-Aignan,3.0
,Odoxa du 15 au 16 (WP),http://www.odoxa.fr/sondage/presidentielle-intention-de-vote-sociologie-electorats/,Odoxa,,,,,964,,Premier tour,,François Asselineau,0.5
,Odoxa du 15 au 16 (WP),http://www.odoxa.fr/sondage/presidentielle-intention-de-vote-sociologie-electorats/,Odoxa,,,,,964,,Premier tour,,Marine Le Pen,26.0
,Odoxa du 15 au 16 (WP),http://www.odoxa.fr/sondage/presidentielle-intention-de-vote-sociologie-electorats/,Odoxa,,,,,964,,Premier tour,,Jacques Cheminade,0.0
,Ipsos du 6 au 7 (WP),https://www.enef.fr/app/download/15319658325/ENEF_vague11bis_mars+2017.pdf?t=1489065472,Ipsos,,,,,1000,,Premier tour,,Nathalie Arthaud,0.5
,Ipsos du 6 au 7 (WP),https://www.enef.fr/app/download/15319658325/ENEF_vague11bis_mars+2017.pdf?t=1489065472,Ipsos,,,,,1000,,Premier tour,,Philippe Poutou,1.0
,Ipsos du 6 au 7 (WP),https://www.enef.fr/app/download/15319658325/ENEF_vague11bis_mars+2017.pdf?t=1489065472,Ipsos,,,,,1000,,Premier tour,,Jean-Luc Mélenchon,1.0
,Ipsos du 6 au 7 (WP),https://www.enef.fr/app/download/15319658325/ENEF_vague11bis_mars+2017.pdf?t=1489065472,Ipsos,,,,,1000,,Premier tour,,Benoît Hamon,11.5
,Ipsos du 6 au 7 (WP),https://www.enef.fr/app/download/15319658325/ENEF_vague11bis_mars+2017.pdf?t=1489065472,Ipsos,,,,,1000,,Premier tour,,Emmanuel Macron,14.0
,Ipsos du 6 au 7 (WP),https://www.enef.fr/app/download/15319658325/ENEF_vague11bis_mars+2017.pdf?t=1489065472,Ipsos,,,,,1000,,Premier tour,,Jean Lassalle,23.0
,Ipsos du 6 au 7 (WP),https://www.enef.fr/app/download/15319658325/ENEF_vague11bis_mars+2017.pdf?t=1489065472,Ipsos,,,,,1000,,Premier tour,,François Fillon,19.5
,Ipsos du 6 au 7 (WP),https://www.enef.fr/app/download/15319658325/ENEF_vague11bis_mars+2017.pdf?t=1489065472,Ipsos,,,,,1000,,Premier tour,,Marine Le Pen,2.5
,Ipsos du 6 au 7 (WP),https://www.enef.fr/app/download/15319658325/ENEF_vague11bis_mars+2017.pdf?t=1489065472,Ipsos,,,,,1000,,Premier tour,,Jacques Cheminade,27.0
,Ifop du 2 au 4 (WP),http://www.ifop.com/media/poll/3677-1-study_file.pdf,Ifop,,,,,1822,,Premier tour,variante_2,Nathalie Arthaud,0.5
,Ifop du 2 au 4 (WP),http://www.ifop.com/media/poll/3677-1-study_file.pdf,Ifop,,,,,1822,,Premier tour,variante_2,Philippe Poutou,0.5
,Ifop du 2 au 4 (WP),http://www.ifop.com/media/poll/3677-1-study_file.pdf,Ifop,,,,,1822,,Premier tour,variante_2,Jean-Luc Mélenchon,11.5
,Ifop du 2 au 4 (WP),http://www.ifop.com/media/poll/3677-1-study_file.pdf,Ifop,,,,,1822,,Premier tour,variante_2,Benoît Hamon,13.0
,Ifop du 2 au 4 (WP),http://www.ifop.com/media/poll/3677-1-study_file.pdf,Ifop,,,,,1822,,Premier tour,variante_2,Emmanuel Macron,23.0
,Ifop du 2 au 4 (WP),http://www.ifop.com/media/poll/3677-1-study_file.pdf,Ifop,,,,,1822,,Premier tour,variante_2,Juppé,20.0
,Ifop du 2 au 4 (WP),http://www.ifop.com/media/poll/3677-1-study_file.pdf,Ifop,,,,,1822,,Premier tour,variante_2,Nicolas Dupont-Aignan,3.0
,Ifop du 2 au 4 (WP),http://www.ifop.com/media/poll/3677-1-study_file.pdf,Ifop,,,,,1822,,Premier tour,variante_2,Marine Le Pen,28.5
,Opinion Way 27 fév. - 3 mars (WP),http://opinionlab.opinion-way.com/dokumenty/PresiTRACK-27-02au03-03.pdf,Opinion Way,,,,,1500,,Premier tour,,Nathalie Arthaud,0.0
,Opinion Way 27 fév. - 3 mars (WP),http://opinionlab.opinion-way.com/dokumenty/PresiTRACK-27-02au03-03.pdf,Opinion Way,,,,,1500,,Premier tour,,Philippe Poutou,1.0
,Opinion Way 27 fév. - 3 mars (WP),http://opinionlab.opinion-way.com/dokumenty/PresiTRACK-27-02au03-03.pdf,Opinion Way,,,,,1500,,Premier tour,,Jean-Luc Mélenchon,11.0
,Opinion Way 27 fév. - 3 mars (WP),http://opinionlab.opinion-way.com/dokumenty/PresiTRACK-27-02au03-03.pdf,Opinion Way,,,,,1500,,Premier tour,,Benoît Hamon,15.0
,Opinion Way 27 fév. - 3 mars (WP),http://opinionlab.opinion-way.com/dokumenty/PresiTRACK-27-02au03-03.pdf,Opinion Way,,,,,1500,,Premier tour,,Emmanuel Macron,24.0
,Opinion Way 27 fév. - 3 mars (WP),http://opinionlab.opinion-way.com/dokumenty/PresiTRACK-27-02au03-03.pdf,Opinion Way,,,,,1500,,Premier tour,,François Fillon,19.0
,Opinion Way 27 fév. - 3 mars (WP),http://opinionlab.opinion-way.com/dokumenty/PresiTRACK-27-02au03-03.pdf,Opinion Way,,,,,1500,,Premier tour,,Nicolas Dupont-Aignan,3.0
,Opinion Way 27 fév. - 3 mars (WP),http://opinionlab.opinion-way.com/dokumenty/PresiTRACK-27-02au03-03.pdf,Opinion Way,,,,,1500,,Premier tour,,Marine Le Pen,27.0
,Odoxa du au 2 (WP),http://www.odoxa.fr/sondage/intention-de-vote-fillon-serait-elimine-juppe-serait-1er/,Odoxa,,,,,943,,Premier tour,variante_2,Nathalie Arthaud,0.5
,Odoxa du au 2 (WP),http://www.odoxa.fr/sondage/intention-de-vote-fillon-serait-elimine-juppe-serait-1er/,Odoxa,,,,,943,,Premier tour,variante_2,Philippe Poutou,1.0
,Odoxa du au 2 (WP),http://www.odoxa.fr/sondage/intention-de-vote-fillon-serait-elimine-juppe-serait-1er/,Odoxa,,,,,943,,Premier tour,variante_2,Jean-Luc Mélenchon,8.0
,Odoxa du au 2 (WP),http://www.odoxa.fr/sondage/intention-de-vote-fillon-serait-elimine-juppe-serait-1er/,Odoxa,,,,,943,,Premier tour,variante_2,Benoît Hamon,11.0
,Odoxa du au 2 (WP),http://www.odoxa.fr/sondage/intention-de-vote-fillon-serait-elimine-juppe-serait-1er/,Odoxa,,,,,943,,Premier tour,variante_2,Emmanuel Macron,25.0
,Odoxa du au 2 (WP),http://www.odoxa.fr/sondage/intention-de-vote-fillon-serait-elimine-juppe-serait-1er/,Odoxa,,,,,943,,Premier tour,variante_2,Juppé,26.5
,Odoxa du au 2 (WP),http://www.odoxa.fr/sondage/intention-de-vote-fillon-serait-elimine-juppe-serait-1er/,Odoxa,,,,,943,,Premier tour,variante_2,Nicolas Dupont-Aignan,4.0
,Odoxa du au 2 (WP),http://www.odoxa.fr/sondage/intention-de-vote-fillon-serait-elimine-juppe-serait-1er/,Odoxa,,,,,943,,Premier tour,variante_2,Marine Le Pen,24.0
,Elabe 28 fév. - 2 mars (WP),http://elabe.fr/wp-content/uploads/2017/03/02032017_les_echos_radio_classique_intentions-de-vote-presidentielles-vague-7.pdf,Elabe,,,,,1591,,Premier tour,,Nathalie Arthaud,1.0
,Elabe 28 fév. - 2 mars (WP),http://elabe.fr/wp-content/uploads/2017/03/02032017_les_echos_radio_classique_intentions-de-vote-presidentielles-vague-7.pdf,Elabe,,,,,1591,,Premier tour,,Philippe Poutou,1.0
,Elabe 28 fév. - 2 mars (WP),http://elabe.fr/wp-content/uploads/2017/03/02032017_les_echos_radio_classique_intentions-de-vote-presidentielles-vague-7.pdf,Elabe,,,,,1591,,Premier tour,,Jean-Luc Mélenchon,12.5
,Elabe 28 fév. - 2 mars (WP),http://elabe.fr/wp-content/uploads/2017/03/02032017_les_echos_radio_classique_intentions-de-vote-presidentielles-vague-7.pdf,Elabe,,,,,1591,,Premier tour,,Benoît Hamon,12.5
,Elabe 28 fév. - 2 mars (WP),http://elabe.fr/wp-content/uploads/2017/03/02032017_les_echos_radio_classique_intentions-de-vote-presidentielles-vague-7.pdf,Elabe,,,,,1591,,Premier tour,,Emmanuel Macron,24.0
,Elabe 28 fév. - 2 mars (WP),http://elabe.fr/wp-content/uploads/2017/03/02032017_les_echos_radio_classique_intentions-de-vote-presidentielles-vague-7.pdf,Elabe,,,,,1591,,Premier tour,,François Fillon,19.0
,Elabe 28 fév. - 2 mars (WP),http://elabe.fr/wp-content/uploads/2017/03/02032017_les_echos_radio_classique_intentions-de-vote-presidentielles-vague-7.pdf,Elabe,,,,,1591,,Premier tour,,Nicolas Dupont-Aignan,3.0
,Elabe 28 fév. - 2 mars (WP),http://elabe.fr/wp-content/uploads/2017/03/02032017_les_echos_radio_classique_intentions-de-vote-presidentielles-vague-7.pdf,Elabe,,,,,1591,,Premier tour,,Marine Le Pen,27.0
,Odoxa du 22 au 23 (WP),http://www.odoxa.fr/sondage/presidentielle-grace-a-bayrou-macron-reprend-lavantage-fillon-redevient-favori/,Odoxa,,,,,920,,Premier tour,,Nathalie Arthaud,0.0
,Odoxa du 22 au 23 (WP),http://www.odoxa.fr/sondage/presidentielle-grace-a-bayrou-macron-reprend-lavantage-fillon-redevient-favori/,Odoxa,,,,,920,,Premier tour,,Philippe Poutou,1.0
,Odoxa du 22 au 23 (WP),http://www.odoxa.fr/sondage/presidentielle-grace-a-bayrou-macron-reprend-lavantage-fillon-redevient-favori/,Odoxa,,,,,920,,Premier tour,,Jean-Luc Mélenchon,12.0
,Odoxa du 22 au 23 (WP),http://www.odoxa.fr/sondage/presidentielle-grace-a-bayrou-macron-reprend-lavantage-fillon-redevient-favori/,Odoxa,,,,,920,,Premier tour,,Yannick Jadot,1.0
,Odoxa du 22 au 23 (WP),http://www.odoxa.fr/sondage/presidentielle-grace-a-bayrou-macron-reprend-lavantage-fillon-redevient-favori/,Odoxa,,,,,920,,Premier tour,,Benoît Hamon,13.0
,Odoxa du 22 au 23 (WP),http://www.odoxa.fr/sondage/presidentielle-grace-a-bayrou-macron-reprend-lavantage-fillon-redevient-favori/,Odoxa,,,,,920,,Premier tour,,Emmanuel Macron,25.0
,Odoxa du 22 au 23 (WP),http://www.odoxa.fr/sondage/presidentielle-grace-a-bayrou-macron-reprend-lavantage-fillon-redevient-favori/,Odoxa,,,,,920,,Premier tour,,François Fillon,19.0
,Odoxa du 22 au 23 (WP),http://www.odoxa.fr/sondage/presidentielle-grace-a-bayrou-macron-reprend-lavantage-fillon-redevient-favori/,Odoxa,,,,,920,,Premier tour,,Nicolas Dupont-Aignan,2.0
,Odoxa du 22 au 23 (WP),http://www.odoxa.fr/sondage/presidentielle-grace-a-bayrou-macron-reprend-lavantage-fillon-redevient-favori/,Odoxa,,,,,920,,Premier tour,,Marine Le Pen,27.0
,Opinion Way du 20 au 24 (WP),http://opinionlab.opinion-way.com/dokumenty/PresiTRACK-OpinionWay-ORPI-Resultats-de-la-semaine-du-20-au-24-02.pdf,Opinion Way,,,,,1500,,Premier tour,,Nathalie Arthaud,0.0
,Opinion Way du 20 au 24 (WP),http://opinionlab.opinion-way.com/dokumenty/PresiTRACK-OpinionWay-ORPI-Resultats-de-la-semaine-du-20-au-24-02.pdf,Opinion Way,,,,,1500,,Premier tour,,Philippe Poutou,0.0
,Opinion Way du 20 au 24 (WP),http://opinionlab.opinion-way.com/dokumenty/PresiTRACK-OpinionWay-ORPI-Resultats-de-la-semaine-du-20-au-24-02.pdf,Opinion Way,,,,,1500,,Premier tour,,Jean-Luc Mélenchon,11.0
,Opinion Way du 20 au 24 (WP),http://opinionlab.opinion-way.com/dokumenty/PresiTRACK-OpinionWay-ORPI-Resultats-de-la-semaine-du-20-au-24-02.pdf,Opinion Way,,,,,1500,,Premier tour,,Yannick Jadot,2.0
,Opinion Way du 20 au 24 (WP),http://opinionlab.opinion-way.com/dokumenty/PresiTRACK-OpinionWay-ORPI-Resultats-de-la-semaine-du-20-au-24-02.pdf,Opinion Way,,,,,1500,,Premier tour,,Benoît Hamon,13.0
,Opinion Way du 20 au 24 (WP),http://opinionlab.opinion-way.com/dokumenty/PresiTRACK-OpinionWay-ORPI-Resultats-de-la-semaine-du-20-au-24-02.pdf,Opinion Way,,,,,1500,,Premier tour,,Emmanuel Macron,23.0
,Opinion Way du 20 au 24 (WP),http://opinionlab.opinion-way.com/dokumenty/PresiTRACK-OpinionWay-ORPI-Resultats-de-la-semaine-du-20-au-24-02.pdf,Opinion Way,,,,,1500,,Premier tour,,François Fillon,21.0
,Opinion Way du 20 au 24 (WP),http://opinionlab.opinion-way.com/dokumenty/PresiTRACK-OpinionWay-ORPI-Resultats-de-la-semaine-du-20-au-24-02.pdf,Opinion Way,,,,,1500,,Premier tour,,Nicolas Dupont-Aignan,3.0
,Opinion Way du 20 au 24 (WP),http://opinionlab.opinion-way.com/dokumenty/PresiTRACK-OpinionWay-ORPI-Resultats-de-la-semaine-du-20-au-24-02.pdf,Opinion Way,,,,,1500,,Premier tour,,Marine Le Pen,26.0
,Harris Interactive du 20 au 22 (WP),http://harris-interactive.fr/wp-content/uploads/sites/6/2017/02/Note-Harris-Intentions-vote-election-presidentielle-France-TV.pdf,Harris Interactive,,2017-02-23,2017-02-23,,5249,,Premier tour,,Nathalie Arthaud,1.0
,Harris Interactive du 20 au 22 (WP),http://harris-interactive.fr/wp-content/uploads/sites/6/2017/02/Note-Harris-Intentions-vote-election-presidentielle-France-TV.pdf,Harris Interactive,,2017-02-23,2017-02-23,,5249,,Premier tour,,Philippe Poutou,1.0
,Harris Interactive du 20 au 22 (WP),http://harris-interactive.fr/wp-content/uploads/sites/6/2017/02/Note-Harris-Intentions-vote-election-presidentielle-France-TV.pdf,Harris Interactive,,2017-02-23,2017-02-23,,5249,,Premier tour,,Jean-Luc Mélenchon,13.0
,Harris Interactive du 20 au 22 (WP),http://harris-interactive.fr/wp-content/uploads/sites/6/2017/02/Note-Harris-Intentions-vote-election-presidentielle-France-TV.pdf,Harris Interactive,,2017-02-23,2017-02-23,,5249,,Premier tour,,Yannick Jadot,2.0
,Harris Interactive du 20 au 22 (WP),http://harris-interactive.fr/wp-content/uploads/sites/6/2017/02/Note-Harris-Intentions-vote-election-presidentielle-France-TV.pdf,Harris Interactive,,2017-02-23,2017-02-23,,5249,,Premier tour,,Benoît Hamon,14.0
,Harris Interactive du 20 au 22 (WP),http://harris-interactive.fr/wp-content/uploads/sites/6/2017/02/Note-Harris-Intentions-vote-election-presidentielle-France-TV.pdf,Harris Interactive,,2017-02-23,2017-02-23,,5249,,Premier tour,,Emmanuel Macron,20.0
,Harris Interactive du 20 au 22 (WP),http://harris-interactive.fr/wp-content/uploads/sites/6/2017/02/Note-Harris-Intentions-vote-election-presidentielle-France-TV.pdf,Harris Interactive,,2017-02-23,2017-02-23,,5249,,Premier tour,,François Fillon,21.0
,Harris Interactive du 20 au 22 (WP),http://harris-interactive.fr/wp-content/uploads/sites/6/2017/02/Note-Harris-Intentions-vote-election-presidentielle-France-TV.pdf,Harris Interactive,,2017-02-23,2017-02-23,,5249,,Premier tour,,Nicolas Dupont-Aignan,3.0
,Harris Interactive du 20 au 22 (WP),http://harris-interactive.fr/wp-content/uploads/sites/6/2017/02/Note-Harris-Intentions-vote-election-presidentielle-France-TV.pdf,Harris Interactive,,2017-02-23,2017-02-23,,5249,,Premier tour,,Marine Le Pen,25.0
,Elabe du 18 au 20 (WP),http://elabe.fr/intentions-de-vote-election-presidentielle-2017-2/,Elabe,,,,,1051,,Premier tour,variante_1,Nathalie Arthaud,1.0
,Elabe du 18 au 20 (WP),http://elabe.fr/intentions-de-vote-election-presidentielle-2017-2/,Elabe,,,,,1051,,Premier tour,variante_1,Philippe Poutou,1.0
,Elabe du 18 au 20 (WP),http://elabe.fr/intentions-de-vote-election-presidentielle-2017-2/,Elabe,,,,,1051,,Premier tour,variante_1,Jean-Luc Mélenchon,12.0
,Elabe du 18 au 20 (WP),http://elabe.fr/intentions-de-vote-election-presidentielle-2017-2/,Elabe,,,,,1051,,Premier tour,variante_1,Yannick Jadot,1.0
,Elabe du 18 au 20 (WP),http://elabe.fr/intentions-de-vote-election-presidentielle-2017-2/,Elabe,,,,,1051,,Premier tour,variante_1,Benoît Hamon,12.0
,Elabe du 18 au 20 (WP),http://elabe.fr/intentions-de-vote-election-presidentielle-2017-2/,Elabe,,,,,1051,,Premier tour,variante_1,Emmanuel Macron,17.0
,Elabe du 18 au 20 (WP),http://elabe.fr/intentions-de-vote-election-presidentielle-2017-2/,Elabe,,,,,1051,,Premier tour,variante_1,François Bayrou,6.0
,Elabe du 18 au 20 (WP),http://elabe.fr/intentions-de-vote-election-presidentielle-2017-2/,Elabe,,,,,1051,,Premier tour,variante_1,François Fillon,20.0
,Elabe du 18 au 20 (WP),http://elabe.fr/intentions-de-vote-election-presidentielle-2017-2/,Elabe,,,,,1051,,Premier tour,variante_1,Nicolas Dupont-Aignan,3.0
,Elabe du 18 au 20 (WP),http://elabe.fr/intentions-de-vote-election-presidentielle-2017-2/,Elabe,,,,,1051,,Premier tour,variante_1,Marine Le Pen,27.0
,Elabe du 18 au 20 (WP),http://elabe.fr/intentions-de-vote-election-presidentielle-2017-2/,Elabe,,,,,1051,,Premier tour,variante_2,Nathalie Arthaud,1.0
,Elabe du 18 au 20 (WP),http://elabe.fr/intentions-de-vote-election-presidentielle-2017-2/,Elabe,,,,,1051,,Premier tour,variante_2,Philippe Poutou,1.0
,Elabe du 18 au 20 (WP),http://elabe.fr/intentions-de-vote-election-presidentielle-2017-2/,Elabe,,,,,1051,,Premier tour,variante_2,Jean-Luc Mélenchon,13.0
,Elabe du 18 au 20 (WP),http://elabe.fr/intentions-de-vote-election-presidentielle-2017-2/,Elabe,,,,,1051,,Premier tour,variante_2,Yannick Jadot,1.0
,Elabe du 18 au 20 (WP),http://elabe.fr/intentions-de-vote-election-presidentielle-2017-2/,Elabe,,,,,1051,,Premier tour,variante_2,Benoît Hamon,13.0
,Elabe du 18 au 20 (WP),http://elabe.fr/intentions-de-vote-election-presidentielle-2017-2/,Elabe,,,,,1051,,Premier tour,variante_2,Emmanuel Macron,18.5
,Elabe du 18 au 20 (WP),http://elabe.fr/intentions-de-vote-election-presidentielle-2017-2/,Elabe,,,,,1051,,Premier tour,variante_2,François Fillon,21.0
,Elabe du 18 au 20 (WP),http://elabe.fr/intentions-de-vote-election-presidentielle-2017-2/,Elabe,,,,,1051,,Premier tour,variante_2,Nicolas Dupont-Aignan,3.5
,Elabe du 18 au 20 (WP),http://elabe.fr/intentions-de-vote-election-presidentielle-2017-2/,Elabe,,,,,1051,,Premier tour,variante_2,Marine Le Pen,28.0
,Ifop du 17 au 20 (WP),http://www.ifop.fr/media/poll/3665-1-study_file.pdf,Ifop,,,,,1838,,Premier tour,,Nathalie Arthaud,0.5
,Ifop du 17 au 20 (WP),http://www.ifop.fr/media/poll/3665-1-study_file.pdf,Ifop,,,,,1838,,Premier tour,,Philippe Poutou,0.5
,Ifop du 17 au 20 (WP),http://www.ifop.fr/media/poll/3665-1-study_file.pdf,Ifop,,,,,1838,,Premier tour,,Jean-Luc Mélenchon,12.0
,Ifop du 17 au 20 (WP),http://www.ifop.fr/media/poll/3665-1-study_file.pdf,Ifop,,,,,1838,,Premier tour,,Yannick Jadot,2.0
,Ifop du 17 au 20 (WP),http://www.ifop.fr/media/poll/3665-1-study_file.pdf,Ifop,,,,,1838,,Premier tour,,Benoît Hamon,15.5
,Ifop du 17 au 20 (WP),http://www.ifop.fr/media/poll/3665-1-study_file.pdf,Ifop,,,,,1838,,Premier tour,,Emmanuel Macron,22.0
,Ifop du 17 au 20 (WP),http://www.ifop.fr/media/poll/3665-1-study_file.pdf,Ifop,,,,,1838,,Premier tour,,François Fillon,20.0
,Ifop du 17 au 20 (WP),http://www.ifop.fr/media/poll/3665-1-study_file.pdf,Ifop,,,,,1838,,Premier tour,,Nicolas Dupont-Aignan,2.0
,Ifop du 17 au 20 (WP),http://www.ifop.fr/media/poll/3665-1-study_file.pdf,Ifop,,,,,1838,,Premier tour,,Marine Le Pen,25.5
,Ifop du 17 au 20 (WP),http://www.ifop.fr/media/poll/3665-1-study_file.pdf,Ifop,,,,,1838,,Premier tour,,Jacques Cheminade,0.0
,Opinion Way du 13 au 17 (WP),http://opinionlab.opinion-way.com/dokumenty/PresiTRACK-OpinionWay-ORPI-Resultats-semaine13-17-fev.pdf,Opinion Way,,,,,1500,,Premier tour,,Nathalie Arthaud,0.0
,Opinion Way du 13 au 17 (WP),http://opinionlab.opinion-way.com/dokumenty/PresiTRACK-OpinionWay-ORPI-Resultats-semaine13-17-fev.pdf,Opinion Way,,,,,1500,,Premier tour,,Philippe Poutou,0.0
,Opinion Way du 13 au 17 (WP),http://opinionlab.opinion-way.com/dokumenty/PresiTRACK-OpinionWay-ORPI-Resultats-semaine13-17-fev.pdf,Opinion Way,,,,,1500,,Premier tour,,Jean-Luc Mélenchon,13.0
,Opinion Way du 13 au 17 (WP),http://opinionlab.opinion-way.com/dokumenty/PresiTRACK-OpinionWay-ORPI-Resultats-semaine13-17-fev.pdf,Opinion Way,,,,,1500,,Premier tour,,Yannick Jadot,2.0
,Opinion Way du 13 au 17 (WP),http://opinionlab.opinion-way.com/dokumenty/PresiTRACK-OpinionWay-ORPI-Resultats-semaine13-17-fev.pdf,Opinion Way,,,,,1500,,Premier tour,,Benoît Hamon,16.0
,Opinion Way du 13 au 17 (WP),http://opinionlab.opinion-way.com/dokumenty/PresiTRACK-OpinionWay-ORPI-Resultats-semaine13-17-fev.pdf,Opinion Way,,,,,1500,,Premier tour,,Emmanuel Macron,20.0
,Opinion Way du 13 au 17 (WP),http://opinionlab.opinion-way.com/dokumenty/PresiTRACK-OpinionWay-ORPI-Resultats-semaine13-17-fev.pdf,Opinion Way,,,,,1500,,Premier tour,,François Fillon,20.0
,Opinion Way du 13 au 17 (WP),http://opinionlab.opinion-way.com/dokumenty/PresiTRACK-OpinionWay-ORPI-Resultats-semaine13-17-fev.pdf,Opinion Way,,,,,1500,,Premier tour,,Nicolas Dupont-Aignan,3.0
,Opinion Way du 13 au 17 (WP),http://opinionlab.opinion-way.com/dokumenty/PresiTRACK-OpinionWay-ORPI-Resultats-semaine13-17-fev.pdf,Opinion Way,,,,,1500,,Premier tour,,Marine Le Pen,26.0
,Dedicated Research du 10 au 14 (WP),http://www.lalibre.be/actu/international/sondage-lalibre-rtbf-dedicated-emmanuel-macron-president-de-la-republique-58aa982fcd703b981556229b,Dedicated Research,,,,,2066,,Premier tour,variante_1,Nathalie Arthaud,1.4
,Dedicated Research du 10 au 14 (WP),http://www.lalibre.be/actu/international/sondage-lalibre-rtbf-dedicated-emmanuel-macron-president-de-la-republique-58aa982fcd703b981556229b,Dedicated Research,,,,,2066,,Premier tour,variante_1,Philippe Poutou,0.6
,Dedicated Research du 10 au 14 (WP),http://www.lalibre.be/actu/international/sondage-lalibre-rtbf-dedicated-emmanuel-macron-president-de-la-republique-58aa982fcd703b981556229b,Dedicated Research,,,,,2066,,Premier tour,variante_1,Jean-Luc Mélenchon,12.7
,Dedicated Research du 10 au 14 (WP),http://www.lalibre.be/actu/international/sondage-lalibre-rtbf-dedicated-emmanuel-macron-president-de-la-republique-58aa982fcd703b981556229b,Dedicated Research,,,,,2066,,Premier tour,variante_1,Yannick Jadot,2.1
,Dedicated Research du 10 au 14 (WP),http://www.lalibre.be/actu/international/sondage-lalibre-rtbf-dedicated-emmanuel-macron-president-de-la-republique-58aa982fcd703b981556229b,Dedicated Research,,,,,2066,,Premier tour,variante_1,Benoît Hamon,16.4
,Dedicated Research du 10 au 14 (WP),http://www.lalibre.be/actu/international/sondage-lalibre-rtbf-dedicated-emmanuel-macron-president-de-la-republique-58aa982fcd703b981556229b,Dedicated Research,,,,,2066,,Premier tour,variante_1,Emmanuel Macron,21.3
,Dedicated Research du 10 au 14 (WP),http://www.lalibre.be/actu/international/sondage-lalibre-rtbf-dedicated-emmanuel-macron-president-de-la-republique-58aa982fcd703b981556229b,Dedicated Research,,,,,2066,,Premier tour,variante_1,François Bayrou,4.9
,Dedicated Research du 10 au 14 (WP),http://www.lalibre.be/actu/international/sondage-lalibre-rtbf-dedicated-emmanuel-macron-president-de-la-republique-58aa982fcd703b981556229b,Dedicated Research,,,,,2066,,Premier tour,variante_1,François Fillon,16.7
,Dedicated Research du 10 au 14 (WP),http://www.lalibre.be/actu/international/sondage-lalibre-rtbf-dedicated-emmanuel-macron-president-de-la-republique-58aa982fcd703b981556229b,Dedicated Research,,,,,2066,,Premier tour,variante_1,Nicolas Dupont-Aignan,1.9
,Dedicated Research du 10 au 14 (WP),http://www.lalibre.be/actu/international/sondage-lalibre-rtbf-dedicated-emmanuel-macron-president-de-la-republique-58aa982fcd703b981556229b,Dedicated Research,,,,,2066,,Premier tour,variante_1,Marine Le Pen,22.1
,Dedicated Research du 10 au 14 (WP),http://www.lalibre.be/actu/international/sondage-lalibre-rtbf-dedicated-emmanuel-macron-president-de-la-republique-58aa982fcd703b981556229b,Dedicated Research,,,,,2066,,Premier tour,variante_2,Nathalie Arthaud,1.4
,Dedicated Research du 10 au 14 (WP),http://www.lalibre.be/actu/international/sondage-lalibre-rtbf-dedicated-emmanuel-macron-president-de-la-republique-58aa982fcd703b981556229b,Dedicated Research,,,,,2066,,Premier tour,variante_2,Philippe Poutou,0.7
,Dedicated Research du 10 au 14 (WP),http://www.lalibre.be/actu/international/sondage-lalibre-rtbf-dedicated-emmanuel-macron-president-de-la-republique-58aa982fcd703b981556229b,Dedicated Research,,,,,2066,,Premier tour,variante_2,Jean-Luc Mélenchon,13.1
,Dedicated Research du 10 au 14 (WP),http://www.lalibre.be/actu/international/sondage-lalibre-rtbf-dedicated-emmanuel-macron-president-de-la-republique-58aa982fcd703b981556229b,Dedicated Research,,,,,2066,,Premier tour,variante_2,Yannick Jadot,2.3
,Dedicated Research du 10 au 14 (WP),http://www.lalibre.be/actu/international/sondage-lalibre-rtbf-dedicated-emmanuel-macron-president-de-la-republique-58aa982fcd703b981556229b,Dedicated Research,,,,,2066,,Premier tour,variante_2,Benoît Hamon,17.0
,Dedicated Research du 10 au 14 (WP),http://www.lalibre.be/actu/international/sondage-lalibre-rtbf-dedicated-emmanuel-macron-president-de-la-republique-58aa982fcd703b981556229b,Dedicated Research,,,,,2066,,Premier tour,variante_2,Emmanuel Macron,23.0
,Dedicated Research du 10 au 14 (WP),http://www.lalibre.be/actu/international/sondage-lalibre-rtbf-dedicated-emmanuel-macron-president-de-la-republique-58aa982fcd703b981556229b,Dedicated Research,,,,,2066,,Premier tour,variante_2,François Fillon,17.8
,Dedicated Research du 10 au 14 (WP),http://www.lalibre.be/actu/international/sondage-lalibre-rtbf-dedicated-emmanuel-macron-president-de-la-republique-58aa982fcd703b981556229b,Dedicated Research,,,,,2066,,Premier tour,variante_2,Nicolas Dupont-Aignan,2.2
,Dedicated Research du 10 au 14 (WP),http://www.lalibre.be/actu/international/sondage-lalibre-rtbf-dedicated-emmanuel-macron-president-de-la-republique-58aa982fcd703b981556229b,Dedicated Research,,,,,2066,,Premier tour,variante_2,Marine Le Pen,22.6
,Ipsos du 7 au 12 (WP),http://www.ipsos.fr/sites/default/files/doc_associe/rapport_cevipof_-_eef2017_vague_11_-_ipsos_le_monde_-_fevrier_2017_-_publication.pdf,Ipsos,,,,,15874,,Premier tour,variante_1,Nathalie Arthaud,0.5
,Ipsos du 7 au 12 (WP),http://www.ipsos.fr/sites/default/files/doc_associe/rapport_cevipof_-_eef2017_vague_11_-_ipsos_le_monde_-_fevrier_2017_-_publication.pdf,Ipsos,,,,,15874,,Premier tour,variante_1,Philippe Poutou,0.5
,Ipsos du 7 au 12 (WP),http://www.ipsos.fr/sites/default/files/doc_associe/rapport_cevipof_-_eef2017_vague_11_-_ipsos_le_monde_-_fevrier_2017_-_publication.pdf,Ipsos,,,,,15874,,Premier tour,variante_1,Jean-Luc Mélenchon,12.0
,Ipsos du 7 au 12 (WP),http://www.ipsos.fr/sites/default/files/doc_associe/rapport_cevipof_-_eef2017_vague_11_-_ipsos_le_monde_-_fevrier_2017_-_publication.pdf,Ipsos,,,,,15874,,Premier tour,variante_1,Yannick Jadot,2.0
,Ipsos du 7 au 12 (WP),http://www.ipsos.fr/sites/default/files/doc_associe/rapport_cevipof_-_eef2017_vague_11_-_ipsos_le_monde_-_fevrier_2017_-_publication.pdf,Ipsos,,,,,15874,,Premier tour,variante_1,Benoît Hamon,14.5
,Ipsos du 7 au 12 (WP),http://www.ipsos.fr/sites/default/files/doc_associe/rapport_cevipof_-_eef2017_vague_11_-_ipsos_le_monde_-_fevrier_2017_-_publication.pdf,Ipsos,,,,,15874,,Premier tour,variante_1,Emmanuel Macron,23.0
,Ipsos du 7 au 12 (WP),http://www.ipsos.fr/sites/default/files/doc_associe/rapport_cevipof_-_eef2017_vague_11_-_ipsos_le_monde_-_fevrier_2017_-_publication.pdf,Ipsos,,,,,15874,,Premier tour,variante_1,François Fillon,18.5
,Ipsos du 7 au 12 (WP),http://www.ipsos.fr/sites/default/files/doc_associe/rapport_cevipof_-_eef2017_vague_11_-_ipsos_le_monde_-_fevrier_2017_-_publication.pdf,Ipsos,,,,,15874,,Premier tour,variante_1,Nicolas Dupont-Aignan,3.0
,Ipsos du 7 au 12 (WP),http://www.ipsos.fr/sites/default/files/doc_associe/rapport_cevipof_-_eef2017_vague_11_-_ipsos_le_monde_-_fevrier_2017_-_publication.pdf,Ipsos,,,,,15874,,Premier tour,variante_1,Marine Le Pen,26.0
,Ipsos du 7 au 12 (WP),http://www.ipsos.fr/sites/default/files/doc_associe/rapport_cevipof_-_eef2017_vague_11_-_ipsos_le_monde_-_fevrier_2017_-_publication.pdf,Ipsos,,,,,15874,,Premier tour,variante_1,Jacques Cheminade,0.0
,Ipsos du 7 au 12 (WP),http://www.ipsos.fr/sites/default/files/doc_associe/rapport_cevipof_-_eef2017_vague_11_-_ipsos_le_monde_-_fevrier_2017_-_publication.pdf,Ipsos,,,,,15874,,Premier tour,variante_2,Nathalie Arthaud,0.5
,Ipsos du 7 au 12 (WP),http://www.ipsos.fr/sites/default/files/doc_associe/rapport_cevipof_-_eef2017_vague_11_-_ipsos_le_monde_-_fevrier_2017_-_publication.pdf,Ipsos,,,,,15874,,Premier tour,variante_2,Philippe Poutou,0.5
,Ipsos du 7 au 12 (WP),http://www.ipsos.fr/sites/default/files/doc_associe/rapport_cevipof_-_eef2017_vague_11_-_ipsos_le_monde_-_fevrier_2017_-_publication.pdf,Ipsos,,,,,15874,,Premier tour,variante_2,Jean-Luc Mélenchon,11.5
,Ipsos du 7 au 12 (WP),http://www.ipsos.fr/sites/default/files/doc_associe/rapport_cevipof_-_eef2017_vague_11_-_ipsos_le_monde_-_fevrier_2017_-_publication.pdf,Ipsos,,,,,15874,,Premier tour,variante_2,Yannick Jadot,2.0
,Ipsos du 7 au 12 (WP),http://www.ipsos.fr/sites/default/files/doc_associe/rapport_cevipof_-_eef2017_vague_11_-_ipsos_le_monde_-_fevrier_2017_-_publication.pdf,Ipsos,,,,,15874,,Premier tour,variante_2,Benoît Hamon,14.0
,Ipsos du 7 au 12 (WP),http://www.ipsos.fr/sites/default/files/doc_associe/rapport_cevipof_-_eef2017_vague_11_-_ipsos_le_monde_-_fevrier_2017_-_publication.pdf,Ipsos,,,,,15874,,Premier tour,variante_2,Emmanuel Macron,20.0
,Ipsos du 7 au 12 (WP),http://www.ipsos.fr/sites/default/files/doc_associe/rapport_cevipof_-_eef2017_vague_11_-_ipsos_le_monde_-_fevrier_2017_-_publication.pdf,Ipsos,,,,,15874,,Premier tour,variante_2,François Bayrou,6.0
,Ipsos du 7 au 12 (WP),http://www.ipsos.fr/sites/default/files/doc_associe/rapport_cevipof_-_eef2017_vague_11_-_ipsos_le_monde_-_fevrier_2017_-_publication.pdf,Ipsos,,,,,15874,,Premier tour,variante_2,François Fillon,17.5
,Ipsos du 7 au 12 (WP),http://www.ipsos.fr/sites/default/files/doc_associe/rapport_cevipof_-_eef2017_vague_11_-_ipsos_le_monde_-_fevrier_2017_-_publication.pdf,Ipsos,,,,,15874,,Premier tour,variante_2,Nicolas Dupont-Aignan,3.0
,Ipsos du 7 au 12 (WP),http://www.ipsos.fr/sites/default/files/doc_associe/rapport_cevipof_-_eef2017_vague_11_-_ipsos_le_monde_-_fevrier_2017_-_publication.pdf,Ipsos,,,,,15874,,Premier tour,variante_2,Marine Le Pen,25.0
,Ipsos du 7 au 12 (WP),http://www.ipsos.fr/sites/default/files/doc_associe/rapport_cevipof_-_eef2017_vague_11_-_ipsos_le_monde_-_fevrier_2017_-_publication.pdf,Ipsos,,,,,15874,,Premier tour,variante_2,Jacques Cheminade,0.0
,TNS Sofres du 26 au 27 (WP),http://www.lefigaro.fr/elections/presidentielles/2017/01/29/35003-20170129ARTFIG00201-presidentielle-fillon-et-macron-au-coude-a-coude-le-pen-en-tete.php,TNS Sofres,,,,,702,,Premier tour,variante_1,Nathalie Arthaud,0.5
,TNS Sofres du 26 au 27 (WP),http://www.lefigaro.fr/elections/presidentielles/2017/01/29/35003-20170129ARTFIG00201-presidentielle-fillon-et-macron-au-coude-a-coude-le-pen-en-tete.php,TNS Sofres,,,,,702,,Premier tour,variante_1,Philippe Poutou,0.5
,TNS Sofres du 26 au 27 (WP),http://www.lefigaro.fr/elections/presidentielles/2017/01/29/35003-20170129ARTFIG00201-presidentielle-fillon-et-macron-au-coude-a-coude-le-pen-en-tete.php,TNS Sofres,,,,,702,,Premier tour,variante_1,Jean-Luc Mélenchon,10.0
,TNS Sofres du 26 au 27 (WP),http://www.lefigaro.fr/elections/presidentielles/2017/01/29/35003-20170129ARTFIG00201-presidentielle-fillon-et-macron-au-coude-a-coude-le-pen-en-tete.php,TNS Sofres,,,,,702,,Premier tour,variante_1,Yannick Jadot,2.0
,TNS Sofres du 26 au 27 (WP),http://www.lefigaro.fr/elections/presidentielles/2017/01/29/35003-20170129ARTFIG00201-presidentielle-fillon-et-macron-au-coude-a-coude-le-pen-en-tete.php,TNS Sofres,,,,,702,,Premier tour,variante_1,Benoît Hamon,13.0
,TNS Sofres du 26 au 27 (WP),http://www.lefigaro.fr/elections/presidentielles/2017/01/29/35003-20170129ARTFIG00201-presidentielle-fillon-et-macron-au-coude-a-coude-le-pen-en-tete.php,TNS Sofres,,,,,702,,Premier tour,variante_1,Emmanuel Macron,20.0
,TNS Sofres du 26 au 27 (WP),http://www.lefigaro.fr/elections/presidentielles/2017/01/29/35003-20170129ARTFIG00201-presidentielle-fillon-et-macron-au-coude-a-coude-le-pen-en-tete.php,TNS Sofres,,,,,702,,Premier tour,variante_1,François Bayrou,5.0
,TNS Sofres du 26 au 27 (WP),http://www.lefigaro.fr/elections/presidentielles/2017/01/29/35003-20170129ARTFIG00201-presidentielle-fillon-et-macron-au-coude-a-coude-le-pen-en-tete.php,TNS Sofres,,,,,702,,Premier tour,variante_1,François Fillon,21.0
,TNS Sofres du 26 au 27 (WP),http://www.lefigaro.fr/elections/presidentielles/2017/01/29/35003-20170129ARTFIG00201-presidentielle-fillon-et-macron-au-coude-a-coude-le-pen-en-tete.php,TNS Sofres,,,,,702,,Premier tour,variante_1,Nicolas Dupont-Aignan,3.0
,TNS Sofres du 26 au 27 (WP),http://www.lefigaro.fr/elections/presidentielles/2017/01/29/35003-20170129ARTFIG00201-presidentielle-fillon-et-macron-au-coude-a-coude-le-pen-en-tete.php,TNS Sofres,,,,,702,,Premier tour,variante_1,Marine Le Pen,25.0
,TNS Sofres du 26 au 27 (WP),http://www.lefigaro.fr/elections/presidentielles/2017/01/29/35003-20170129ARTFIG00201-presidentielle-fillon-et-macron-au-coude-a-coude-le-pen-en-tete.php,TNS Sofres,,,,,702,,Premier tour,variante_1,Jacques Cheminade,0.5
,TNS Sofres du 26 au 27 (WP),http://www.lefigaro.fr/elections/presidentielles/2017/01/29/35003-20170129ARTFIG00201-presidentielle-fillon-et-macron-au-coude-a-coude-le-pen-en-tete.php,TNS Sofres,,,,,702,,Premier tour,variante_2,Nathalie Arthaud,0.5
,TNS Sofres du 26 au 27 (WP),http://www.lefigaro.fr/elections/presidentielles/2017/01/29/35003-20170129ARTFIG00201-presidentielle-fillon-et-macron-au-coude-a-coude-le-pen-en-tete.php,TNS Sofres,,,,,702,,Premier tour,variante_2,Philippe Poutou,0.5
,TNS Sofres du 26 au 27 (WP),http://www.lefigaro.fr/elections/presidentielles/2017/01/29/35003-20170129ARTFIG00201-presidentielle-fillon-et-macron-au-coude-a-coude-le-pen-en-tete.php,TNS Sofres,,,,,702,,Premier tour,variante_2,Jean-Luc Mélenchon,10.0
,TNS Sofres du 26 au 27 (WP),http://www.lefigaro.fr/elections/presidentielles/2017/01/29/35003-20170129ARTFIG00201-presidentielle-fillon-et-macron-au-coude-a-coude-le-pen-en-tete.php,TNS Sofres,,,,,702,,Premier tour,variante_2,Yannick Jadot,2.0
,TNS Sofres du 26 au 27 (WP),http://www.lefigaro.fr/elections/presidentielles/2017/01/29/35003-20170129ARTFIG00201-presidentielle-fillon-et-macron-au-coude-a-coude-le-pen-en-tete.php,TNS Sofres,,,,,702,,Premier tour,variante_2,Benoît Hamon,15.0
,TNS Sofres du 26 au 27 (WP),http://www.lefigaro.fr/elections/presidentielles/2017/01/29/35003-20170129ARTFIG00201-presidentielle-fillon-et-macron-au-coude-a-coude-le-pen-en-tete.php,TNS Sofres,,,,,702,,Premier tour,variante_2,Emmanuel Macron,21.0
,TNS Sofres du 26 au 27 (WP),http://www.lefigaro.fr/elections/presidentielles/2017/01/29/35003-20170129ARTFIG00201-presidentielle-fillon-et-macron-au-coude-a-coude-le-pen-en-tete.php,TNS Sofres,,,,,702,,Premier tour,variante_2,François Fillon,22.0
,TNS Sofres du 26 au 27 (WP),http://www.lefigaro.fr/elections/presidentielles/2017/01/29/35003-20170129ARTFIG00201-presidentielle-fillon-et-macron-au-coude-a-coude-le-pen-en-tete.php,TNS Sofres,,,,,702,,Premier tour,variante_2,Nicolas Dupont-Aignan,3.5
,TNS Sofres du 26 au 27 (WP),http://www.lefigaro.fr/elections/presidentielles/2017/01/29/35003-20170129ARTFIG00201-presidentielle-fillon-et-macron-au-coude-a-coude-le-pen-en-tete.php,TNS Sofres,,,,,702,,Premier tour,variante_2,Marine Le Pen,25.0
,TNS Sofres du 26 au 27 (WP),http://www.lefigaro.fr/elections/presidentielles/2017/01/29/35003-20170129ARTFIG00201-presidentielle-fillon-et-macron-au-coude-a-coude-le-pen-en-tete.php,TNS Sofres,,,,,702,,Premier tour,variante_2,Jacques Cheminade,0.5
,Ipsos le 20 (WP),http://www.ipsos.fr/decrypter-societe/2017-01-22-sympathisants-socialistes-sceptiques-quant-aux-chances-ps-pour-presidentielle,Ipsos,,,,,992,,Premier tour,variante_1,Nathalie Arthaud,1.0
,Ipsos le 20 (WP),http://www.ipsos.fr/decrypter-societe/2017-01-22-sympathisants-socialistes-sceptiques-quant-aux-chances-ps-pour-presidentielle,Ipsos,,,,,992,,Premier tour,variante_1,Philippe Poutou,1.0
,Ipsos le 20 (WP),http://www.ipsos.fr/decrypter-societe/2017-01-22-sympathisants-socialistes-sceptiques-quant-aux-chances-ps-pour-presidentielle,Ipsos,,,,,992,,Premier tour,variante_1,Jean-Luc Mélenchon,13.0
,Ipsos le 20 (WP),http://www.ipsos.fr/decrypter-societe/2017-01-22-sympathisants-socialistes-sceptiques-quant-aux-chances-ps-pour-presidentielle,Ipsos,,,,,992,,Premier tour,variante_1,Yannick Jadot,2.0
,Ipsos le 20 (WP),http://www.ipsos.fr/decrypter-societe/2017-01-22-sympathisants-socialistes-sceptiques-quant-aux-chances-ps-pour-presidentielle,Ipsos,,,,,992,,Premier tour,variante_1,Benoît Hamon,8.0
,Ipsos le 20 (WP),http://www.ipsos.fr/decrypter-societe/2017-01-22-sympathisants-socialistes-sceptiques-quant-aux-chances-ps-pour-presidentielle,Ipsos,,,,,992,,Premier tour,variante_1,Emmanuel Macron,20.0
,Ipsos le 20 (WP),http://www.ipsos.fr/decrypter-societe/2017-01-22-sympathisants-socialistes-sceptiques-quant-aux-chances-ps-pour-presidentielle,Ipsos,,,,,992,,Premier tour,variante_1,François Fillon,26.0
,Ipsos le 20 (WP),http://www.ipsos.fr/decrypter-societe/2017-01-22-sympathisants-socialistes-sceptiques-quant-aux-chances-ps-pour-presidentielle,Ipsos,,,,,992,,Premier tour,variante_1,Nicolas Dupont-Aignan,2.0
,Ipsos le 20 (WP),http://www.ipsos.fr/decrypter-societe/2017-01-22-sympathisants-socialistes-sceptiques-quant-aux-chances-ps-pour-presidentielle,Ipsos,,,,,992,,Premier tour,variante_1,Marine Le Pen,27.0
,Ipsos le 20 (WP),http://www.ipsos.fr/decrypter-societe/2017-01-22-sympathisants-socialistes-sceptiques-quant-aux-chances-ps-pour-presidentielle,Ipsos,,,,,992,,Premier tour,variante_1,Jacques Cheminade,0.5
,Ipsos le 20 (WP),http://www.ipsos.fr/decrypter-societe/2017-01-22-sympathisants-socialistes-sceptiques-quant-aux-chances-ps-pour-presidentielle,Ipsos,,,,,992,,Premier tour,variante_2,Nathalie Arthaud,1.0
,Ipsos le 20 (WP),http://www.ipsos.fr/decrypter-societe/2017-01-22-sympathisants-socialistes-sceptiques-quant-aux-chances-ps-pour-presidentielle,Ipsos,,,,,992,,Premier tour,variante_2,Philippe Poutou,1.0
,Ipsos le 20 (WP),http://www.ipsos.fr/decrypter-societe/2017-01-22-sympathisants-socialistes-sceptiques-quant-aux-chances-ps-pour-presidentielle,Ipsos,,,,,992,,Premier tour,variante_2,Jean-Luc Mélenchon,15.0
,Ipsos le 20 (WP),http://www.ipsos.fr/decrypter-societe/2017-01-22-sympathisants-socialistes-sceptiques-quant-aux-chances-ps-pour-presidentielle,Ipsos,,,,,992,,Premier tour,variante_2,Yannick Jadot,2.0
,Ipsos le 20 (WP),http://www.ipsos.fr/decrypter-societe/2017-01-22-sympathisants-socialistes-sceptiques-quant-aux-chances-ps-pour-presidentielle,Ipsos,,,,,992,,Premier tour,variante_2,Manuel Valls,9.0
,Ipsos le 20 (WP),http://www.ipsos.fr/decrypter-societe/2017-01-22-sympathisants-socialistes-sceptiques-quant-aux-chances-ps-pour-presidentielle,Ipsos,,,,,992,,Premier tour,variante_2,Emmanuel Macron,18.0
,Ipsos le 20 (WP),http://www.ipsos.fr/decrypter-societe/2017-01-22-sympathisants-socialistes-sceptiques-quant-aux-chances-ps-pour-presidentielle,Ipsos,,,,,992,,Premier tour,variante_2,François Fillon,25.0
,Ipsos le 20 (WP),http://www.ipsos.fr/decrypter-societe/2017-01-22-sympathisants-socialistes-sceptiques-quant-aux-chances-ps-pour-presidentielle,Ipsos,,,,,992,,Premier tour,variante_2,Nicolas Dupont-Aignan,2.0
,Ipsos le 20 (WP),http://www.ipsos.fr/decrypter-societe/2017-01-22-sympathisants-socialistes-sceptiques-quant-aux-chances-ps-pour-presidentielle,Ipsos,,,,,992,,Premier tour,variante_2,Marine Le Pen,27.0
,Ipsos le 20 (WP),http://www.ipsos.fr/decrypter-societe/2017-01-22-sympathisants-socialistes-sceptiques-quant-aux-chances-ps-pour-presidentielle,Ipsos,,,,,992,,Premier tour,variante_2,Jacques Cheminade,0.5
,Ipsos le 20 (WP),http://www.ipsos.fr/decrypter-societe/2017-01-22-sympathisants-socialistes-sceptiques-quant-aux-chances-ps-pour-presidentielle,Ipsos,,,,,992,,Premier tour,variante_3,Nathalie Arthaud,1.0
,Ipsos le 20 (WP),http://www.ipsos.fr/decrypter-societe/2017-01-22-sympathisants-socialistes-sceptiques-quant-aux-chances-ps-pour-presidentielle,Ipsos,,,,,992,,Premier tour,variante_3,Philippe Poutou,1.0
,Ipsos le 20 (WP),http://www.ipsos.fr/decrypter-societe/2017-01-22-sympathisants-socialistes-sceptiques-quant-aux-chances-ps-pour-presidentielle,Ipsos,,,,,992,,Premier tour,variante_3,Jean-Luc Mélenchon,14.0
,Ipsos le 20 (WP),http://www.ipsos.fr/decrypter-societe/2017-01-22-sympathisants-socialistes-sceptiques-quant-aux-chances-ps-pour-presidentielle,Ipsos,,,,,992,,Premier tour,variante_3,Yannick Jadot,2.0
,Ipsos le 20 (WP),http://www.ipsos.fr/decrypter-societe/2017-01-22-sympathisants-socialistes-sceptiques-quant-aux-chances-ps-pour-presidentielle,Ipsos,,,,,992,,Premier tour,variante_3,Arnaud Montebourg,7.0
,Ipsos le 20 (WP),http://www.ipsos.fr/decrypter-societe/2017-01-22-sympathisants-socialistes-sceptiques-quant-aux-chances-ps-pour-presidentielle,Ipsos,,,,,992,,Premier tour,variante_3,Emmanuel Macron,20.0
,Ipsos le 20 (WP),http://www.ipsos.fr/decrypter-societe/2017-01-22-sympathisants-socialistes-sceptiques-quant-aux-chances-ps-pour-presidentielle,Ipsos,,,,,992,,Premier tour,variante_3,François Fillon,26.0
,Ipsos le 20 (WP),http://www.ipsos.fr/decrypter-societe/2017-01-22-sympathisants-socialistes-sceptiques-quant-aux-chances-ps-pour-presidentielle,Ipsos,,,,,992,,Premier tour,variante_3,Nicolas Dupont-Aignan,2.0
,Ipsos le 20 (WP),http://www.ipsos.fr/decrypter-societe/2017-01-22-sympathisants-socialistes-sceptiques-quant-aux-chances-ps-pour-presidentielle,Ipsos,,,,,992,,Premier tour,variante_3,Marine Le Pen,27.0
,Ipsos le 20 (WP),http://www.ipsos.fr/decrypter-societe/2017-01-22-sympathisants-socialistes-sceptiques-quant-aux-chances-ps-pour-presidentielle,Ipsos,,,,,992,,Premier tour,variante_3,Jacques Cheminade,0.5
,Ipsos du 10 au 15 (WP),http://www.ipsos.fr/sites/default/files/doc_associe/rapport_publi_cevipof_-_eef2017_vague_10_-_ipsos_le_monde_-_janvier_2017_0.pdf,Ipsos,,,,,15921,,Premier tour,variante_1,Nathalie Arthaud,1.0
,Ipsos du 10 au 15 (WP),http://www.ipsos.fr/sites/default/files/doc_associe/rapport_publi_cevipof_-_eef2017_vague_10_-_ipsos_le_monde_-_janvier_2017_0.pdf,Ipsos,,,,,15921,,Premier tour,variante_1,Philippe Poutou,1.0
,Ipsos du 10 au 15 (WP),http://www.ipsos.fr/sites/default/files/doc_associe/rapport_publi_cevipof_-_eef2017_vague_10_-_ipsos_le_monde_-_janvier_2017_0.pdf,Ipsos,,,,,15921,,Premier tour,variante_1,Jean-Luc Mélenchon,14.0
,Ipsos du 10 au 15 (WP),http://www.ipsos.fr/sites/default/files/doc_associe/rapport_publi_cevipof_-_eef2017_vague_10_-_ipsos_le_monde_-_janvier_2017_0.pdf,Ipsos,,,,,15921,,Premier tour,variante_1,Yannick Jadot,2.5
,Ipsos du 10 au 15 (WP),http://www.ipsos.fr/sites/default/files/doc_associe/rapport_publi_cevipof_-_eef2017_vague_10_-_ipsos_le_monde_-_janvier_2017_0.pdf,Ipsos,,,,,15921,,Premier tour,variante_1,Manuel Valls,9.0
,Ipsos du 10 au 15 (WP),http://www.ipsos.fr/sites/default/files/doc_associe/rapport_publi_cevipof_-_eef2017_vague_10_-_ipsos_le_monde_-_janvier_2017_0.pdf,Ipsos,,,,,15921,,Premier tour,variante_1,Emmanuel Macron,17.0
,Ipsos du 10 au 15 (WP),http://www.ipsos.fr/sites/default/files/doc_associe/rapport_publi_cevipof_-_eef2017_vague_10_-_ipsos_le_monde_-_janvier_2017_0.pdf,Ipsos,,,,,15921,,Premier tour,variante_1,François Bayrou,5.0
,Ipsos du 10 au 15 (WP),http://www.ipsos.fr/sites/default/files/doc_associe/rapport_publi_cevipof_-_eef2017_vague_10_-_ipsos_le_monde_-_janvier_2017_0.pdf,Ipsos,,,,,15921,,Premier tour,variante_1,François Fillon,23.0
,Ipsos du 10 au 15 (WP),http://www.ipsos.fr/sites/default/files/doc_associe/rapport_publi_cevipof_-_eef2017_vague_10_-_ipsos_le_monde_-_janvier_2017_0.pdf,Ipsos,,,,,15921,,Premier tour,variante_1,Nicolas Dupont-Aignan,2.5
,Ipsos du 10 au 15 (WP),http://www.ipsos.fr/sites/default/files/doc_associe/rapport_publi_cevipof_-_eef2017_vague_10_-_ipsos_le_monde_-_janvier_2017_0.pdf,Ipsos,,,,,15921,,Premier tour,variante_1,Marine Le Pen,25.0
,Ipsos du 10 au 15 (WP),http://www.ipsos.fr/sites/default/files/doc_associe/rapport_publi_cevipof_-_eef2017_vague_10_-_ipsos_le_monde_-_janvier_2017_0.pdf,Ipsos,,,,,15921,,Premier tour,variante_1,Jacques Cheminade,0.5
,Ipsos du 10 au 15 (WP),http://www.ipsos.fr/sites/default/files/doc_associe/rapport_publi_cevipof_-_eef2017_vague_10_-_ipsos_le_monde_-_janvier_2017_0.pdf,Ipsos,,,,,15921,,Premier tour,variante_2,Nathalie Arthaud,1.0
,Ipsos du 10 au 15 (WP),http://www.ipsos.fr/sites/default/files/doc_associe/rapport_publi_cevipof_-_eef2017_vague_10_-_ipsos_le_monde_-_janvier_2017_0.pdf,Ipsos,,,,,15921,,Premier tour,variante_2,Philippe Poutou,1.0
,Ipsos du 10 au 15 (WP),http://www.ipsos.fr/sites/default/files/doc_associe/rapport_publi_cevipof_-_eef2017_vague_10_-_ipsos_le_monde_-_janvier_2017_0.pdf,Ipsos,,,,,15921,,Premier tour,variante_2,Jean-Luc Mélenchon,15.0
,Ipsos du 10 au 15 (WP),http://www.ipsos.fr/sites/default/files/doc_associe/rapport_publi_cevipof_-_eef2017_vague_10_-_ipsos_le_monde_-_janvier_2017_0.pdf,Ipsos,,,,,15921,,Premier tour,variante_2,Yannick Jadot,2.5
,Ipsos du 10 au 15 (WP),http://www.ipsos.fr/sites/default/files/doc_associe/rapport_publi_cevipof_-_eef2017_vague_10_-_ipsos_le_monde_-_janvier_2017_0.pdf,Ipsos,,,,,15921,,Premier tour,variante_2,Manuel Valls,10.0
,Ipsos du 10 au 15 (WP),http://www.ipsos.fr/sites/default/files/doc_associe/rapport_publi_cevipof_-_eef2017_vague_10_-_ipsos_le_monde_-_janvier_2017_0.pdf,Ipsos,,,,,15921,,Premier tour,variante_2,Emmanuel Macron,19.0
,Ipsos du 10 au 15 (WP),http://www.ipsos.fr/sites/default/files/doc_associe/rapport_publi_cevipof_-_eef2017_vague_10_-_ipsos_le_monde_-_janvier_2017_0.pdf,Ipsos,,,,,15921,,Premier tour,variante_2,François Fillon,24.0
,Ipsos du 10 au 15 (WP),http://www.ipsos.fr/sites/default/files/doc_associe/rapport_publi_cevipof_-_eef2017_vague_10_-_ipsos_le_monde_-_janvier_2017_0.pdf,Ipsos,,,,,15921,,Premier tour,variante_2,Nicolas Dupont-Aignan,2.5
,Ipsos du 10 au 15 (WP),http://www.ipsos.fr/sites/default/files/doc_associe/rapport_publi_cevipof_-_eef2017_vague_10_-_ipsos_le_monde_-_janvier_2017_0.pdf,Ipsos,,,,,15921,,Premier tour,variante_2,Marine Le Pen,25.0
,Ipsos du 10 au 15 (WP),http://www.ipsos.fr/sites/default/files/doc_associe/rapport_publi_cevipof_-_eef2017_vague_10_-_ipsos_le_monde_-_janvier_2017_0.pdf,Ipsos,,,,,15921,,Premier tour,variante_2,Jacques Cheminade,0.5
,Ipsos du 10 au 15 (WP),http://www.ipsos.fr/sites/default/files/doc_associe/rapport_publi_cevipof_-_eef2017_vague_10_-_ipsos_le_monde_-_janvier_2017_0.pdf,Ipsos,,,,,15921,,Premier tour,variante_3,Nathalie Arthaud,1.0
,Ipsos du 10 au 15 (WP),http://www.ipsos.fr/sites/default/files/doc_associe/rapport_publi_cevipof_-_eef2017_vague_10_-_ipsos_le_monde_-_janvier_2017_0.pdf,Ipsos,,,,,15921,,Premier tour,variante_3,Philippe Poutou,1.0
,Ipsos du 10 au 15 (WP),http://www.ipsos.fr/sites/default/files/doc_associe/rapport_publi_cevipof_-_eef2017_vague_10_-_ipsos_le_monde_-_janvier_2017_0.pdf,Ipsos,,,,,15921,,Premier tour,variante_3,Jean-Luc Mélenchon,13.0
,Ipsos du 10 au 15 (WP),http://www.ipsos.fr/sites/default/files/doc_associe/rapport_publi_cevipof_-_eef2017_vague_10_-_ipsos_le_monde_-_janvier_2017_0.pdf,Ipsos,,,,,15921,,Premier tour,variante_3,Yannick Jadot,2.5
,Ipsos du 10 au 15 (WP),http://www.ipsos.fr/sites/default/files/doc_associe/rapport_publi_cevipof_-_eef2017_vague_10_-_ipsos_le_monde_-_janvier_2017_0.pdf,Ipsos,,,,,15921,,Premier tour,variante_3,Arnaud Montebourg,6.0
,Ipsos du 10 au 15 (WP),http://www.ipsos.fr/sites/default/files/doc_associe/rapport_publi_cevipof_-_eef2017_vague_10_-_ipsos_le_monde_-_janvier_2017_0.pdf,Ipsos,,,,,15921,,Premier tour,variante_3,Emmanuel Macron,19.0
,Ipsos du 10 au 15 (WP),http://www.ipsos.fr/sites/default/files/doc_associe/rapport_publi_cevipof_-_eef2017_vague_10_-_ipsos_le_monde_-_janvier_2017_0.pdf,Ipsos,,,,,15921,,Premier tour,variante_3,François Bayrou,5.0
,Ipsos du 10 au 15 (WP),http://www.ipsos.fr/sites/default/files/doc_associe/rapport_publi_cevipof_-_eef2017_vague_10_-_ipsos_le_monde_-_janvier_2017_0.pdf,Ipsos,,,,,15921,,Premier tour,variante_3,François Fillon,24.0
,Ipsos du 10 au 15 (WP),http://www.ipsos.fr/sites/default/files/doc_associe/rapport_publi_cevipof_-_eef2017_vague_10_-_ipsos_le_monde_-_janvier_2017_0.pdf,Ipsos,,,,,15921,,Premier tour,variante_3,Nicolas Dupont-Aignan,2.5
,Ipsos du 10 au 15 (WP),http://www.ipsos.fr/sites/default/files/doc_associe/rapport_publi_cevipof_-_eef2017_vague_10_-_ipsos_le_monde_-_janvier_2017_0.pdf,Ipsos,,,,,15921,,Premier tour,variante_3,Marine Le Pen,26.0
,Ipsos du 10 au 15 (WP),http://www.ipsos.fr/sites/default/files/doc_associe/rapport_publi_cevipof_-_eef2017_vague_10_-_ipsos_le_monde_-_janvier_2017_0.pdf,Ipsos,,,,,15921,,Premier tour,variante_3,Jacques Cheminade,0.5
,Ipsos du 10 au 15 (WP),http://www.ipsos.fr/sites/default/files/doc_associe/rapport_publi_cevipof_-_eef2017_vague_10_-_ipsos_le_monde_-_janvier_2017_0.pdf,Ipsos,,,,,15921,,Premier tour,variante_4,Nathalie Arthaud,1.0
,Ipsos du 10 au 15 (WP),http://www.ipsos.fr/sites/default/files/doc_associe/rapport_publi_cevipof_-_eef2017_vague_10_-_ipsos_le_monde_-_janvier_2017_0.pdf,Ipsos,,,,,15921,,Premier tour,variante_4,Philippe Poutou,1.0
,Ipsos du 10 au 15 (WP),http://www.ipsos.fr/sites/default/files/doc_associe/rapport_publi_cevipof_-_eef2017_vague_10_-_ipsos_le_monde_-_janvier_2017_0.pdf,Ipsos,,,,,15921,,Premier tour,variante_4,Jean-Luc Mélenchon,14.0
,Ipsos du 10 au 15 (WP),http://www.ipsos.fr/sites/default/files/doc_associe/rapport_publi_cevipof_-_eef2017_vague_10_-_ipsos_le_monde_-_janvier_2017_0.pdf,Ipsos,,,,,15921,,Premier tour,variante_4,Yannick Jadot,2.5
,Ipsos du 10 au 15 (WP),http://www.ipsos.fr/sites/default/files/doc_associe/rapport_publi_cevipof_-_eef2017_vague_10_-_ipsos_le_monde_-_janvier_2017_0.pdf,Ipsos,,,,,15921,,Premier tour,variante_4,Arnaud Montebourg,7.0
,Ipsos du 10 au 15 (WP),http://www.ipsos.fr/sites/default/files/doc_associe/rapport_publi_cevipof_-_eef2017_vague_10_-_ipsos_le_monde_-_janvier_2017_0.pdf,Ipsos,,,,,15921,,Premier tour,variante_4,Emmanuel Macron,21.0
,Ipsos du 10 au 15 (WP),http://www.ipsos.fr/sites/default/files/doc_associe/rapport_publi_cevipof_-_eef2017_vague_10_-_ipsos_le_monde_-_janvier_2017_0.pdf,Ipsos,,,,,15921,,Premier tour,variante_4,François Fillon,25.0
,Ipsos du 10 au 15 (WP),http://www.ipsos.fr/sites/default/files/doc_associe/rapport_publi_cevipof_-_eef2017_vague_10_-_ipsos_le_monde_-_janvier_2017_0.pdf,Ipsos,,,,,15921,,Premier tour,variante_4,Nicolas Dupont-Aignan,2.5
,Ipsos du 10 au 15 (WP),http://www.ipsos.fr/sites/default/files/doc_associe/rapport_publi_cevipof_-_eef2017_vague_10_-_ipsos_le_monde_-_janvier_2017_0.pdf,Ipsos,,,,,15921,,Premier tour,variante_4,Marine Le Pen,26.0
,Ipsos du 10 au 15 (WP),http://www.ipsos.fr/sites/default/files/doc_associe/rapport_publi_cevipof_-_eef2017_vague_10_-_ipsos_le_monde_-_janvier_2017_0.pdf,Ipsos,,,,,15921,,Premier tour,variante_4,Jacques Cheminade,0.5
,Ipsos du 10 au 15 (WP),http://www.ipsos.fr/sites/default/files/doc_associe/rapport_publi_cevipof_-_eef2017_vague_10_-_ipsos_le_monde_-_janvier_2017_0.pdf,Ipsos,,,,,15921,,Premier tour,variante_5,Nathalie Arthaud,1.0
,Ipsos du 10 au 15 (WP),http://www.ipsos.fr/sites/default/files/doc_associe/rapport_publi_cevipof_-_eef2017_vague_10_-_ipsos_le_monde_-_janvier_2017_0.pdf,Ipsos,,,,,15921,,Premier tour,variante_5,Philippe Poutou,1.0
,Ipsos du 10 au 15 (WP),http://www.ipsos.fr/sites/default/files/doc_associe/rapport_publi_cevipof_-_eef2017_vague_10_-_ipsos_le_monde_-_janvier_2017_0.pdf,Ipsos,,,,,15921,,Premier tour,variante_5,Jean-Luc Mélenchon,14.0
,Ipsos du 10 au 15 (WP),http://www.ipsos.fr/sites/default/files/doc_associe/rapport_publi_cevipof_-_eef2017_vague_10_-_ipsos_le_monde_-_janvier_2017_0.pdf,Ipsos,,,,,15921,,Premier tour,variante_5,Yannick Jadot,2.5
,Ipsos du 10 au 15 (WP),http://www.ipsos.fr/sites/default/files/doc_associe/rapport_publi_cevipof_-_eef2017_vague_10_-_ipsos_le_monde_-_janvier_2017_0.pdf,Ipsos,,,,,15921,,Premier tour,variante_5,Benoît Hamon,7.0
,Ipsos du 10 au 15 (WP),http://www.ipsos.fr/sites/default/files/doc_associe/rapport_publi_cevipof_-_eef2017_vague_10_-_ipsos_le_monde_-_janvier_2017_0.pdf,Ipsos,,,,,15921,,Premier tour,variante_5,Emmanuel Macron,21.0
,Ipsos du 10 au 15 (WP),http://www.ipsos.fr/sites/default/files/doc_associe/rapport_publi_cevipof_-_eef2017_vague_10_-_ipsos_le_monde_-_janvier_2017_0.pdf,Ipsos,,,,,15921,,Premier tour,variante_5,François Fillon,25.0
,Ipsos du 10 au 15 (WP),http://www.ipsos.fr/sites/default/files/doc_associe/rapport_publi_cevipof_-_eef2017_vague_10_-_ipsos_le_monde_-_janvier_2017_0.pdf,Ipsos,,,,,15921,,Premier tour,variante_5,Nicolas Dupont-Aignan,2.5
,Ipsos du 10 au 15 (WP),http://www.ipsos.fr/sites/default/files/doc_associe/rapport_publi_cevipof_-_eef2017_vague_10_-_ipsos_le_monde_-_janvier_2017_0.pdf,Ipsos,,,,,15921,,Premier tour,variante_5,Marine Le Pen,26.0
,Ipsos du 10 au 15 (WP),http://www.ipsos.fr/sites/default/files/doc_associe/rapport_publi_cevipof_-_eef2017_vague_10_-_ipsos_le_monde_-_janvier_2017_0.pdf,Ipsos,,,,,15921,,Premier tour,variante_5,Jacques Cheminade,0.5
,BVA du 6 au 8 (WP),http://www.bva.fr/data/sondage/sondage_fiche/1938/fichier_intentions_de_vote_-_vague_8_-_pop2017_-_12_janvier_2017adbe6.pdf,BVA,,,,,946,,Premier tour,variante_1,Nathalie Arthaud,1.0
,BVA du 6 au 8 (WP),http://www.bva.fr/data/sondage/sondage_fiche/1938/fichier_intentions_de_vote_-_vague_8_-_pop2017_-_12_janvier_2017adbe6.pdf,BVA,,,,,946,,Premier tour,variante_1,Philippe Poutou,1.0
,BVA du 6 au 8 (WP),http://www.bva.fr/data/sondage/sondage_fiche/1938/fichier_intentions_de_vote_-_vague_8_-_pop2017_-_12_janvier_2017adbe6.pdf,BVA,,,,,946,,Premier tour,variante_1,Jean-Luc Mélenchon,13.0
,BVA du 6 au 8 (WP),http://www.bva.fr/data/sondage/sondage_fiche/1938/fichier_intentions_de_vote_-_vague_8_-_pop2017_-_12_janvier_2017adbe6.pdf,BVA,,,,,946,,Premier tour,variante_1,Yannick Jadot,2.5
,BVA du 6 au 8 (WP),http://www.bva.fr/data/sondage/sondage_fiche/1938/fichier_intentions_de_vote_-_vague_8_-_pop2017_-_12_janvier_2017adbe6.pdf,BVA,,,,,946,,Premier tour,variante_1,Manuel Valls,11.0
,BVA du 6 au 8 (WP),http://www.bva.fr/data/sondage/sondage_fiche/1938/fichier_intentions_de_vote_-_vague_8_-_pop2017_-_12_janvier_2017adbe6.pdf,BVA,,,,,946,,Premier tour,variante_1,Emmanuel Macron,16.0
,BVA du 6 au 8 (WP),http://www.bva.fr/data/sondage/sondage_fiche/1938/fichier_intentions_de_vote_-_vague_8_-_pop2017_-_12_janvier_2017adbe6.pdf,BVA,,,,,946,,Premier tour,variante_1,François Bayrou,5.0
,BVA du 6 au 8 (WP),http://www.bva.fr/data/sondage/sondage_fiche/1938/fichier_intentions_de_vote_-_vague_8_-_pop2017_-_12_janvier_2017adbe6.pdf,BVA,,,,,946,,Premier tour,variante_1,François Fillon,24.0
,BVA du 6 au 8 (WP),http://www.bva.fr/data/sondage/sondage_fiche/1938/fichier_intentions_de_vote_-_vague_8_-_pop2017_-_12_janvier_2017adbe6.pdf,BVA,,,,,946,,Premier tour,variante_1,Nicolas Dupont-Aignan,1.5
,BVA du 6 au 8 (WP),http://www.bva.fr/data/sondage/sondage_fiche/1938/fichier_intentions_de_vote_-_vague_8_-_pop2017_-_12_janvier_2017adbe6.pdf,BVA,,,,,946,,Premier tour,variante_1,Marine Le Pen,25.0
,BVA du 6 au 8 (WP),http://www.bva.fr/data/sondage/sondage_fiche/1938/fichier_intentions_de_vote_-_vague_8_-_pop2017_-_12_janvier_2017adbe6.pdf,BVA,,,,,946,,Premier tour,variante_2,Nathalie Arthaud,1.5
,BVA du 6 au 8 (WP),http://www.bva.fr/data/sondage/sondage_fiche/1938/fichier_intentions_de_vote_-_vague_8_-_pop2017_-_12_janvier_2017adbe6.pdf,BVA,,,,,946,,Premier tour,variante_2,Philippe Poutou,1.0
,BVA du 6 au 8 (WP),http://www.bva.fr/data/sondage/sondage_fiche/1938/fichier_intentions_de_vote_-_vague_8_-_pop2017_-_12_janvier_2017adbe6.pdf,BVA,,,,,946,,Premier tour,variante_2,Jean-Luc Mélenchon,12.5
,BVA du 6 au 8 (WP),http://www.bva.fr/data/sondage/sondage_fiche/1938/fichier_intentions_de_vote_-_vague_8_-_pop2017_-_12_janvier_2017adbe6.pdf,BVA,,,,,946,,Premier tour,variante_2,Yannick Jadot,3.0
,BVA du 6 au 8 (WP),http://www.bva.fr/data/sondage/sondage_fiche/1938/fichier_intentions_de_vote_-_vague_8_-_pop2017_-_12_janvier_2017adbe6.pdf,BVA,,,,,946,,Premier tour,variante_2,Arnaud Montebourg,6.5
,BVA du 6 au 8 (WP),http://www.bva.fr/data/sondage/sondage_fiche/1938/fichier_intentions_de_vote_-_vague_8_-_pop2017_-_12_janvier_2017adbe6.pdf,BVA,,,,,946,,Premier tour,variante_2,Emmanuel Macron,20.0
,BVA du 6 au 8 (WP),http://www.bva.fr/data/sondage/sondage_fiche/1938/fichier_intentions_de_vote_-_vague_8_-_pop2017_-_12_janvier_2017adbe6.pdf,BVA,,,,,946,,Premier tour,variante_2,François Bayrou,5.0
,BVA du 6 au 8 (WP),http://www.bva.fr/data/sondage/sondage_fiche/1938/fichier_intentions_de_vote_-_vague_8_-_pop2017_-_12_janvier_2017adbe6.pdf,BVA,,,,,946,,Premier tour,variante_2,François Fillon,24.0
,BVA du 6 au 8 (WP),http://www.bva.fr/data/sondage/sondage_fiche/1938/fichier_intentions_de_vote_-_vague_8_-_pop2017_-_12_janvier_2017adbe6.pdf,BVA,,,,,946,,Premier tour,variante_2,Nicolas Dupont-Aignan,1.5
,BVA du 6 au 8 (WP),http://www.bva.fr/data/sondage/sondage_fiche/1938/fichier_intentions_de_vote_-_vague_8_-_pop2017_-_12_janvier_2017adbe6.pdf,BVA,,,,,946,,Premier tour,variante_2,Marine Le Pen,25.0
,BVA du 6 au 8 (WP),http://www.bva.fr/data/sondage/sondage_fiche/1938/fichier_intentions_de_vote_-_vague_8_-_pop2017_-_12_janvier_2017adbe6.pdf,BVA,,,,,946,,Premier tour,variante_3,Nathalie Arthaud,1.0
,BVA du 6 au 8 (WP),http://www.bva.fr/data/sondage/sondage_fiche/1938/fichier_intentions_de_vote_-_vague_8_-_pop2017_-_12_janvier_2017adbe6.pdf,BVA,,,,,946,,Premier tour,variante_3,Philippe Poutou,0.5
,BVA du 6 au 8 (WP),http://www.bva.fr/data/sondage/sondage_fiche/1938/fichier_intentions_de_vote_-_vague_8_-_pop2017_-_12_janvier_2017adbe6.pdf,BVA,,,,,946,,Premier tour,variante_3,Jean-Luc Mélenchon,12.5
,BVA du 6 au 8 (WP),http://www.bva.fr/data/sondage/sondage_fiche/1938/fichier_intentions_de_vote_-_vague_8_-_pop2017_-_12_janvier_2017adbe6.pdf,BVA,,,,,946,,Premier tour,variante_3,Yannick Jadot,2.5
,BVA du 6 au 8 (WP),http://www.bva.fr/data/sondage/sondage_fiche/1938/fichier_intentions_de_vote_-_vague_8_-_pop2017_-_12_janvier_2017adbe6.pdf,BVA,,,,,946,,Premier tour,variante_3,Benoît Hamon,6.0
,BVA du 6 au 8 (WP),http://www.bva.fr/data/sondage/sondage_fiche/1938/fichier_intentions_de_vote_-_vague_8_-_pop2017_-_12_janvier_2017adbe6.pdf,BVA,,,,,946,,Premier tour,variante_3,Emmanuel Macron,20.0
,BVA du 6 au 8 (WP),http://www.bva.fr/data/sondage/sondage_fiche/1938/fichier_intentions_de_vote_-_vague_8_-_pop2017_-_12_janvier_2017adbe6.pdf,BVA,,,,,946,,Premier tour,variante_3,François Bayrou,6.0
,BVA du 6 au 8 (WP),http://www.bva.fr/data/sondage/sondage_fiche/1938/fichier_intentions_de_vote_-_vague_8_-_pop2017_-_12_janvier_2017adbe6.pdf,BVA,,,,,946,,Premier tour,variante_3,François Fillon,24.0
,BVA du 6 au 8 (WP),http://www.bva.fr/data/sondage/sondage_fiche/1938/fichier_intentions_de_vote_-_vague_8_-_pop2017_-_12_janvier_2017adbe6.pdf,BVA,,,,,946,,Premier tour,variante_3,Nicolas Dupont-Aignan,1.5
,BVA du 6 au 8 (WP),http://www.bva.fr/data/sondage/sondage_fiche/1938/fichier_intentions_de_vote_-_vague_8_-_pop2017_-_12_janvier_2017adbe6.pdf,BVA,,,,,946,,Premier tour,variante_3,Marine Le Pen,26.0
,BVA du 6 au 8 (WP),http://www.bva.fr/data/sondage/sondage_fiche/1938/fichier_intentions_de_vote_-_vague_8_-_pop2017_-_12_janvier_2017adbe6.pdf,BVA,,,,,946,,Premier tour,variante_4,Nathalie Arthaud,1.0
,BVA du 6 au 8 (WP),http://www.bva.fr/data/sondage/sondage_fiche/1938/fichier_intentions_de_vote_-_vague_8_-_pop2017_-_12_janvier_2017adbe6.pdf,BVA,,,,,946,,Premier tour,variante_4,Philippe Poutou,1.0
,BVA du 6 au 8 (WP),http://www.bva.fr/data/sondage/sondage_fiche/1938/fichier_intentions_de_vote_-_vague_8_-_pop2017_-_12_janvier_2017adbe6.pdf,BVA,,,,,946,,Premier tour,variante_4,Jean-Luc Mélenchon,13.0
,BVA du 6 au 8 (WP),http://www.bva.fr/data/sondage/sondage_fiche/1938/fichier_intentions_de_vote_-_vague_8_-_pop2017_-_12_janvier_2017adbe6.pdf,BVA,,,,,946,,Premier tour,variante_4,Yannick Jadot,2.5
,BVA du 6 au 8 (WP),http://www.bva.fr/data/sondage/sondage_fiche/1938/fichier_intentions_de_vote_-_vague_8_-_pop2017_-_12_janvier_2017adbe6.pdf,BVA,,,,,946,,Premier tour,variante_4,Vincent Peillon,5.0
,BVA du 6 au 8 (WP),http://www.bva.fr/data/sondage/sondage_fiche/1938/fichier_intentions_de_vote_-_vague_8_-_pop2017_-_12_janvier_2017adbe6.pdf,BVA,,,,,946,,Premier tour,variante_4,Emmanuel Macron,20.0
,BVA du 6 au 8 (WP),http://www.bva.fr/data/sondage/sondage_fiche/1938/fichier_intentions_de_vote_-_vague_8_-_pop2017_-_12_janvier_2017adbe6.pdf,BVA,,,,,946,,Premier tour,variante_4,François Bayrou,6.0
,BVA du 6 au 8 (WP),http://www.bva.fr/data/sondage/sondage_fiche/1938/fichier_intentions_de_vote_-_vague_8_-_pop2017_-_12_janvier_2017adbe6.pdf,BVA,,,,,946,,Premier tour,variante_4,François Fillon,24.0
,BVA du 6 au 8 (WP),http://www.bva.fr/data/sondage/sondage_fiche/1938/fichier_intentions_de_vote_-_vague_8_-_pop2017_-_12_janvier_2017adbe6.pdf,BVA,,,,,946,,Premier tour,variante_4,Nicolas Dupont-Aignan,1.5
,BVA du 6 au 8 (WP),http://www.bva.fr/data/sondage/sondage_fiche/1938/fichier_intentions_de_vote_-_vague_8_-_pop2017_-_12_janvier_2017adbe6.pdf,BVA,,,,,946,,Premier tour,variante_4,Marine Le Pen,26.0
,Ifop du 3 au 6 (WP),http://www.ifop.fr/media/poll/3605-1-study_file.pdf,Ifop,,,,,1860,,Premier tour,variante_1,Nathalie Arthaud,0.5
,Ifop du 3 au 6 (WP),http://www.ifop.fr/media/poll/3605-1-study_file.pdf,Ifop,,,,,1860,,Premier tour,variante_1,Philippe Poutou,1.0
,Ifop du 3 au 6 (WP),http://www.ifop.fr/media/poll/3605-1-study_file.pdf,Ifop,,,,,1860,,Premier tour,variante_1,Jean-Luc Mélenchon,12.0
,Ifop du 3 au 6 (WP),http://www.ifop.fr/media/poll/3605-1-study_file.pdf,Ifop,,,,,1860,,Premier tour,variante_1,Yannick Jadot,2.0
,Ifop du 3 au 6 (WP),http://www.ifop.fr/media/poll/3605-1-study_file.pdf,Ifop,,,,,1860,,Premier tour,variante_1,Manuel Valls,10.5
,Ifop du 3 au 6 (WP),http://www.ifop.fr/media/poll/3605-1-study_file.pdf,Ifop,,,,,1860,,Premier tour,variante_1,Emmanuel Macron,17.0
,Ifop du 3 au 6 (WP),http://www.ifop.fr/media/poll/3605-1-study_file.pdf,Ifop,,,,,1860,,Premier tour,variante_1,François Bayrou,5.5
,Ifop du 3 au 6 (WP),http://www.ifop.fr/media/poll/3605-1-study_file.pdf,Ifop,,,,,1860,,Premier tour,variante_1,François Fillon,24.0
,Ifop du 3 au 6 (WP),http://www.ifop.fr/media/poll/3605-1-study_file.pdf,Ifop,,,,,1860,,Premier tour,variante_1,Nicolas Dupont-Aignan,1.5
,Ifop du 3 au 6 (WP),http://www.ifop.fr/media/poll/3605-1-study_file.pdf,Ifop,,,,,1860,,Premier tour,variante_1,Marine Le Pen,26.0
,Ifop du 3 au 6 (WP),http://www.ifop.fr/media/poll/3605-1-study_file.pdf,Ifop,,,,,1860,,Premier tour,variante_1,Jacques Cheminade,0.0
,Ifop du 3 au 6 (WP),http://www.ifop.fr/media/poll/3605-1-study_file.pdf,Ifop,,,,,1860,,Premier tour,variante_2,Nathalie Arthaud,1.0
,Ifop du 3 au 6 (WP),http://www.ifop.fr/media/poll/3605-1-study_file.pdf,Ifop,,,,,1860,,Premier tour,variante_2,Philippe Poutou,1.0
,Ifop du 3 au 6 (WP),http://www.ifop.fr/media/poll/3605-1-study_file.pdf,Ifop,,,,,1860,,Premier tour,variante_2,Jean-Luc Mélenchon,11.5
,Ifop du 3 au 6 (WP),http://www.ifop.fr/media/poll/3605-1-study_file.pdf,Ifop,,,,,1860,,Premier tour,variante_2,Yannick Jadot,2.0
,Ifop du 3 au 6 (WP),http://www.ifop.fr/media/poll/3605-1-study_file.pdf,Ifop,,,,,1860,,Premier tour,variante_2,Arnaud Montebourg,5.5
,Ifop du 3 au 6 (WP),http://www.ifop.fr/media/poll/3605-1-study_file.pdf,Ifop,,,,,1860,,Premier tour,variante_2,Emmanuel Macron,19.0
,Ifop du 3 au 6 (WP),http://www.ifop.fr/media/poll/3605-1-study_file.pdf,Ifop,,,,,1860,,Premier tour,variante_2,François Bayrou,7.0
,Ifop du 3 au 6 (WP),http://www.ifop.fr/media/poll/3605-1-study_file.pdf,Ifop,,,,,1860,,Premier tour,variante_2,François Fillon,24.5
,Ifop du 3 au 6 (WP),http://www.ifop.fr/media/poll/3605-1-study_file.pdf,Ifop,,,,,1860,,Premier tour,variante_2,Nicolas Dupont-Aignan,2.0
,Ifop du 3 au 6 (WP),http://www.ifop.fr/media/poll/3605-1-study_file.pdf,Ifop,,,,,1860,,Premier tour,variante_2,Marine Le Pen,26.5
,Ifop du 3 au 6 (WP),http://www.ifop.fr/media/poll/3605-1-study_file.pdf,Ifop,,,,,1860,,Premier tour,variante_2,Jacques Cheminade,0.0
,Ifop du 3 au 6 (WP),http://www.ifop.fr/media/poll/3605-1-study_file.pdf,Ifop,,,,,1860,,Premier tour,variante_3,Nathalie Arthaud,1.0
,Ifop du 3 au 6 (WP),http://www.ifop.fr/media/poll/3605-1-study_file.pdf,Ifop,,,,,1860,,Premier tour,variante_3,Philippe Poutou,1.0
,Ifop du 3 au 6 (WP),http://www.ifop.fr/media/poll/3605-1-study_file.pdf,Ifop,,,,,1860,,Premier tour,variante_3,Jean-Luc Mélenchon,11.5
,Ifop du 3 au 6 (WP),http://www.ifop.fr/media/poll/3605-1-study_file.pdf,Ifop,,,,,1860,,Premier tour,variante_3,Yannick Jadot,2.0
,Ifop du 3 au 6 (WP),http://www.ifop.fr/media/poll/3605-1-study_file.pdf,Ifop,,,,,1860,,Premier tour,variante_3,Benoît Hamon,6.0
,Ifop du 3 au 6 (WP),http://www.ifop.fr/media/poll/3605-1-study_file.pdf,Ifop,,,,,1860,,Premier tour,variante_3,Emmanuel Macron,19.0
,Ifop du 3 au 6 (WP),http://www.ifop.fr/media/poll/3605-1-study_file.pdf,Ifop,,,,,1860,,Premier tour,variante_3,François Bayrou,7.0
,Ifop du 3 au 6 (WP),http://www.ifop.fr/media/poll/3605-1-study_file.pdf,Ifop,,,,,1860,,Premier tour,variante_3,François Fillon,24.5
,Ifop du 3 au 6 (WP),http://www.ifop.fr/media/poll/3605-1-study_file.pdf,Ifop,,,,,1860,,Premier tour,variante_3,Nicolas Dupont-Aignan,1.5
,Ifop du 3 au 6 (WP),http://www.ifop.fr/media/poll/3605-1-study_file.pdf,Ifop,,,,,1860,,Premier tour,variante_3,Marine Le Pen,26.0
,Ifop du 3 au 6 (WP),http://www.ifop.fr/media/poll/3605-1-study_file.pdf,Ifop,,,,,1860,,Premier tour,variante_3,Jacques Cheminade,0.5
,Ifop du 3 au 6 (WP),http://www.ifop.fr/media/poll/3605-1-study_file.pdf,Ifop,,,,,1860,,Premier tour,variante_4,Nathalie Arthaud,1.0
,Ifop du 3 au 6 (WP),http://www.ifop.fr/media/poll/3605-1-study_file.pdf,Ifop,,,,,1860,,Premier tour,variante_4,Philippe Poutou,1.5
,Ifop du 3 au 6 (WP),http://www.ifop.fr/media/poll/3605-1-study_file.pdf,Ifop,,,,,1860,,Premier tour,variante_4,Jean-Luc Mélenchon,13.0
,Ifop du 3 au 6 (WP),http://www.ifop.fr/media/poll/3605-1-study_file.pdf,Ifop,,,,,1860,,Premier tour,variante_4,Yannick Jadot,2.5
,Ifop du 3 au 6 (WP),http://www.ifop.fr/media/poll/3605-1-study_file.pdf,Ifop,,,,,1860,,Premier tour,variante_4,Vincent Peillon,2.5
,Ifop du 3 au 6 (WP),http://www.ifop.fr/media/poll/3605-1-study_file.pdf,Ifop,,,,,1860,,Premier tour,variante_4,Emmanuel Macron,20.0
,Ifop du 3 au 6 (WP),http://www.ifop.fr/media/poll/3605-1-study_file.pdf,Ifop,,,,,1860,,Premier tour,variante_4,François Bayrou,7.0
,Ifop du 3 au 6 (WP),http://www.ifop.fr/media/poll/3605-1-study_file.pdf,Ifop,,,,,1860,,Premier tour,variante_4,François Fillon,25.0
,Ifop du 3 au 6 (WP),http://www.ifop.fr/media/poll/3605-1-study_file.pdf,Ifop,,,,,1860,,Premier tour,variante_4,Nicolas Dupont-Aignan,1.5
,Ifop du 3 au 6 (WP),http://www.ifop.fr/media/poll/3605-1-study_file.pdf,Ifop,,,,,1860,,Premier tour,variante_4,Marine Le Pen,26.0
,Ifop du 3 au 6 (WP),http://www.ifop.fr/media/poll/3605-1-study_file.pdf,Ifop,,,,,1860,,Premier tour,variante_4,Jacques Cheminade,0.0
,Elabe du 3 au 4 (WP),http://elabe.fr/presidentielle-2017-intentions-de-vote-a-3-mois-demi-scrutin/,Elabe,,2017-01-03,2017-01-04,,925,,Premier tour,variante_1,Nathalie Arthaud,1.0
,Elabe du 3 au 4 (WP),http://elabe.fr/presidentielle-2017-intentions-de-vote-a-3-mois-demi-scrutin/,Elabe,,2017-01-03,2017-01-04,,925,,Premier tour,variante_1,Philippe Poutou,2.5
,Elabe du 3 au 4 (WP),http://elabe.fr/presidentielle-2017-intentions-de-vote-a-3-mois-demi-scrutin/,Elabe,,2017-01-03,2017-01-04,,925,,Premier tour,variante_1,Jean-Luc Mélenchon,14.0
,Elabe du 3 au 4 (WP),http://elabe.fr/presidentielle-2017-intentions-de-vote-a-3-mois-demi-scrutin/,Elabe,,2017-01-03,2017-01-04,,925,,Premier tour,variante_1,Yannick Jadot,1.0
,Elabe du 3 au 4 (WP),http://elabe.fr/presidentielle-2017-intentions-de-vote-a-3-mois-demi-scrutin/,Elabe,,2017-01-03,2017-01-04,,925,,Premier tour,variante_1,Manuel Valls,12.0
,Elabe du 3 au 4 (WP),http://elabe.fr/presidentielle-2017-intentions-de-vote-a-3-mois-demi-scrutin/,Elabe,,2017-01-03,2017-01-04,,925,,Premier tour,variante_1,Emmanuel Macron,16.0
,Elabe du 3 au 4 (WP),http://elabe.fr/presidentielle-2017-intentions-de-vote-a-3-mois-demi-scrutin/,Elabe,,2017-01-03,2017-01-04,,925,,Premier tour,variante_1,François Bayrou,7.5
,Elabe du 3 au 4 (WP),http://elabe.fr/presidentielle-2017-intentions-de-vote-a-3-mois-demi-scrutin/,Elabe,,2017-01-03,2017-01-04,,925,,Premier tour,variante_1,François Fillon,23.0
,Elabe du 3 au 4 (WP),http://elabe.fr/presidentielle-2017-intentions-de-vote-a-3-mois-demi-scrutin/,Elabe,,2017-01-03,2017-01-04,,925,,Premier tour,variante_1,Nicolas Dupont-Aignan,1.0
,Elabe du 3 au 4 (WP),http://elabe.fr/presidentielle-2017-intentions-de-vote-a-3-mois-demi-scrutin/,Elabe,,2017-01-03,2017-01-04,,925,,Premier tour,variante_1,Marine Le Pen,22.0
,Elabe du 3 au 4 (WP),http://elabe.fr/presidentielle-2017-intentions-de-vote-a-3-mois-demi-scrutin/,Elabe,,2017-01-03,2017-01-04,,925,,Premier tour,variante_2,Nathalie Arthaud,1.0
,Elabe du 3 au 4 (WP),http://elabe.fr/presidentielle-2017-intentions-de-vote-a-3-mois-demi-scrutin/,Elabe,,2017-01-03,2017-01-04,,925,,Premier tour,variante_2,Philippe Poutou,2.0
,Elabe du 3 au 4 (WP),http://elabe.fr/presidentielle-2017-intentions-de-vote-a-3-mois-demi-scrutin/,Elabe,,2017-01-03,2017-01-04,,925,,Premier tour,variante_2,Jean-Luc Mélenchon,13.0
,Elabe du 3 au 4 (WP),http://elabe.fr/presidentielle-2017-intentions-de-vote-a-3-mois-demi-scrutin/,Elabe,,2017-01-03,2017-01-04,,925,,Premier tour,variante_2,Yannick Jadot,1.0
,Elabe du 3 au 4 (WP),http://elabe.fr/presidentielle-2017-intentions-de-vote-a-3-mois-demi-scrutin/,Elabe,,2017-01-03,2017-01-04,,925,,Premier tour,variante_2,Arnaud Montebourg,7.0
,Elabe du 3 au 4 (WP),http://elabe.fr/presidentielle-2017-intentions-de-vote-a-3-mois-demi-scrutin/,Elabe,,2017-01-03,2017-01-04,,925,,Premier tour,variante_2,Emmanuel Macron,20.0
,Elabe du 3 au 4 (WP),http://elabe.fr/presidentielle-2017-intentions-de-vote-a-3-mois-demi-scrutin/,Elabe,,2017-01-03,2017-01-04,,925,,Premier tour,variante_2,François Bayrou,7.0
,Elabe du 3 au 4 (WP),http://elabe.fr/presidentielle-2017-intentions-de-vote-a-3-mois-demi-scrutin/,Elabe,,2017-01-03,2017-01-04,,925,,Premier tour,variante_2,François Fillon,24.0
,Elabe du 3 au 4 (WP),http://elabe.fr/presidentielle-2017-intentions-de-vote-a-3-mois-demi-scrutin/,Elabe,,2017-01-03,2017-01-04,,925,,Premier tour,variante_2,Nicolas Dupont-Aignan,2.0
,Elabe du 3 au 4 (WP),http://elabe.fr/presidentielle-2017-intentions-de-vote-a-3-mois-demi-scrutin/,Elabe,,2017-01-03,2017-01-04,,925,,Premier tour,variante_2,Marine Le Pen,23.0
,Elabe du 3 au 4 (WP),http://elabe.fr/presidentielle-2017-intentions-de-vote-a-3-mois-demi-scrutin/,Elabe,,2017-01-03,2017-01-04,,925,,Premier tour,variante_3,Nathalie Arthaud,0.5
,Elabe du 3 au 4 (WP),http://elabe.fr/presidentielle-2017-intentions-de-vote-a-3-mois-demi-scrutin/,Elabe,,2017-01-03,2017-01-04,,925,,Premier tour,variante_3,Philippe Poutou,2.0
,Elabe du 3 au 4 (WP),http://elabe.fr/presidentielle-2017-intentions-de-vote-a-3-mois-demi-scrutin/,Elabe,,2017-01-03,2017-01-04,,925,,Premier tour,variante_3,Jean-Luc Mélenchon,13.0
,Elabe du 3 au 4 (WP),http://elabe.fr/presidentielle-2017-intentions-de-vote-a-3-mois-demi-scrutin/,Elabe,,2017-01-03,2017-01-04,,925,,Premier tour,variante_3,Yannick Jadot,1.0
,Elabe du 3 au 4 (WP),http://elabe.fr/presidentielle-2017-intentions-de-vote-a-3-mois-demi-scrutin/,Elabe,,2017-01-03,2017-01-04,,925,,Premier tour,variante_3,Benoît Hamon,6.0
,Elabe du 3 au 4 (WP),http://elabe.fr/presidentielle-2017-intentions-de-vote-a-3-mois-demi-scrutin/,Elabe,,2017-01-03,2017-01-04,,925,,Premier tour,variante_3,Emmanuel Macron,21.0
,Elabe du 3 au 4 (WP),http://elabe.fr/presidentielle-2017-intentions-de-vote-a-3-mois-demi-scrutin/,Elabe,,2017-01-03,2017-01-04,,925,,Premier tour,variante_3,François Bayrou,8.0
,Elabe du 3 au 4 (WP),http://elabe.fr/presidentielle-2017-intentions-de-vote-a-3-mois-demi-scrutin/,Elabe,,2017-01-03,2017-01-04,,925,,Premier tour,variante_3,François Fillon,24.0
,Elabe du 3 au 4 (WP),http://elabe.fr/presidentielle-2017-intentions-de-vote-a-3-mois-demi-scrutin/,Elabe,,2017-01-03,2017-01-04,,925,,Premier tour,variante_3,Nicolas Dupont-Aignan,1.5
,Elabe du 3 au 4 (WP),http://elabe.fr/presidentielle-2017-intentions-de-vote-a-3-mois-demi-scrutin/,Elabe,,2017-01-03,2017-01-04,,925,,Premier tour,variante_3,Marine Le Pen,23.0
,Elabe du 3 au 4 (WP),http://elabe.fr/presidentielle-2017-intentions-de-vote-a-3-mois-demi-scrutin/,Elabe,,2017-01-03,2017-01-04,,925,,Premier tour,variante_4,Nathalie Arthaud,0.5
,Elabe du 3 au 4 (WP),http://elabe.fr/presidentielle-2017-intentions-de-vote-a-3-mois-demi-scrutin/,Elabe,,2017-01-03,2017-01-04,,925,,Premier tour,variante_4,Philippe Poutou,2.0
,Elabe du 3 au 4 (WP),http://elabe.fr/presidentielle-2017-intentions-de-vote-a-3-mois-demi-scrutin/,Elabe,,2017-01-03,2017-01-04,,925,,Premier tour,variante_4,Jean-Luc Mélenchon,14.0
,Elabe du 3 au 4 (WP),http://elabe.fr/presidentielle-2017-intentions-de-vote-a-3-mois-demi-scrutin/,Elabe,,2017-01-03,2017-01-04,,925,,Premier tour,variante_4,Yannick Jadot,1.0
,Elabe du 3 au 4 (WP),http://elabe.fr/presidentielle-2017-intentions-de-vote-a-3-mois-demi-scrutin/,Elabe,,2017-01-03,2017-01-04,,925,,Premier tour,variante_4,Vincent Peillon,3.0
,Elabe du 3 au 4 (WP),http://elabe.fr/presidentielle-2017-intentions-de-vote-a-3-mois-demi-scrutin/,Elabe,,2017-01-03,2017-01-04,,925,,Premier tour,variante_4,Emmanuel Macron,22.0
,Elabe du 3 au 4 (WP),http://elabe.fr/presidentielle-2017-intentions-de-vote-a-3-mois-demi-scrutin/,Elabe,,2017-01-03,2017-01-04,,925,,Premier tour,variante_4,François Bayrou,7.0
,Elabe du 3 au 4 (WP),http://elabe.fr/presidentielle-2017-intentions-de-vote-a-3-mois-demi-scrutin/,Elabe,,2017-01-03,2017-01-04,,925,,Premier tour,variante_4,François Fillon,25.0
,Elabe du 3 au 4 (WP),http://elabe.fr/presidentielle-2017-intentions-de-vote-a-3-mois-demi-scrutin/,Elabe,,2017-01-03,2017-01-04,,925,,Premier tour,variante_4,Nicolas Dupont-Aignan,1.5
,Elabe du 3 au 4 (WP),http://elabe.fr/presidentielle-2017-intentions-de-vote-a-3-mois-demi-scrutin/,Elabe,,2017-01-03,2017-01-04,,925,,Premier tour,variante_4,Marine Le Pen,24.0
,Elabe du 3 au 4 (WP),http://elabe.fr/presidentielle-2017-intentions-de-vote-a-3-mois-demi-scrutin/,Elabe,,2017-01-03,2017-01-04,,925,,Premier tour,variante_5,Nathalie Arthaud,1.0
,Elabe du 3 au 4 (WP),http://elabe.fr/presidentielle-2017-intentions-de-vote-a-3-mois-demi-scrutin/,Elabe,,2017-01-03,2017-01-04,,925,,Premier tour,variante_5,Philippe Poutou,2.0
,Elabe du 3 au 4 (WP),http://elabe.fr/presidentielle-2017-intentions-de-vote-a-3-mois-demi-scrutin/,Elabe,,2017-01-03,2017-01-04,,925,,Premier tour,variante_5,Jean-Luc Mélenchon,14.0
,Elabe du 3 au 4 (WP),http://elabe.fr/presidentielle-2017-intentions-de-vote-a-3-mois-demi-scrutin/,Elabe,,2017-01-03,2017-01-04,,925,,Premier tour,variante_5,Yannick Jadot,1.5
,Elabe du 3 au 4 (WP),http://elabe.fr/presidentielle-2017-intentions-de-vote-a-3-mois-demi-scrutin/,Elabe,,2017-01-03,2017-01-04,,925,,Premier tour,variante_5,Manuel Valls,13.0
,Elabe du 3 au 4 (WP),http://elabe.fr/presidentielle-2017-intentions-de-vote-a-3-mois-demi-scrutin/,Elabe,,2017-01-03,2017-01-04,,925,,Premier tour,variante_5,Emmanuel Macron,18.0
,Elabe du 3 au 4 (WP),http://elabe.fr/presidentielle-2017-intentions-de-vote-a-3-mois-demi-scrutin/,Elabe,,2017-01-03,2017-01-04,,925,,Premier tour,variante_5,François Fillon,26.0
,Elabe du 3 au 4 (WP),http://elabe.fr/presidentielle-2017-intentions-de-vote-a-3-mois-demi-scrutin/,Elabe,,2017-01-03,2017-01-04,,925,,Premier tour,variante_5,Nicolas Dupont-Aignan,1.5
,Elabe du 3 au 4 (WP),http://elabe.fr/presidentielle-2017-intentions-de-vote-a-3-mois-demi-scrutin/,Elabe,,2017-01-03,2017-01-04,,925,,Premier tour,variante_5,Marine Le Pen,23.0
,Elabe du 3 au 4 (WP),http://elabe.fr/presidentielle-2017-intentions-de-vote-a-3-mois-demi-scrutin/,Elabe,,2017-01-03,2017-01-04,,925,,Premier tour,variante_6,Nathalie Arthaud,0.5
,Elabe du 3 au 4 (WP),http://elabe.fr/presidentielle-2017-intentions-de-vote-a-3-mois-demi-scrutin/,Elabe,,2017-01-03,2017-01-04,,925,,Premier tour,variante_6,Philippe Poutou,2.0
,Elabe du 3 au 4 (WP),http://elabe.fr/presidentielle-2017-intentions-de-vote-a-3-mois-demi-scrutin/,Elabe,,2017-01-03,2017-01-04,,925,,Premier tour,variante_6,Jean-Luc Mélenchon,14.0
,Elabe du 3 au 4 (WP),http://elabe.fr/presidentielle-2017-intentions-de-vote-a-3-mois-demi-scrutin/,Elabe,,2017-01-03,2017-01-04,,925,,Premier tour,variante_6,Yannick Jadot,1.5
,Elabe du 3 au 4 (WP),http://elabe.fr/presidentielle-2017-intentions-de-vote-a-3-mois-demi-scrutin/,Elabe,,2017-01-03,2017-01-04,,925,,Premier tour,variante_6,Arnaud Montebourg,9.0
,Elabe du 3 au 4 (WP),http://elabe.fr/presidentielle-2017-intentions-de-vote-a-3-mois-demi-scrutin/,Elabe,,2017-01-03,2017-01-04,,925,,Premier tour,variante_6,Emmanuel Macron,24.0
,Elabe du 3 au 4 (WP),http://elabe.fr/presidentielle-2017-intentions-de-vote-a-3-mois-demi-scrutin/,Elabe,,2017-01-03,2017-01-04,,925,,Premier tour,variante_6,François Fillon,26.0
,Elabe du 3 au 4 (WP),http://elabe.fr/presidentielle-2017-intentions-de-vote-a-3-mois-demi-scrutin/,Elabe,,2017-01-03,2017-01-04,,925,,Premier tour,variante_6,Nicolas Dupont-Aignan,1.0
,Elabe du 3 au 4 (WP),http://elabe.fr/presidentielle-2017-intentions-de-vote-a-3-mois-demi-scrutin/,Elabe,,2017-01-03,2017-01-04,,925,,Premier tour,variante_6,Marine Le Pen,22.0
,Elabe du 3 au 4 (WP),http://elabe.fr/presidentielle-2017-intentions-de-vote-a-3-mois-demi-scrutin/,Elabe,,2017-01-03,2017-01-04,,925,,Premier tour,variante_7,Nathalie Arthaud,1.5
,Elabe du 3 au 4 (WP),http://elabe.fr/presidentielle-2017-intentions-de-vote-a-3-mois-demi-scrutin/,Elabe,,2017-01-03,2017-01-04,,925,,Premier tour,variante_7,Philippe Poutou,1.5
,Elabe du 3 au 4 (WP),http://elabe.fr/presidentielle-2017-intentions-de-vote-a-3-mois-demi-scrutin/,Elabe,,2017-01-03,2017-01-04,,925,,Premier tour,variante_7,Jean-Luc Mélenchon,14.5
,Elabe du 3 au 4 (WP),http://elabe.fr/presidentielle-2017-intentions-de-vote-a-3-mois-demi-scrutin/,Elabe,,2017-01-03,2017-01-04,,925,,Premier tour,variante_7,Yannick Jadot,1.5
,Elabe du 3 au 4 (WP),http://elabe.fr/presidentielle-2017-intentions-de-vote-a-3-mois-demi-scrutin/,Elabe,,2017-01-03,2017-01-04,,925,,Premier tour,variante_7,Benoît Hamon,6.0
,Elabe du 3 au 4 (WP),http://elabe.fr/presidentielle-2017-intentions-de-vote-a-3-mois-demi-scrutin/,Elabe,,2017-01-03,2017-01-04,,925,,Premier tour,variante_7,Emmanuel Macron,23.0
,Elabe du 3 au 4 (WP),http://elabe.fr/presidentielle-2017-intentions-de-vote-a-3-mois-demi-scrutin/,Elabe,,2017-01-03,2017-01-04,,925,,Premier tour,variante_7,François Fillon,26.0
,Elabe du 3 au 4 (WP),http://elabe.fr/presidentielle-2017-intentions-de-vote-a-3-mois-demi-scrutin/,Elabe,,2017-01-03,2017-01-04,,925,,Premier tour,variante_7,Nicolas Dupont-Aignan,2.0
,Elabe du 3 au 4 (WP),http://elabe.fr/presidentielle-2017-intentions-de-vote-a-3-mois-demi-scrutin/,Elabe,,2017-01-03,2017-01-04,,925,,Premier tour,variante_7,Marine Le Pen,24.0
,Elabe du 3 au 4 (WP),http://elabe.fr/presidentielle-2017-intentions-de-vote-a-3-mois-demi-scrutin/,Elabe,,2017-01-03,2017-01-04,,925,,Premier tour,variante_8,Nathalie Arthaud,1.0
,Elabe du 3 au 4 (WP),http://elabe.fr/presidentielle-2017-intentions-de-vote-a-3-mois-demi-scrutin/,Elabe,,2017-01-03,2017-01-04,,925,,Premier tour,variante_8,Philippe Poutou,2.0
,Elabe du 3 au 4 (WP),http://elabe.fr/presidentielle-2017-intentions-de-vote-a-3-mois-demi-scrutin/,Elabe,,2017-01-03,2017-01-04,,925,,Premier tour,variante_8,Jean-Luc Mélenchon,15.0
,Elabe du 3 au 4 (WP),http://elabe.fr/presidentielle-2017-intentions-de-vote-a-3-mois-demi-scrutin/,Elabe,,2017-01-03,2017-01-04,,925,,Premier tour,variante_8,Yannick Jadot,1.5
,Elabe du 3 au 4 (WP),http://elabe.fr/presidentielle-2017-intentions-de-vote-a-3-mois-demi-scrutin/,Elabe,,2017-01-03,2017-01-04,,925,,Premier tour,variante_8,Vincent Peillon,3.0
,Elabe du 3 au 4 (WP),http://elabe.fr/presidentielle-2017-intentions-de-vote-a-3-mois-demi-scrutin/,Elabe,,2017-01-03,2017-01-04,,925,,Premier tour,variante_8,Emmanuel Macron,24.0
,Elabe du 3 au 4 (WP),http://elabe.fr/presidentielle-2017-intentions-de-vote-a-3-mois-demi-scrutin/,Elabe,,2017-01-03,2017-01-04,,925,,Premier tour,variante_8,François Fillon,28.0
,Elabe du 3 au 4 (WP),http://elabe.fr/presidentielle-2017-intentions-de-vote-a-3-mois-demi-scrutin/,Elabe,,2017-01-03,2017-01-04,,925,,Premier tour,variante_8,Nicolas Dupont-Aignan,1.5
,Elabe du 3 au 4 (WP),http://elabe.fr/presidentielle-2017-intentions-de-vote-a-3-mois-demi-scrutin/,Elabe,,2017-01-03,2017-01-04,,925,,Premier tour,variante_8,Marine Le Pen,24.0
,Ipsos du 2 au 7 (WP),http://www.ipsos.fr/sites/default/files/doc_associe/rapport_cevipof_-_eef2017_vague_9_decembre_2016_ipsos_le_monde.pdf,Ipsos,,,,,18013,,Premier tour,variante_1,Jacques Cheminade,0.5
,Ipsos du 2 au 7 (WP),http://www.ipsos.fr/sites/default/files/doc_associe/rapport_cevipof_-_eef2017_vague_9_decembre_2016_ipsos_le_monde.pdf,Ipsos,,,,,18013,,Premier tour,variante_1,Nathalie Arthaud,1.0
,Ipsos du 2 au 7 (WP),http://www.ipsos.fr/sites/default/files/doc_associe/rapport_cevipof_-_eef2017_vague_9_decembre_2016_ipsos_le_monde.pdf,Ipsos,,,,,18013,,Premier tour,variante_1,Philippe Poutou,1.0
,Ipsos du 2 au 7 (WP),http://www.ipsos.fr/sites/default/files/doc_associe/rapport_cevipof_-_eef2017_vague_9_decembre_2016_ipsos_le_monde.pdf,Ipsos,,,,,18013,,Premier tour,variante_1,Jean-Luc Mélenchon,13.0
,Ipsos du 2 au 7 (WP),http://www.ipsos.fr/sites/default/files/doc_associe/rapport_cevipof_-_eef2017_vague_9_decembre_2016_ipsos_le_monde.pdf,Ipsos,,,,,18013,,Premier tour,variante_1,Yannick Jadot,2.5
,Ipsos du 2 au 7 (WP),http://www.ipsos.fr/sites/default/files/doc_associe/rapport_cevipof_-_eef2017_vague_9_decembre_2016_ipsos_le_monde.pdf,Ipsos,,,,,18013,,Premier tour,variante_1,Manuel Valls,11.0
,Ipsos du 2 au 7 (WP),http://www.ipsos.fr/sites/default/files/doc_associe/rapport_cevipof_-_eef2017_vague_9_decembre_2016_ipsos_le_monde.pdf,Ipsos,,,,,18013,,Premier tour,variante_1,Sylvia Pinel,0.5
,Ipsos du 2 au 7 (WP),http://www.ipsos.fr/sites/default/files/doc_associe/rapport_cevipof_-_eef2017_vague_9_decembre_2016_ipsos_le_monde.pdf,Ipsos,,,,,18013,,Premier tour,variante_1,Emmanuel Macron,13.0
,Ipsos du 2 au 7 (WP),http://www.ipsos.fr/sites/default/files/doc_associe/rapport_cevipof_-_eef2017_vague_9_decembre_2016_ipsos_le_monde.pdf,Ipsos,,,,,18013,,Premier tour,variante_1,François Bayrou,6.0
,Ipsos du 2 au 7 (WP),http://www.ipsos.fr/sites/default/files/doc_associe/rapport_cevipof_-_eef2017_vague_9_decembre_2016_ipsos_le_monde.pdf,Ipsos,,,,,18013,,Premier tour,variante_1,François Fillon,26.0
,Ipsos du 2 au 7 (WP),http://www.ipsos.fr/sites/default/files/doc_associe/rapport_cevipof_-_eef2017_vague_9_decembre_2016_ipsos_le_monde.pdf,Ipsos,,,,,18013,,Premier tour,variante_1,Nicolas Dupont-Aignan,2.5
,Ipsos du 2 au 7 (WP),http://www.ipsos.fr/sites/default/files/doc_associe/rapport_cevipof_-_eef2017_vague_9_decembre_2016_ipsos_le_monde.pdf,Ipsos,,,,,18013,,Premier tour,variante_1,Marine Le Pen,24.0
,Ipsos du 2 au 7 (WP),http://www.ipsos.fr/sites/default/files/doc_associe/rapport_cevipof_-_eef2017_vague_9_decembre_2016_ipsos_le_monde.pdf,Ipsos,,,,,18013,,Premier tour,variante_2,Jacques Cheminade,0.5
,Ipsos du 2 au 7 (WP),http://www.ipsos.fr/sites/default/files/doc_associe/rapport_cevipof_-_eef2017_vague_9_decembre_2016_ipsos_le_monde.pdf,Ipsos,,,,,18013,,Premier tour,variante_2,Nathalie Arthaud,1.0
,Ipsos du 2 au 7 (WP),http://www.ipsos.fr/sites/default/files/doc_associe/rapport_cevipof_-_eef2017_vague_9_decembre_2016_ipsos_le_monde.pdf,Ipsos,,,,,18013,,Premier tour,variante_2,Philippe Poutou,1.0
,Ipsos du 2 au 7 (WP),http://www.ipsos.fr/sites/default/files/doc_associe/rapport_cevipof_-_eef2017_vague_9_decembre_2016_ipsos_le_monde.pdf,Ipsos,,,,,18013,,Premier tour,variante_2,Jean-Luc Mélenchon,14.0
,Ipsos du 2 au 7 (WP),http://www.ipsos.fr/sites/default/files/doc_associe/rapport_cevipof_-_eef2017_vague_9_decembre_2016_ipsos_le_monde.pdf,Ipsos,,,,,18013,,Premier tour,variante_2,Yannick Jadot,2.5
,Ipsos du 2 au 7 (WP),http://www.ipsos.fr/sites/default/files/doc_associe/rapport_cevipof_-_eef2017_vague_9_decembre_2016_ipsos_le_monde.pdf,Ipsos,,,,,18013,,Premier tour,variante_2,Manuel Valls,12.0
,Ipsos du 2 au 7 (WP),http://www.ipsos.fr/sites/default/files/doc_associe/rapport_cevipof_-_eef2017_vague_9_decembre_2016_ipsos_le_monde.pdf,Ipsos,,,,,18013,,Premier tour,variante_2,Sylvia Pinel,0.5
,Ipsos du 2 au 7 (WP),http://www.ipsos.fr/sites/default/files/doc_associe/rapport_cevipof_-_eef2017_vague_9_decembre_2016_ipsos_le_monde.pdf,Ipsos,,,,,18013,,Premier tour,variante_2,Emmanuel Macron,15.0
,Ipsos du 2 au 7 (WP),http://www.ipsos.fr/sites/default/files/doc_associe/rapport_cevipof_-_eef2017_vague_9_decembre_2016_ipsos_le_monde.pdf,Ipsos,,,,,18013,,Premier tour,variante_2,François Fillon,27.0
,Ipsos du 2 au 7 (WP),http://www.ipsos.fr/sites/default/files/doc_associe/rapport_cevipof_-_eef2017_vague_9_decembre_2016_ipsos_le_monde.pdf,Ipsos,,,,,18013,,Premier tour,variante_2,Nicolas Dupont-Aignan,2.5
,Ipsos du 2 au 7 (WP),http://www.ipsos.fr/sites/default/files/doc_associe/rapport_cevipof_-_eef2017_vague_9_decembre_2016_ipsos_le_monde.pdf,Ipsos,,,,,18013,,Premier tour,variante_2,Marine Le Pen,25.0
,Ipsos du 2 au 7 (WP),http://www.ipsos.fr/sites/default/files/doc_associe/rapport_cevipof_-_eef2017_vague_9_decembre_2016_ipsos_le_monde.pdf,Ipsos,,,,,18013,,Premier tour,variante_3,Jacques Cheminade,0.5
,Ipsos du 2 au 7 (WP),http://www.ipsos.fr/sites/default/files/doc_associe/rapport_cevipof_-_eef2017_vague_9_decembre_2016_ipsos_le_monde.pdf,Ipsos,,,,,18013,,Premier tour,variante_3,Nathalie Arthaud,1.0
,Ipsos du 2 au 7 (WP),http://www.ipsos.fr/sites/default/files/doc_associe/rapport_cevipof_-_eef2017_vague_9_decembre_2016_ipsos_le_monde.pdf,Ipsos,,,,,18013,,Premier tour,variante_3,Philippe Poutou,1.0
,Ipsos du 2 au 7 (WP),http://www.ipsos.fr/sites/default/files/doc_associe/rapport_cevipof_-_eef2017_vague_9_decembre_2016_ipsos_le_monde.pdf,Ipsos,,,,,18013,,Premier tour,variante_3,Jean-Luc Mélenchon,13.0
,Ipsos du 2 au 7 (WP),http://www.ipsos.fr/sites/default/files/doc_associe/rapport_cevipof_-_eef2017_vague_9_decembre_2016_ipsos_le_monde.pdf,Ipsos,,,,,18013,,Premier tour,variante_3,Yannick Jadot,2.5
,Ipsos du 2 au 7 (WP),http://www.ipsos.fr/sites/default/files/doc_associe/rapport_cevipof_-_eef2017_vague_9_decembre_2016_ipsos_le_monde.pdf,Ipsos,,,,,18013,,Premier tour,variante_3,Arnaud Montebourg,6.0
,Ipsos du 2 au 7 (WP),http://www.ipsos.fr/sites/default/files/doc_associe/rapport_cevipof_-_eef2017_vague_9_decembre_2016_ipsos_le_monde.pdf,Ipsos,,,,,18013,,Premier tour,variante_3,Sylvia Pinel,0.5
,Ipsos du 2 au 7 (WP),http://www.ipsos.fr/sites/default/files/doc_associe/rapport_cevipof_-_eef2017_vague_9_decembre_2016_ipsos_le_monde.pdf,Ipsos,,,,,18013,,Premier tour,variante_3,Emmanuel Macron,16.0
,Ipsos du 2 au 7 (WP),http://www.ipsos.fr/sites/default/files/doc_associe/rapport_cevipof_-_eef2017_vague_9_decembre_2016_ipsos_le_monde.pdf,Ipsos,,,,,18013,,Premier tour,variante_3,François Bayrou,7.0
,Ipsos du 2 au 7 (WP),http://www.ipsos.fr/sites/default/files/doc_associe/rapport_cevipof_-_eef2017_vague_9_decembre_2016_ipsos_le_monde.pdf,Ipsos,,,,,18013,,Premier tour,variante_3,François Fillon,27.0
,Ipsos du 2 au 7 (WP),http://www.ipsos.fr/sites/default/files/doc_associe/rapport_cevipof_-_eef2017_vague_9_decembre_2016_ipsos_le_monde.pdf,Ipsos,,,,,18013,,Premier tour,variante_3,Nicolas Dupont-Aignan,2.5
,Ipsos du 2 au 7 (WP),http://www.ipsos.fr/sites/default/files/doc_associe/rapport_cevipof_-_eef2017_vague_9_decembre_2016_ipsos_le_monde.pdf,Ipsos,,,,,18013,,Premier tour,variante_3,Marine Le Pen,24.0
,Ipsos du 2 au 7 (WP),http://www.ipsos.fr/sites/default/files/doc_associe/rapport_cevipof_-_eef2017_vague_9_decembre_2016_ipsos_le_monde.pdf,Ipsos,,,,,18013,,Premier tour,variante_4,Jacques Cheminade,0.5
,Ipsos du 2 au 7 (WP),http://www.ipsos.fr/sites/default/files/doc_associe/rapport_cevipof_-_eef2017_vague_9_decembre_2016_ipsos_le_monde.pdf,Ipsos,,,,,18013,,Premier tour,variante_4,Nathalie Arthaud,1.0
,Ipsos du 2 au 7 (WP),http://www.ipsos.fr/sites/default/files/doc_associe/rapport_cevipof_-_eef2017_vague_9_decembre_2016_ipsos_le_monde.pdf,Ipsos,,,,,18013,,Premier tour,variante_4,Philippe Poutou,1.0
,Ipsos du 2 au 7 (WP),http://www.ipsos.fr/sites/default/files/doc_associe/rapport_cevipof_-_eef2017_vague_9_decembre_2016_ipsos_le_monde.pdf,Ipsos,,,,,18013,,Premier tour,variante_4,Jean-Luc Mélenchon,14.0
,Ipsos du 2 au 7 (WP),http://www.ipsos.fr/sites/default/files/doc_associe/rapport_cevipof_-_eef2017_vague_9_decembre_2016_ipsos_le_monde.pdf,Ipsos,,,,,18013,,Premier tour,variante_4,Yannick Jadot,2.5
,Ipsos du 2 au 7 (WP),http://www.ipsos.fr/sites/default/files/doc_associe/rapport_cevipof_-_eef2017_vague_9_decembre_2016_ipsos_le_monde.pdf,Ipsos,,,,,18013,,Premier tour,variante_4,Arnaud Montebourg,7.0
,Ipsos du 2 au 7 (WP),http://www.ipsos.fr/sites/default/files/doc_associe/rapport_cevipof_-_eef2017_vague_9_decembre_2016_ipsos_le_monde.pdf,Ipsos,,,,,18013,,Premier tour,variante_4,Sylvia Pinel,0.5
,Ipsos du 2 au 7 (WP),http://www.ipsos.fr/sites/default/files/doc_associe/rapport_cevipof_-_eef2017_vague_9_decembre_2016_ipsos_le_monde.pdf,Ipsos,,,,,18013,,Premier tour,variante_4,Emmanuel Macron,18.0
,Ipsos du 2 au 7 (WP),http://www.ipsos.fr/sites/default/files/doc_associe/rapport_cevipof_-_eef2017_vague_9_decembre_2016_ipsos_le_monde.pdf,Ipsos,,,,,18013,,Premier tour,variante_4,François Fillon,29.0
,Ipsos du 2 au 7 (WP),http://www.ipsos.fr/sites/default/files/doc_associe/rapport_cevipof_-_eef2017_vague_9_decembre_2016_ipsos_le_monde.pdf,Ipsos,,,,,18013,,Premier tour,variante_4,Nicolas Dupont-Aignan,2.5
,Ipsos du 2 au 7 (WP),http://www.ipsos.fr/sites/default/files/doc_associe/rapport_cevipof_-_eef2017_vague_9_decembre_2016_ipsos_le_monde.pdf,Ipsos,,,,,18013,,Premier tour,variante_4,Marine Le Pen,25.0
,BVA du 2 au 4 (WP),http://www.bva.fr/data/sondage/sondage_fiche/1930/fichier_intentions_de_vote_-_vague_7_-_pop2017_-_7_decembre_2016cbc14.pdf,BVA,,,,,934,,Premier tour,variante_1,Nathalie Arthaud,0.5
,BVA du 2 au 4 (WP),http://www.bva.fr/data/sondage/sondage_fiche/1930/fichier_intentions_de_vote_-_vague_7_-_pop2017_-_7_decembre_2016cbc14.pdf,BVA,,,,,934,,Premier tour,variante_1,Philippe Poutou,0.5
,BVA du 2 au 4 (WP),http://www.bva.fr/data/sondage/sondage_fiche/1930/fichier_intentions_de_vote_-_vague_7_-_pop2017_-_7_decembre_2016cbc14.pdf,BVA,,,,,934,,Premier tour,variante_1,Jean-Luc Mélenchon,14.0
,BVA du 2 au 4 (WP),http://www.bva.fr/data/sondage/sondage_fiche/1930/fichier_intentions_de_vote_-_vague_7_-_pop2017_-_7_decembre_2016cbc14.pdf,BVA,,,,,934,,Premier tour,variante_1,Yannick Jadot,2.0
,BVA du 2 au 4 (WP),http://www.bva.fr/data/sondage/sondage_fiche/1930/fichier_intentions_de_vote_-_vague_7_-_pop2017_-_7_decembre_2016cbc14.pdf,BVA,,,,,934,,Premier tour,variante_1,Manuel Valls,13.0
,BVA du 2 au 4 (WP),http://www.bva.fr/data/sondage/sondage_fiche/1930/fichier_intentions_de_vote_-_vague_7_-_pop2017_-_7_decembre_2016cbc14.pdf,BVA,,,,,934,,Premier tour,variante_1,Sylvia Pinel,0.5
,BVA du 2 au 4 (WP),http://www.bva.fr/data/sondage/sondage_fiche/1930/fichier_intentions_de_vote_-_vague_7_-_pop2017_-_7_decembre_2016cbc14.pdf,BVA,,,,,934,,Premier tour,variante_1,Emmanuel Macron,14.0
,BVA du 2 au 4 (WP),http://www.bva.fr/data/sondage/sondage_fiche/1930/fichier_intentions_de_vote_-_vague_7_-_pop2017_-_7_decembre_2016cbc14.pdf,BVA,,,,,934,,Premier tour,variante_1,François Bayrou,6.0
,BVA du 2 au 4 (WP),http://www.bva.fr/data/sondage/sondage_fiche/1930/fichier_intentions_de_vote_-_vague_7_-_pop2017_-_7_decembre_2016cbc14.pdf,BVA,,,,,934,,Premier tour,variante_1,François Fillon,24.0
,BVA du 2 au 4 (WP),http://www.bva.fr/data/sondage/sondage_fiche/1930/fichier_intentions_de_vote_-_vague_7_-_pop2017_-_7_decembre_2016cbc14.pdf,BVA,,,,,934,,Premier tour,variante_1,Nicolas Dupont-Aignan,1.5
,BVA du 2 au 4 (WP),http://www.bva.fr/data/sondage/sondage_fiche/1930/fichier_intentions_de_vote_-_vague_7_-_pop2017_-_7_decembre_2016cbc14.pdf,BVA,,,,,934,,Premier tour,variante_1,Marine Le Pen,24.0
,BVA du 2 au 4 (WP),http://www.bva.fr/data/sondage/sondage_fiche/1930/fichier_intentions_de_vote_-_vague_7_-_pop2017_-_7_decembre_2016cbc14.pdf,BVA,,,,,934,,Premier tour,variante_2,Nathalie Arthaud,1.0
,BVA du 2 au 4 (WP),http://www.bva.fr/data/sondage/sondage_fiche/1930/fichier_intentions_de_vote_-_vague_7_-_pop2017_-_7_decembre_2016cbc14.pdf,BVA,,,,,934,,Premier tour,variante_2,Philippe Poutou,1.0
,BVA du 2 au 4 (WP),http://www.bva.fr/data/sondage/sondage_fiche/1930/fichier_intentions_de_vote_-_vague_7_-_pop2017_-_7_decembre_2016cbc14.pdf,BVA,,,,,934,,Premier tour,variante_2,Jean-Luc Mélenchon,13.0
,BVA du 2 au 4 (WP),http://www.bva.fr/data/sondage/sondage_fiche/1930/fichier_intentions_de_vote_-_vague_7_-_pop2017_-_7_decembre_2016cbc14.pdf,BVA,,,,,934,,Premier tour,variante_2,Yannick Jadot,2.0
,BVA du 2 au 4 (WP),http://www.bva.fr/data/sondage/sondage_fiche/1930/fichier_intentions_de_vote_-_vague_7_-_pop2017_-_7_decembre_2016cbc14.pdf,BVA,,,,,934,,Premier tour,variante_2,Arnaud Montebourg,6.5
,BVA du 2 au 4 (WP),http://www.bva.fr/data/sondage/sondage_fiche/1930/fichier_intentions_de_vote_-_vague_7_-_pop2017_-_7_decembre_2016cbc14.pdf,BVA,,,,,934,,Premier tour,variante_2,Sylvia Pinel,0.5
,BVA du 2 au 4 (WP),http://www.bva.fr/data/sondage/sondage_fiche/1930/fichier_intentions_de_vote_-_vague_7_-_pop2017_-_7_decembre_2016cbc14.pdf,BVA,,,,,934,,Premier tour,variante_2,Emmanuel Macron,19.0
,BVA du 2 au 4 (WP),http://www.bva.fr/data/sondage/sondage_fiche/1930/fichier_intentions_de_vote_-_vague_7_-_pop2017_-_7_decembre_2016cbc14.pdf,BVA,,,,,934,,Premier tour,variante_2,François Bayrou,8.0
,BVA du 2 au 4 (WP),http://www.bva.fr/data/sondage/sondage_fiche/1930/fichier_intentions_de_vote_-_vague_7_-_pop2017_-_7_decembre_2016cbc14.pdf,BVA,,,,,934,,Premier tour,variante_2,François Fillon,23.0
,BVA du 2 au 4 (WP),http://www.bva.fr/data/sondage/sondage_fiche/1930/fichier_intentions_de_vote_-_vague_7_-_pop2017_-_7_decembre_2016cbc14.pdf,BVA,,,,,934,,Premier tour,variante_2,Nicolas Dupont-Aignan,2.0
,BVA du 2 au 4 (WP),http://www.bva.fr/data/sondage/sondage_fiche/1930/fichier_intentions_de_vote_-_vague_7_-_pop2017_-_7_decembre_2016cbc14.pdf,BVA,,,,,934,,Premier tour,variante_2,Marine Le Pen,24.0
,BVA du 2 au 4 (WP),http://www.bva.fr/data/sondage/sondage_fiche/1930/fichier_intentions_de_vote_-_vague_7_-_pop2017_-_7_decembre_2016cbc14.pdf,BVA,,,,,934,,Premier tour,variante_3,Nathalie Arthaud,0.5
,BVA du 2 au 4 (WP),http://www.bva.fr/data/sondage/sondage_fiche/1930/fichier_intentions_de_vote_-_vague_7_-_pop2017_-_7_decembre_2016cbc14.pdf,BVA,,,,,934,,Premier tour,variante_3,Philippe Poutou,1.0
,BVA du 2 au 4 (WP),http://www.bva.fr/data/sondage/sondage_fiche/1930/fichier_intentions_de_vote_-_vague_7_-_pop2017_-_7_decembre_2016cbc14.pdf,BVA,,,,,934,,Premier tour,variante_3,Jean-Luc Mélenchon,17.0
,BVA du 2 au 4 (WP),http://www.bva.fr/data/sondage/sondage_fiche/1930/fichier_intentions_de_vote_-_vague_7_-_pop2017_-_7_decembre_2016cbc14.pdf,BVA,,,,,934,,Premier tour,variante_3,Yannick Jadot,2.5
,BVA du 2 au 4 (WP),http://www.bva.fr/data/sondage/sondage_fiche/1930/fichier_intentions_de_vote_-_vague_7_-_pop2017_-_7_decembre_2016cbc14.pdf,BVA,,,,,934,,Premier tour,variante_3,Manuel Valls,21.0
,BVA du 2 au 4 (WP),http://www.bva.fr/data/sondage/sondage_fiche/1930/fichier_intentions_de_vote_-_vague_7_-_pop2017_-_7_decembre_2016cbc14.pdf,BVA,,,,,934,,Premier tour,variante_3,Sylvia Pinel,0.5
,BVA du 2 au 4 (WP),http://www.bva.fr/data/sondage/sondage_fiche/1930/fichier_intentions_de_vote_-_vague_7_-_pop2017_-_7_decembre_2016cbc14.pdf,BVA,,,,,934,,Premier tour,variante_3,François Fillon,29.0
,BVA du 2 au 4 (WP),http://www.bva.fr/data/sondage/sondage_fiche/1930/fichier_intentions_de_vote_-_vague_7_-_pop2017_-_7_decembre_2016cbc14.pdf,BVA,,,,,934,,Premier tour,variante_3,Nicolas Dupont-Aignan,2.5
,BVA du 2 au 4 (WP),http://www.bva.fr/data/sondage/sondage_fiche/1930/fichier_intentions_de_vote_-_vague_7_-_pop2017_-_7_decembre_2016cbc14.pdf,BVA,,,,,934,,Premier tour,variante_3,Marine Le Pen,26.0
,Ifop du 2 au 3 (WP),http://www.ifop.com/media/poll/3576-1-study_file.pdf,Ifop,,,,,1401,,Premier tour,variante_1,Nathalie Arthaud,0.5
,Ifop du 2 au 3 (WP),http://www.ifop.com/media/poll/3576-1-study_file.pdf,Ifop,,,,,1401,,Premier tour,variante_1,Philippe Poutou,1.0
,Ifop du 2 au 3 (WP),http://www.ifop.com/media/poll/3576-1-study_file.pdf,Ifop,,,,,1401,,Premier tour,variante_1,Jean-Luc Mélenchon,12.5
,Ifop du 2 au 3 (WP),http://www.ifop.com/media/poll/3576-1-study_file.pdf,Ifop,,,,,1401,,Premier tour,variante_1,Yannick Jadot,2.0
,Ifop du 2 au 3 (WP),http://www.ifop.com/media/poll/3576-1-study_file.pdf,Ifop,,,,,1401,,Premier tour,variante_1,Manuel Valls,10.0
,Ifop du 2 au 3 (WP),http://www.ifop.com/media/poll/3576-1-study_file.pdf,Ifop,,,,,1401,,Premier tour,variante_1,Sylvia Pinel,0.0
,Ifop du 2 au 3 (WP),http://www.ifop.com/media/poll/3576-1-study_file.pdf,Ifop,,,,,1401,,Premier tour,variante_1,Emmanuel Macron,13.5
,Ifop du 2 au 3 (WP),http://www.ifop.com/media/poll/3576-1-study_file.pdf,Ifop,,,,,1401,,Premier tour,variante_1,François Bayrou,7.0
,Ifop du 2 au 3 (WP),http://www.ifop.com/media/poll/3576-1-study_file.pdf,Ifop,,,,,1401,,Premier tour,variante_1,François Fillon,27.5
,Ifop du 2 au 3 (WP),http://www.ifop.com/media/poll/3576-1-study_file.pdf,Ifop,,,,,1401,,Premier tour,variante_1,Nicolas Dupont-Aignan,2.0
,Ifop du 2 au 3 (WP),http://www.ifop.com/media/poll/3576-1-study_file.pdf,Ifop,,,,,1401,,Premier tour,variante_1,Marine Le Pen,24.0
,Ifop du 2 au 3 (WP),http://www.ifop.com/media/poll/3576-1-study_file.pdf,Ifop,,,,,1401,,Premier tour,variante_2,Jacques Cheminade,0.0
,Ifop du 2 au 3 (WP),http://www.ifop.com/media/poll/3576-1-study_file.pdf,Ifop,,,,,1401,,Premier tour,variante_2,Nathalie Arthaud,0.5
,Ifop du 2 au 3 (WP),http://www.ifop.com/media/poll/3576-1-study_file.pdf,Ifop,,,,,1401,,Premier tour,variante_2,Philippe Poutou,1.0
,Ifop du 2 au 3 (WP),http://www.ifop.com/media/poll/3576-1-study_file.pdf,Ifop,,,,,1401,,Premier tour,variante_2,Jean-Luc Mélenchon,12.5
,Ifop du 2 au 3 (WP),http://www.ifop.com/media/poll/3576-1-study_file.pdf,Ifop,,,,,1401,,Premier tour,variante_2,Yannick Jadot,1.5
,Ifop du 2 au 3 (WP),http://www.ifop.com/media/poll/3576-1-study_file.pdf,Ifop,,,,,1401,,Premier tour,variante_2,Arnaud Montebourg,6.0
,Ifop du 2 au 3 (WP),http://www.ifop.com/media/poll/3576-1-study_file.pdf,Ifop,,,,,1401,,Premier tour,variante_2,Sylvia Pinel,0.5
,Ifop du 2 au 3 (WP),http://www.ifop.com/media/poll/3576-1-study_file.pdf,Ifop,,,,,1401,,Premier tour,variante_2,Emmanuel Macron,16.0
,Ifop du 2 au 3 (WP),http://www.ifop.com/media/poll/3576-1-study_file.pdf,Ifop,,,,,1401,,Premier tour,variante_2,François Bayrou,8.0
,Ifop du 2 au 3 (WP),http://www.ifop.com/media/poll/3576-1-study_file.pdf,Ifop,,,,,1401,,Premier tour,variante_2,François Fillon,28.0
,Ifop du 2 au 3 (WP),http://www.ifop.com/media/poll/3576-1-study_file.pdf,Ifop,,,,,1401,,Premier tour,variante_2,Nicolas Dupont-Aignan,2.0
,Ifop du 2 au 3 (WP),http://www.ifop.com/media/poll/3576-1-study_file.pdf,Ifop,,,,,1401,,Premier tour,variante_2,Marine Le Pen,24.0
,Ifop du 2 au 3 (WP),http://www.ifop.com/media/poll/3576-1-study_file.pdf,Ifop,,,,,1401,,Premier tour,variante_3,Jacques Cheminade,0.0
,Ifop du 2 au 3 (WP),http://www.ifop.com/media/poll/3576-1-study_file.pdf,Ifop,,,,,1401,,Premier tour,variante_3,Nathalie Arthaud,1.0
,Ifop du 2 au 3 (WP),http://www.ifop.com/media/poll/3576-1-study_file.pdf,Ifop,,,,,1401,,Premier tour,variante_3,Philippe Poutou,1.0
,Ifop du 2 au 3 (WP),http://www.ifop.com/media/poll/3576-1-study_file.pdf,Ifop,,,,,1401,,Premier tour,variante_3,Jean-Luc Mélenchon,13.5
,Ifop du 2 au 3 (WP),http://www.ifop.com/media/poll/3576-1-study_file.pdf,Ifop,,,,,1401,,Premier tour,variante_3,Yannick Jadot,1.5
,Ifop du 2 au 3 (WP),http://www.ifop.com/media/poll/3576-1-study_file.pdf,Ifop,,,,,1401,,Premier tour,variante_3,Benoît Hamon,4.0
,Ifop du 2 au 3 (WP),http://www.ifop.com/media/poll/3576-1-study_file.pdf,Ifop,,,,,1401,,Premier tour,variante_3,Sylvia Pinel,0.0
,Ifop du 2 au 3 (WP),http://www.ifop.com/media/poll/3576-1-study_file.pdf,Ifop,,,,,1401,,Premier tour,variante_3,Emmanuel Macron,16.0
,Ifop du 2 au 3 (WP),http://www.ifop.com/media/poll/3576-1-study_file.pdf,Ifop,,,,,1401,,Premier tour,variante_3,François Bayrou,9.0
,Ifop du 2 au 3 (WP),http://www.ifop.com/media/poll/3576-1-study_file.pdf,Ifop,,,,,1401,,Premier tour,variante_3,François Fillon,28.0
,Ifop du 2 au 3 (WP),http://www.ifop.com/media/poll/3576-1-study_file.pdf,Ifop,,,,,1401,,Premier tour,variante_3,Nicolas Dupont-Aignan,2.0
,Ifop du 2 au 3 (WP),http://www.ifop.com/media/poll/3576-1-study_file.pdf,Ifop,,,,,1401,,Premier tour,variante_3,Marine Le Pen,24.0
,Ifop du 28 au 30 (WP),http://www.ifop.com/media/poll/3576-1-study_file.pdf,Ifop,,,,,1882,,Premier tour,variante_1,Nathalie Arthaud,1.0
,Ifop du 28 au 30 (WP),http://www.ifop.com/media/poll/3576-1-study_file.pdf,Ifop,,,,,1882,,Premier tour,variante_1,Philippe Poutou,1.0
,Ifop du 28 au 30 (WP),http://www.ifop.com/media/poll/3576-1-study_file.pdf,Ifop,,,,,1882,,Premier tour,variante_1,Jean-Luc Mélenchon,11.0
,Ifop du 28 au 30 (WP),http://www.ifop.com/media/poll/3576-1-study_file.pdf,Ifop,,,,,1882,,Premier tour,variante_1,Yannick Jadot,2.0
,Ifop du 28 au 30 (WP),http://www.ifop.com/media/poll/3576-1-study_file.pdf,Ifop,,,,,1882,,Premier tour,variante_1,Manuel Valls,10.0
,Ifop du 28 au 30 (WP),http://www.ifop.com/media/poll/3576-1-study_file.pdf,Ifop,,,,,1882,,Premier tour,variante_1,Sylvia Pinel,0.5
,Ifop du 28 au 30 (WP),http://www.ifop.com/media/poll/3576-1-study_file.pdf,Ifop,,,,,1882,,Premier tour,variante_1,Emmanuel Macron,15.0
,Ifop du 28 au 30 (WP),http://www.ifop.com/media/poll/3576-1-study_file.pdf,Ifop,,,,,1882,,Premier tour,variante_1,François Bayrou,5.5
,Ifop du 28 au 30 (WP),http://www.ifop.com/media/poll/3576-1-study_file.pdf,Ifop,,,,,1882,,Premier tour,variante_1,François Fillon,28.0
,Ifop du 28 au 30 (WP),http://www.ifop.com/media/poll/3576-1-study_file.pdf,Ifop,,,,,1882,,Premier tour,variante_1,Nicolas Dupont-Aignan,2.0
,Ifop du 28 au 30 (WP),http://www.ifop.com/media/poll/3576-1-study_file.pdf,Ifop,,,,,1882,,Premier tour,variante_1,Marine Le Pen,24.0
,Ifop du 28 au 30 (WP),http://www.ifop.com/media/poll/3576-1-study_file.pdf,Ifop,,,,,1882,,Premier tour,variante_2,Jacques Cheminade,0.0
,Ifop du 28 au 30 (WP),http://www.ifop.com/media/poll/3576-1-study_file.pdf,Ifop,,,,,1882,,Premier tour,variante_2,Nathalie Arthaud,0.5
,Ifop du 28 au 30 (WP),http://www.ifop.com/media/poll/3576-1-study_file.pdf,Ifop,,,,,1882,,Premier tour,variante_2,Philippe Poutou,1.0
,Ifop du 28 au 30 (WP),http://www.ifop.com/media/poll/3576-1-study_file.pdf,Ifop,,,,,1882,,Premier tour,variante_2,Jean-Luc Mélenchon,11.5
,Ifop du 28 au 30 (WP),http://www.ifop.com/media/poll/3576-1-study_file.pdf,Ifop,,,,,1882,,Premier tour,variante_2,Yannick Jadot,1.5
,Ifop du 28 au 30 (WP),http://www.ifop.com/media/poll/3576-1-study_file.pdf,Ifop,,,,,1882,,Premier tour,variante_2,Arnaud Montebourg,6.0
,Ifop du 28 au 30 (WP),http://www.ifop.com/media/poll/3576-1-study_file.pdf,Ifop,,,,,1882,,Premier tour,variante_2,Sylvia Pinel,1.0
,Ifop du 28 au 30 (WP),http://www.ifop.com/media/poll/3576-1-study_file.pdf,Ifop,,,,,1882,,Premier tour,variante_2,Emmanuel Macron,17.0
,Ifop du 28 au 30 (WP),http://www.ifop.com/media/poll/3576-1-study_file.pdf,Ifop,,,,,1882,,Premier tour,variante_2,François Bayrou,6.0
,Ifop du 28 au 30 (WP),http://www.ifop.com/media/poll/3576-1-study_file.pdf,Ifop,,,,,1882,,Premier tour,variante_2,François Fillon,29.0
,Ifop du 28 au 30 (WP),http://www.ifop.com/media/poll/3576-1-study_file.pdf,Ifop,,,,,1882,,Premier tour,variante_2,Nicolas Dupont-Aignan,2.5
,Ifop du 28 au 30 (WP),http://www.ifop.com/media/poll/3576-1-study_file.pdf,Ifop,,,,,1882,,Premier tour,variante_2,Marine Le Pen,24.0
,Elabe du 28 au 29 (WP),http://elabe.fr/presidentielle-2017-intentions-de-vote-a-5-mois-scrutin/,Elabe,,,,,1000,,Premier tour,variante_1,Nathalie Arthaud,0.5
,Elabe du 28 au 29 (WP),http://elabe.fr/presidentielle-2017-intentions-de-vote-a-5-mois-scrutin/,Elabe,,,,,1000,,Premier tour,variante_1,Philippe Poutou,1.0
,Elabe du 28 au 29 (WP),http://elabe.fr/presidentielle-2017-intentions-de-vote-a-5-mois-scrutin/,Elabe,,,,,1000,,Premier tour,variante_1,Jean-Luc Mélenchon,12.0
,Elabe du 28 au 29 (WP),http://elabe.fr/presidentielle-2017-intentions-de-vote-a-5-mois-scrutin/,Elabe,,,,,1000,,Premier tour,variante_1,Yannick Jadot,1.5
,Elabe du 28 au 29 (WP),http://elabe.fr/presidentielle-2017-intentions-de-vote-a-5-mois-scrutin/,Elabe,,,,,1000,,Premier tour,variante_1,François Hollande,7.0
,Elabe du 28 au 29 (WP),http://elabe.fr/presidentielle-2017-intentions-de-vote-a-5-mois-scrutin/,Elabe,,,,,1000,,Premier tour,variante_1,Emmanuel Macron,16.0
,Elabe du 28 au 29 (WP),http://elabe.fr/presidentielle-2017-intentions-de-vote-a-5-mois-scrutin/,Elabe,,,,,1000,,Premier tour,variante_1,François Bayrou,6.0
,Elabe du 28 au 29 (WP),http://elabe.fr/presidentielle-2017-intentions-de-vote-a-5-mois-scrutin/,Elabe,,,,,1000,,Premier tour,variante_1,François Fillon,30.0
,Elabe du 28 au 29 (WP),http://elabe.fr/presidentielle-2017-intentions-de-vote-a-5-mois-scrutin/,Elabe,,,,,1000,,Premier tour,variante_1,Nicolas Dupont-Aignan,2.0
,Elabe du 28 au 29 (WP),http://elabe.fr/presidentielle-2017-intentions-de-vote-a-5-mois-scrutin/,Elabe,,,,,1000,,Premier tour,variante_1,Marine Le Pen,24.0
,Elabe du 28 au 29 (WP),http://elabe.fr/presidentielle-2017-intentions-de-vote-a-5-mois-scrutin/,Elabe,,,,,1000,,Premier tour,variante_2,Nathalie Arthaud,0.5
,Elabe du 28 au 29 (WP),http://elabe.fr/presidentielle-2017-intentions-de-vote-a-5-mois-scrutin/,Elabe,,,,,1000,,Premier tour,variante_2,Philippe Poutou,1.0
,Elabe du 28 au 29 (WP),http://elabe.fr/presidentielle-2017-intentions-de-vote-a-5-mois-scrutin/,Elabe,,,,,1000,,Premier tour,variante_2,Jean-Luc Mélenchon,12.0
,Elabe du 28 au 29 (WP),http://elabe.fr/presidentielle-2017-intentions-de-vote-a-5-mois-scrutin/,Elabe,,,,,1000,,Premier tour,variante_2,Yannick Jadot,1.5
,Elabe du 28 au 29 (WP),http://elabe.fr/presidentielle-2017-intentions-de-vote-a-5-mois-scrutin/,Elabe,,,,,1000,,Premier tour,variante_2,Manuel Valls,9.0
,Elabe du 28 au 29 (WP),http://elabe.fr/presidentielle-2017-intentions-de-vote-a-5-mois-scrutin/,Elabe,,,,,1000,,Premier tour,variante_2,Emmanuel Macron,14.0
,Elabe du 28 au 29 (WP),http://elabe.fr/presidentielle-2017-intentions-de-vote-a-5-mois-scrutin/,Elabe,,,,,1000,,Premier tour,variante_2,François Bayrou,5.0
,Elabe du 28 au 29 (WP),http://elabe.fr/presidentielle-2017-intentions-de-vote-a-5-mois-scrutin/,Elabe,,,,,1000,,Premier tour,variante_2,François Fillon,31.0
,Elabe du 28 au 29 (WP),http://elabe.fr/presidentielle-2017-intentions-de-vote-a-5-mois-scrutin/,Elabe,,,,,1000,,Premier tour,variante_2,Nicolas Dupont-Aignan,2.0
,Elabe du 28 au 29 (WP),http://elabe.fr/presidentielle-2017-intentions-de-vote-a-5-mois-scrutin/,Elabe,,,,,1000,,Premier tour,variante_2,Marine Le Pen,24.0
,Elabe du 28 au 29 (WP),http://elabe.fr/presidentielle-2017-intentions-de-vote-a-5-mois-scrutin/,Elabe,,,,,1000,,Premier tour,variante_3,Nathalie Arthaud,0.5
,Elabe du 28 au 29 (WP),http://elabe.fr/presidentielle-2017-intentions-de-vote-a-5-mois-scrutin/,Elabe,,,,,1000,,Premier tour,variante_3,Philippe Poutou,1.0
,Elabe du 28 au 29 (WP),http://elabe.fr/presidentielle-2017-intentions-de-vote-a-5-mois-scrutin/,Elabe,,,,,1000,,Premier tour,variante_3,Jean-Luc Mélenchon,12.0
,Elabe du 28 au 29 (WP),http://elabe.fr/presidentielle-2017-intentions-de-vote-a-5-mois-scrutin/,Elabe,,,,,1000,,Premier tour,variante_3,Yannick Jadot,1.5
,Elabe du 28 au 29 (WP),http://elabe.fr/presidentielle-2017-intentions-de-vote-a-5-mois-scrutin/,Elabe,,,,,1000,,Premier tour,variante_3,Arnaud Montebourg,5.0
,Elabe du 28 au 29 (WP),http://elabe.fr/presidentielle-2017-intentions-de-vote-a-5-mois-scrutin/,Elabe,,,,,1000,,Premier tour,variante_3,Emmanuel Macron,17.0
,Elabe du 28 au 29 (WP),http://elabe.fr/presidentielle-2017-intentions-de-vote-a-5-mois-scrutin/,Elabe,,,,,1000,,Premier tour,variante_3,François Bayrou,5.0
,Elabe du 28 au 29 (WP),http://elabe.fr/presidentielle-2017-intentions-de-vote-a-5-mois-scrutin/,Elabe,,,,,1000,,Premier tour,variante_3,François Fillon,31.0
,Elabe du 28 au 29 (WP),http://elabe.fr/presidentielle-2017-intentions-de-vote-a-5-mois-scrutin/,Elabe,,,,,1000,,Premier tour,variante_3,Nicolas Dupont-Aignan,2.0
,Elabe du 28 au 29 (WP),http://elabe.fr/presidentielle-2017-intentions-de-vote-a-5-mois-scrutin/,Elabe,,,,,1000,,Premier tour,variante_3,Marine Le Pen,25.0
,TNS Sofres le 28 (WP),http://fr.kantar.com/elections/presidentielle/2017/la-situation-politique-apres-la-victoire-de-francois-fillon-a-la-primaire-de-la-droite-et-du-centre/,TNS Sofres,,,,,1011,,Premier tour,variante_1,Jacques Cheminade,0.5
,TNS Sofres le 28 (WP),http://fr.kantar.com/elections/presidentielle/2017/la-situation-politique-apres-la-victoire-de-francois-fillon-a-la-primaire-de-la-droite-et-du-centre/,TNS Sofres,,,,,1011,,Premier tour,variante_1,Nathalie Arthaud,0.5
,TNS Sofres le 28 (WP),http://fr.kantar.com/elections/presidentielle/2017/la-situation-politique-apres-la-victoire-de-francois-fillon-a-la-primaire-de-la-droite-et-du-centre/,TNS Sofres,,,,,1011,,Premier tour,variante_1,Philippe Poutou,1.0
,TNS Sofres le 28 (WP),http://fr.kantar.com/elections/presidentielle/2017/la-situation-politique-apres-la-victoire-de-francois-fillon-a-la-primaire-de-la-droite-et-du-centre/,TNS Sofres,,,,,1011,,Premier tour,variante_1,Jean-Luc Mélenchon,12.0
,TNS Sofres le 28 (WP),http://fr.kantar.com/elections/presidentielle/2017/la-situation-politique-apres-la-victoire-de-francois-fillon-a-la-primaire-de-la-droite-et-du-centre/,TNS Sofres,,,,,1011,,Premier tour,variante_1,Yannick Jadot,2.0
,TNS Sofres le 28 (WP),http://fr.kantar.com/elections/presidentielle/2017/la-situation-politique-apres-la-victoire-de-francois-fillon-a-la-primaire-de-la-droite-et-du-centre/,TNS Sofres,,,,,1011,,Premier tour,variante_1,François Hollande,7.5
,TNS Sofres le 28 (WP),http://fr.kantar.com/elections/presidentielle/2017/la-situation-politique-apres-la-victoire-de-francois-fillon-a-la-primaire-de-la-droite-et-du-centre/,TNS Sofres,,,,,1011,,Premier tour,variante_1,Sylvia Pinel,1.0
,TNS Sofres le 28 (WP),http://fr.kantar.com/elections/presidentielle/2017/la-situation-politique-apres-la-victoire-de-francois-fillon-a-la-primaire-de-la-droite-et-du-centre/,TNS Sofres,,,,,1011,,Premier tour,variante_1,Emmanuel Macron,15.0
,TNS Sofres le 28 (WP),http://fr.kantar.com/elections/presidentielle/2017/la-situation-politique-apres-la-victoire-de-francois-fillon-a-la-primaire-de-la-droite-et-du-centre/,TNS Sofres,,,,,1011,,Premier tour,variante_1,François Bayrou,6.0
,TNS Sofres le 28 (WP),http://fr.kantar.com/elections/presidentielle/2017/la-situation-politique-apres-la-victoire-de-francois-fillon-a-la-primaire-de-la-droite-et-du-centre/,TNS Sofres,,,,,1011,,Premier tour,variante_1,François Fillon,29.0
,TNS Sofres le 28 (WP),http://fr.kantar.com/elections/presidentielle/2017/la-situation-politique-apres-la-victoire-de-francois-fillon-a-la-primaire-de-la-droite-et-du-centre/,TNS Sofres,,,,,1011,,Premier tour,variante_1,Nicolas Dupont-Aignan,2.5
,TNS Sofres le 28 (WP),http://fr.kantar.com/elections/presidentielle/2017/la-situation-politique-apres-la-victoire-de-francois-fillon-a-la-primaire-de-la-droite-et-du-centre/,TNS Sofres,,,,,1011,,Premier tour,variante_1,Marine Le Pen,23.0
,TNS Sofres le 28 (WP),http://fr.kantar.com/elections/presidentielle/2017/la-situation-politique-apres-la-victoire-de-francois-fillon-a-la-primaire-de-la-droite-et-du-centre/,TNS Sofres,,,,,1011,,Premier tour,variante_2,Jacques Cheminade,0.5
,TNS Sofres le 28 (WP),http://fr.kantar.com/elections/presidentielle/2017/la-situation-politique-apres-la-victoire-de-francois-fillon-a-la-primaire-de-la-droite-et-du-centre/,TNS Sofres,,,,,1011,,Premier tour,variante_2,Nathalie Arthaud,0.5
,TNS Sofres le 28 (WP),http://fr.kantar.com/elections/presidentielle/2017/la-situation-politique-apres-la-victoire-de-francois-fillon-a-la-primaire-de-la-droite-et-du-centre/,TNS Sofres,,,,,1011,,Premier tour,variante_2,Philippe Poutou,1.0
,TNS Sofres le 28 (WP),http://fr.kantar.com/elections/presidentielle/2017/la-situation-politique-apres-la-victoire-de-francois-fillon-a-la-primaire-de-la-droite-et-du-centre/,TNS Sofres,,,,,1011,,Premier tour,variante_2,Jean-Luc Mélenchon,13.0
,TNS Sofres le 28 (WP),http://fr.kantar.com/elections/presidentielle/2017/la-situation-politique-apres-la-victoire-de-francois-fillon-a-la-primaire-de-la-droite-et-du-centre/,TNS Sofres,,,,,1011,,Premier tour,variante_2,Yannick Jadot,2.0
,TNS Sofres le 28 (WP),http://fr.kantar.com/elections/presidentielle/2017/la-situation-politique-apres-la-victoire-de-francois-fillon-a-la-primaire-de-la-droite-et-du-centre/,TNS Sofres,,,,,1011,,Premier tour,variante_2,François Hollande,8.5
,TNS Sofres le 28 (WP),http://fr.kantar.com/elections/presidentielle/2017/la-situation-politique-apres-la-victoire-de-francois-fillon-a-la-primaire-de-la-droite-et-du-centre/,TNS Sofres,,,,,1011,,Premier tour,variante_2,Sylvia Pinel,1.0
,TNS Sofres le 28 (WP),http://fr.kantar.com/elections/presidentielle/2017/la-situation-politique-apres-la-victoire-de-francois-fillon-a-la-primaire-de-la-droite-et-du-centre/,TNS Sofres,,,,,1011,,Premier tour,variante_2,Emmanuel Macron,17.0
,TNS Sofres le 28 (WP),http://fr.kantar.com/elections/presidentielle/2017/la-situation-politique-apres-la-victoire-de-francois-fillon-a-la-primaire-de-la-droite-et-du-centre/,TNS Sofres,,,,,1011,,Premier tour,variante_2,François Fillon,30.0
,TNS Sofres le 28 (WP),http://fr.kantar.com/elections/presidentielle/2017/la-situation-politique-apres-la-victoire-de-francois-fillon-a-la-primaire-de-la-droite-et-du-centre/,TNS Sofres,,,,,1011,,Premier tour,variante_2,Nicolas Dupont-Aignan,2.5
,TNS Sofres le 28 (WP),http://fr.kantar.com/elections/presidentielle/2017/la-situation-politique-apres-la-victoire-de-francois-fillon-a-la-primaire-de-la-droite-et-du-centre/,TNS Sofres,,,,,1011,,Premier tour,variante_2,Marine Le Pen,24.0
,TNS Sofres le 28 (WP),http://fr.kantar.com/elections/presidentielle/2017/la-situation-politique-apres-la-victoire-de-francois-fillon-a-la-primaire-de-la-droite-et-du-centre/,TNS Sofres,,,,,1011,,Premier tour,variante_3,Jacques Cheminade,0.5
,TNS Sofres le 28 (WP),http://fr.kantar.com/elections/presidentielle/2017/la-situation-politique-apres-la-victoire-de-francois-fillon-a-la-primaire-de-la-droite-et-du-centre/,TNS Sofres,,,,,1011,,Premier tour,variante_3,Nathalie Arthaud,2.0
,TNS Sofres le 28 (WP),http://fr.kantar.com/elections/presidentielle/2017/la-situation-politique-apres-la-victoire-de-francois-fillon-a-la-primaire-de-la-droite-et-du-centre/,TNS Sofres,,,,,1011,,Premier tour,variante_3,Philippe Poutou,1.5
,TNS Sofres le 28 (WP),http://fr.kantar.com/elections/presidentielle/2017/la-situation-politique-apres-la-victoire-de-francois-fillon-a-la-primaire-de-la-droite-et-du-centre/,TNS Sofres,,,,,1011,,Premier tour,variante_3,Jean-Luc Mélenchon,15.0
,TNS Sofres le 28 (WP),http://fr.kantar.com/elections/presidentielle/2017/la-situation-politique-apres-la-victoire-de-francois-fillon-a-la-primaire-de-la-droite-et-du-centre/,TNS Sofres,,,,,1011,,Premier tour,variante_3,Yannick Jadot,3.0
,TNS Sofres le 28 (WP),http://fr.kantar.com/elections/presidentielle/2017/la-situation-politique-apres-la-victoire-de-francois-fillon-a-la-primaire-de-la-droite-et-du-centre/,TNS Sofres,,,,,1011,,Premier tour,variante_3,François Hollande,14.0
,TNS Sofres le 28 (WP),http://fr.kantar.com/elections/presidentielle/2017/la-situation-politique-apres-la-victoire-de-francois-fillon-a-la-primaire-de-la-droite-et-du-centre/,TNS Sofres,,,,,1011,,Premier tour,variante_3,Sylvia Pinel,1.0
,TNS Sofres le 28 (WP),http://fr.kantar.com/elections/presidentielle/2017/la-situation-politique-apres-la-victoire-de-francois-fillon-a-la-primaire-de-la-droite-et-du-centre/,TNS Sofres,,,,,1011,,Premier tour,variante_3,François Fillon,34.0
,TNS Sofres le 28 (WP),http://fr.kantar.com/elections/presidentielle/2017/la-situation-politique-apres-la-victoire-de-francois-fillon-a-la-primaire-de-la-droite-et-du-centre/,TNS Sofres,,,,,1011,,Premier tour,variante_3,Nicolas Dupont-Aignan,3.0
,TNS Sofres le 28 (WP),http://fr.kantar.com/elections/presidentielle/2017/la-situation-politique-apres-la-victoire-de-francois-fillon-a-la-primaire-de-la-droite-et-du-centre/,TNS Sofres,,,,,1011,,Premier tour,variante_3,Marine Le Pen,26.0
,TNS Sofres le 28 (WP),http://fr.kantar.com/elections/presidentielle/2017/la-situation-politique-apres-la-victoire-de-francois-fillon-a-la-primaire-de-la-droite-et-du-centre/,TNS Sofres,,,,,1011,,Premier tour,variante_4,Jacques Cheminade,0.5
,TNS Sofres le 28 (WP),http://fr.kantar.com/elections/presidentielle/2017/la-situation-politique-apres-la-victoire-de-francois-fillon-a-la-primaire-de-la-droite-et-du-centre/,TNS Sofres,,,,,1011,,Premier tour,variante_4,Nathalie Arthaud,1.5
,TNS Sofres le 28 (WP),http://fr.kantar.com/elections/presidentielle/2017/la-situation-politique-apres-la-victoire-de-francois-fillon-a-la-primaire-de-la-droite-et-du-centre/,TNS Sofres,,,,,1011,,Premier tour,variante_4,Philippe Poutou,1.0
,TNS Sofres le 28 (WP),http://fr.kantar.com/elections/presidentielle/2017/la-situation-politique-apres-la-victoire-de-francois-fillon-a-la-primaire-de-la-droite-et-du-centre/,TNS Sofres,,,,,1011,,Premier tour,variante_4,Jean-Luc Mélenchon,12.0
,TNS Sofres le 28 (WP),http://fr.kantar.com/elections/presidentielle/2017/la-situation-politique-apres-la-victoire-de-francois-fillon-a-la-primaire-de-la-droite-et-du-centre/,TNS Sofres,,,,,1011,,Premier tour,variante_4,Yannick Jadot,2.0
,TNS Sofres le 28 (WP),http://fr.kantar.com/elections/presidentielle/2017/la-situation-politique-apres-la-victoire-de-francois-fillon-a-la-primaire-de-la-droite-et-du-centre/,TNS Sofres,,,,,1011,,Premier tour,variante_4,Manuel Valls,9.5
,TNS Sofres le 28 (WP),http://fr.kantar.com/elections/presidentielle/2017/la-situation-politique-apres-la-victoire-de-francois-fillon-a-la-primaire-de-la-droite-et-du-centre/,TNS Sofres,,,,,1011,,Premier tour,variante_4,Sylvia Pinel,0.5
,TNS Sofres le 28 (WP),http://fr.kantar.com/elections/presidentielle/2017/la-situation-politique-apres-la-victoire-de-francois-fillon-a-la-primaire-de-la-droite-et-du-centre/,TNS Sofres,,,,,1011,,Premier tour,variante_4,Emmanuel Macron,13.0
,TNS Sofres le 28 (WP),http://fr.kantar.com/elections/presidentielle/2017/la-situation-politique-apres-la-victoire-de-francois-fillon-a-la-primaire-de-la-droite-et-du-centre/,TNS Sofres,,,,,1011,,Premier tour,variante_4,François Bayrou,6.0
,TNS Sofres le 28 (WP),http://fr.kantar.com/elections/presidentielle/2017/la-situation-politique-apres-la-victoire-de-francois-fillon-a-la-primaire-de-la-droite-et-du-centre/,TNS Sofres,,,,,1011,,Premier tour,variante_4,François Fillon,28.0
,TNS Sofres le 28 (WP),http://fr.kantar.com/elections/presidentielle/2017/la-situation-politique-apres-la-victoire-de-francois-fillon-a-la-primaire-de-la-droite-et-du-centre/,TNS Sofres,,,,,1011,,Premier tour,variante_4,Nicolas Dupont-Aignan,2.0
,TNS Sofres le 28 (WP),http://fr.kantar.com/elections/presidentielle/2017/la-situation-politique-apres-la-victoire-de-francois-fillon-a-la-primaire-de-la-droite-et-du-centre/,TNS Sofres,,,,,1011,,Premier tour,variante_4,Marine Le Pen,24.0
,TNS Sofres le 28 (WP),http://fr.kantar.com/elections/presidentielle/2017/la-situation-politique-apres-la-victoire-de-francois-fillon-a-la-primaire-de-la-droite-et-du-centre/,TNS Sofres,,,,,1011,,Premier tour,variante_5,Jacques Cheminade,0.5
,TNS Sofres le 28 (WP),http://fr.kantar.com/elections/presidentielle/2017/la-situation-politique-apres-la-victoire-de-francois-fillon-a-la-primaire-de-la-droite-et-du-centre/,TNS Sofres,,,,,1011,,Premier tour,variante_5,Nathalie Arthaud,1.5
,TNS Sofres le 28 (WP),http://fr.kantar.com/elections/presidentielle/2017/la-situation-politique-apres-la-victoire-de-francois-fillon-a-la-primaire-de-la-droite-et-du-centre/,TNS Sofres,,,,,1011,,Premier tour,variante_5,Philippe Poutou,1.0
,TNS Sofres le 28 (WP),http://fr.kantar.com/elections/presidentielle/2017/la-situation-politique-apres-la-victoire-de-francois-fillon-a-la-primaire-de-la-droite-et-du-centre/,TNS Sofres,,,,,1011,,Premier tour,variante_5,Jean-Luc Mélenchon,11.5
,TNS Sofres le 28 (WP),http://fr.kantar.com/elections/presidentielle/2017/la-situation-politique-apres-la-victoire-de-francois-fillon-a-la-primaire-de-la-droite-et-du-centre/,TNS Sofres,,,,,1011,,Premier tour,variante_5,Yannick Jadot,2.5
,TNS Sofres le 28 (WP),http://fr.kantar.com/elections/presidentielle/2017/la-situation-politique-apres-la-victoire-de-francois-fillon-a-la-primaire-de-la-droite-et-du-centre/,TNS Sofres,,,,,1011,,Premier tour,variante_5,Manuel Valls,11.0
,TNS Sofres le 28 (WP),http://fr.kantar.com/elections/presidentielle/2017/la-situation-politique-apres-la-victoire-de-francois-fillon-a-la-primaire-de-la-droite-et-du-centre/,TNS Sofres,,,,,1011,,Premier tour,variante_5,Sylvia Pinel,0.5
,TNS Sofres le 28 (WP),http://fr.kantar.com/elections/presidentielle/2017/la-situation-politique-apres-la-victoire-de-francois-fillon-a-la-primaire-de-la-droite-et-du-centre/,TNS Sofres,,,,,1011,,Premier tour,variante_5,Emmanuel Macron,15.0
,TNS Sofres le 28 (WP),http://fr.kantar.com/elections/presidentielle/2017/la-situation-politique-apres-la-victoire-de-francois-fillon-a-la-primaire-de-la-droite-et-du-centre/,TNS Sofres,,,,,1011,,Premier tour,variante_5,François Fillon,29.0
,TNS Sofres le 28 (WP),http://fr.kantar.com/elections/presidentielle/2017/la-situation-politique-apres-la-victoire-de-francois-fillon-a-la-primaire-de-la-droite-et-du-centre/,TNS Sofres,,,,,1011,,Premier tour,variante_5,Nicolas Dupont-Aignan,2.5
,TNS Sofres le 28 (WP),http://fr.kantar.com/elections/presidentielle/2017/la-situation-politique-apres-la-victoire-de-francois-fillon-a-la-primaire-de-la-droite-et-du-centre/,TNS Sofres,,,,,1011,,Premier tour,variante_5,Marine Le Pen,25.0
,TNS Sofres le 28 (WP),http://fr.kantar.com/elections/presidentielle/2017/la-situation-politique-apres-la-victoire-de-francois-fillon-a-la-primaire-de-la-droite-et-du-centre/,TNS Sofres,,,,,1011,,Premier tour,variante_6,Jacques Cheminade,0.5
,TNS Sofres le 28 (WP),http://fr.kantar.com/elections/presidentielle/2017/la-situation-politique-apres-la-victoire-de-francois-fillon-a-la-primaire-de-la-droite-et-du-centre/,TNS Sofres,,,,,1011,,Premier tour,variante_6,Nathalie Arthaud,1.0
,TNS Sofres le 28 (WP),http://fr.kantar.com/elections/presidentielle/2017/la-situation-politique-apres-la-victoire-de-francois-fillon-a-la-primaire-de-la-droite-et-du-centre/,TNS Sofres,,,,,1011,,Premier tour,variante_6,Philippe Poutou,1.0
,TNS Sofres le 28 (WP),http://fr.kantar.com/elections/presidentielle/2017/la-situation-politique-apres-la-victoire-de-francois-fillon-a-la-primaire-de-la-droite-et-du-centre/,TNS Sofres,,,,,1011,,Premier tour,variante_6,Jean-Luc Mélenchon,12.0
,TNS Sofres le 28 (WP),http://fr.kantar.com/elections/presidentielle/2017/la-situation-politique-apres-la-victoire-de-francois-fillon-a-la-primaire-de-la-droite-et-du-centre/,TNS Sofres,,,,,1011,,Premier tour,variante_6,Yannick Jadot,1.5
,TNS Sofres le 28 (WP),http://fr.kantar.com/elections/presidentielle/2017/la-situation-politique-apres-la-victoire-de-francois-fillon-a-la-primaire-de-la-droite-et-du-centre/,TNS Sofres,,,,,1011,,Premier tour,variante_6,Arnaud Montebourg,6.0
,TNS Sofres le 28 (WP),http://fr.kantar.com/elections/presidentielle/2017/la-situation-politique-apres-la-victoire-de-francois-fillon-a-la-primaire-de-la-droite-et-du-centre/,TNS Sofres,,,,,1011,,Premier tour,variante_6,Sylvia Pinel,1.0
,TNS Sofres le 28 (WP),http://fr.kantar.com/elections/presidentielle/2017/la-situation-politique-apres-la-victoire-de-francois-fillon-a-la-primaire-de-la-droite-et-du-centre/,TNS Sofres,,,,,1011,,Premier tour,variante_6,Emmanuel Macron,16.0
,TNS Sofres le 28 (WP),http://fr.kantar.com/elections/presidentielle/2017/la-situation-politique-apres-la-victoire-de-francois-fillon-a-la-primaire-de-la-droite-et-du-centre/,TNS Sofres,,,,,1011,,Premier tour,variante_6,François Bayrou,6.0
,TNS Sofres le 28 (WP),http://fr.kantar.com/elections/presidentielle/2017/la-situation-politique-apres-la-victoire-de-francois-fillon-a-la-primaire-de-la-droite-et-du-centre/,TNS Sofres,,,,,1011,,Premier tour,variante_6,François Fillon,29.0
,TNS Sofres le 28 (WP),http://fr.kantar.com/elections/presidentielle/2017/la-situation-politique-apres-la-victoire-de-francois-fillon-a-la-primaire-de-la-droite-et-du-centre/,TNS Sofres,,,,,1011,,Premier tour,variante_6,Nicolas Dupont-Aignan,2.0
,TNS Sofres le 28 (WP),http://fr.kantar.com/elections/presidentielle/2017/la-situation-politique-apres-la-victoire-de-francois-fillon-a-la-primaire-de-la-droite-et-du-centre/,TNS Sofres,,,,,1011,,Premier tour,variante_6,Marine Le Pen,24.0
,TNS Sofres le 28 (WP),http://fr.kantar.com/elections/presidentielle/2017/la-situation-politique-apres-la-victoire-de-francois-fillon-a-la-primaire-de-la-droite-et-du-centre/,TNS Sofres,,,,,1011,,Premier tour,variante_7,Jacques Cheminade,0.5
,TNS Sofres le 28 (WP),http://fr.kantar.com/elections/presidentielle/2017/la-situation-politique-apres-la-victoire-de-francois-fillon-a-la-primaire-de-la-droite-et-du-centre/,TNS Sofres,,,,,1011,,Premier tour,variante_7,Nathalie Arthaud,1.0
,TNS Sofres le 28 (WP),http://fr.kantar.com/elections/presidentielle/2017/la-situation-politique-apres-la-victoire-de-francois-fillon-a-la-primaire-de-la-droite-et-du-centre/,TNS Sofres,,,,,1011,,Premier tour,variante_7,Philippe Poutou,1.0
,TNS Sofres le 28 (WP),http://fr.kantar.com/elections/presidentielle/2017/la-situation-politique-apres-la-victoire-de-francois-fillon-a-la-primaire-de-la-droite-et-du-centre/,TNS Sofres,,,,,1011,,Premier tour,variante_7,Jean-Luc Mélenchon,12.5
,TNS Sofres le 28 (WP),http://fr.kantar.com/elections/presidentielle/2017/la-situation-politique-apres-la-victoire-de-francois-fillon-a-la-primaire-de-la-droite-et-du-centre/,TNS Sofres,,,,,1011,,Premier tour,variante_7,Yannick Jadot,2.0
,TNS Sofres le 28 (WP),http://fr.kantar.com/elections/presidentielle/2017/la-situation-politique-apres-la-victoire-de-francois-fillon-a-la-primaire-de-la-droite-et-du-centre/,TNS Sofres,,,,,1011,,Premier tour,variante_7,Arnaud Montebourg,7.0
,TNS Sofres le 28 (WP),http://fr.kantar.com/elections/presidentielle/2017/la-situation-politique-apres-la-victoire-de-francois-fillon-a-la-primaire-de-la-droite-et-du-centre/,TNS Sofres,,,,,1011,,Premier tour,variante_7,Sylvia Pinel,1.0
,TNS Sofres le 28 (WP),http://fr.kantar.com/elections/presidentielle/2017/la-situation-politique-apres-la-victoire-de-francois-fillon-a-la-primaire-de-la-droite-et-du-centre/,TNS Sofres,,,,,1011,,Premier tour,variante_7,Emmanuel Macron,17.5
,TNS Sofres le 28 (WP),http://fr.kantar.com/elections/presidentielle/2017/la-situation-politique-apres-la-victoire-de-francois-fillon-a-la-primaire-de-la-droite-et-du-centre/,TNS Sofres,,,,,1011,,Premier tour,variante_7,François Fillon,31.0
,TNS Sofres le 28 (WP),http://fr.kantar.com/elections/presidentielle/2017/la-situation-politique-apres-la-victoire-de-francois-fillon-a-la-primaire-de-la-droite-et-du-centre/,TNS Sofres,,,,,1011,,Premier tour,variante_7,Nicolas Dupont-Aignan,2.5
,TNS Sofres le 28 (WP),http://fr.kantar.com/elections/presidentielle/2017/la-situation-politique-apres-la-victoire-de-francois-fillon-a-la-primaire-de-la-droite-et-du-centre/,TNS Sofres,,,,,1011,,Premier tour,variante_7,Marine Le Pen,24.0
,Harris Interactive le 27 (WP),http://www.lcp.fr/sites/default/files/Intentions_de_vote_%28LCP-Public_Senat%29.pdf,Harris Interactive,,,,,6093,,Premier tour,variante_1,Nathalie Arthaud,1.0
,Harris Interactive le 27 (WP),http://www.lcp.fr/sites/default/files/Intentions_de_vote_%28LCP-Public_Senat%29.pdf,Harris Interactive,,,,,6093,,Premier tour,variante_1,Philippe Poutou,1.0
,Harris Interactive le 27 (WP),http://www.lcp.fr/sites/default/files/Intentions_de_vote_%28LCP-Public_Senat%29.pdf,Harris Interactive,,,,,6093,,Premier tour,variante_1,Jean-Luc Mélenchon,13.0
,Harris Interactive le 27 (WP),http://www.lcp.fr/sites/default/files/Intentions_de_vote_%28LCP-Public_Senat%29.pdf,Harris Interactive,,,,,6093,,Premier tour,variante_1,Yannick Jadot,3.0
,Harris Interactive le 27 (WP),http://www.lcp.fr/sites/default/files/Intentions_de_vote_%28LCP-Public_Senat%29.pdf,Harris Interactive,,,,,6093,,Premier tour,variante_1,François Hollande,9.0
,Harris Interactive le 27 (WP),http://www.lcp.fr/sites/default/files/Intentions_de_vote_%28LCP-Public_Senat%29.pdf,Harris Interactive,,,,,6093,,Premier tour,variante_1,Emmanuel Macron,14.0
,Harris Interactive le 27 (WP),http://www.lcp.fr/sites/default/files/Intentions_de_vote_%28LCP-Public_Senat%29.pdf,Harris Interactive,,,,,6093,,Premier tour,variante_1,François Bayrou,6.0
,Harris Interactive le 27 (WP),http://www.lcp.fr/sites/default/files/Intentions_de_vote_%28LCP-Public_Senat%29.pdf,Harris Interactive,,,,,6093,,Premier tour,variante_1,François Fillon,26.0
,Harris Interactive le 27 (WP),http://www.lcp.fr/sites/default/files/Intentions_de_vote_%28LCP-Public_Senat%29.pdf,Harris Interactive,,,,,6093,,Premier tour,variante_1,Nicolas Dupont-Aignan,3.0
,Harris Interactive le 27 (WP),http://www.lcp.fr/sites/default/files/Intentions_de_vote_%28LCP-Public_Senat%29.pdf,Harris Interactive,,,,,6093,,Premier tour,variante_1,Marine Le Pen,24.0
,Harris Interactive le 27 (WP),http://www.lcp.fr/sites/default/files/Intentions_de_vote_%28LCP-Public_Senat%29.pdf,Harris Interactive,,,,,6093,,Premier tour,variante_2,Nathalie Arthaud,1.0
,Harris Interactive le 27 (WP),http://www.lcp.fr/sites/default/files/Intentions_de_vote_%28LCP-Public_Senat%29.pdf,Harris Interactive,,,,,6093,,Premier tour,variante_2,Philippe Poutou,1.0
,Harris Interactive le 27 (WP),http://www.lcp.fr/sites/default/files/Intentions_de_vote_%28LCP-Public_Senat%29.pdf,Harris Interactive,,,,,6093,,Premier tour,variante_2,Jean-Luc Mélenchon,15.0
,Harris Interactive le 27 (WP),http://www.lcp.fr/sites/default/files/Intentions_de_vote_%28LCP-Public_Senat%29.pdf,Harris Interactive,,,,,6093,,Premier tour,variante_2,Yannick Jadot,2.0
,Harris Interactive le 27 (WP),http://www.lcp.fr/sites/default/files/Intentions_de_vote_%28LCP-Public_Senat%29.pdf,Harris Interactive,,,,,6093,,Premier tour,variante_2,Manuel Valls,9.0
,Harris Interactive le 27 (WP),http://www.lcp.fr/sites/default/files/Intentions_de_vote_%28LCP-Public_Senat%29.pdf,Harris Interactive,,,,,6093,,Premier tour,variante_2,Emmanuel Macron,13.0
,Harris Interactive le 27 (WP),http://www.lcp.fr/sites/default/files/Intentions_de_vote_%28LCP-Public_Senat%29.pdf,Harris Interactive,,,,,6093,,Premier tour,variante_2,François Bayrou,7.0
,Harris Interactive le 27 (WP),http://www.lcp.fr/sites/default/files/Intentions_de_vote_%28LCP-Public_Senat%29.pdf,Harris Interactive,,,,,6093,,Premier tour,variante_2,François Fillon,26.0
,Harris Interactive le 27 (WP),http://www.lcp.fr/sites/default/files/Intentions_de_vote_%28LCP-Public_Senat%29.pdf,Harris Interactive,,,,,6093,,Premier tour,variante_2,Nicolas Dupont-Aignan,2.0
,Harris Interactive le 27 (WP),http://www.lcp.fr/sites/default/files/Intentions_de_vote_%28LCP-Public_Senat%29.pdf,Harris Interactive,,,,,6093,,Premier tour,variante_2,Marine Le Pen,24.0
,Odoxa le 25 (WP),http://www.odoxa.fr/presidentielle-fillon-en-position-de-force/,Odoxa,,,,,844,,Premier tour,,Nathalie Arthaud,2.0
,Odoxa le 25 (WP),http://www.odoxa.fr/presidentielle-fillon-en-position-de-force/,Odoxa,,,,,844,,Premier tour,,Philippe Poutou,1.0
,Odoxa le 25 (WP),http://www.odoxa.fr/presidentielle-fillon-en-position-de-force/,Odoxa,,,,,844,,Premier tour,,Jean-Luc Mélenchon,12.0
,Odoxa le 25 (WP),http://www.odoxa.fr/presidentielle-fillon-en-position-de-force/,Odoxa,,,,,844,,Premier tour,,Yannick Jadot,2.0
,Odoxa le 25 (WP),http://www.odoxa.fr/presidentielle-fillon-en-position-de-force/,Odoxa,,,,,844,,Premier tour,,François Hollande,8.0
,Odoxa le 25 (WP),http://www.odoxa.fr/presidentielle-fillon-en-position-de-force/,Odoxa,,,,,844,,Premier tour,,Emmanuel Macron,13.0
,Odoxa le 25 (WP),http://www.odoxa.fr/presidentielle-fillon-en-position-de-force/,Odoxa,,,,,844,,Premier tour,,François Bayrou,6.0
,Odoxa le 25 (WP),http://www.odoxa.fr/presidentielle-fillon-en-position-de-force/,Odoxa,,,,,844,,Premier tour,,François Fillon,32.0
,Odoxa le 25 (WP),http://www.odoxa.fr/presidentielle-fillon-en-position-de-force/,Odoxa,,,,,844,,Premier tour,,Nicolas Dupont-Aignan,2.0
,Odoxa le 25 (WP),http://www.odoxa.fr/presidentielle-fillon-en-position-de-force/,Odoxa,,,,,844,,Premier tour,,Marine Le Pen,22.0
,Ifop du 16 au 17 (WP),http://www.ifop.com/media/poll/3562-1-study_file.pdf,Ifop,,,,,979,,Premier tour,variante_1,Nathalie Arthaud,0.5
,Ifop du 16 au 17 (WP),http://www.ifop.com/media/poll/3562-1-study_file.pdf,Ifop,,,,,979,,Premier tour,variante_1,Philippe Poutou,1.5
,Ifop du 16 au 17 (WP),http://www.ifop.com/media/poll/3562-1-study_file.pdf,Ifop,,,,,979,,Premier tour,variante_1,Jean-Luc Mélenchon,13.0
,Ifop du 16 au 17 (WP),http://www.ifop.com/media/poll/3562-1-study_file.pdf,Ifop,,,,,979,,Premier tour,variante_1,Yannick Jadot,2.5
,Ifop du 16 au 17 (WP),http://www.ifop.com/media/poll/3562-1-study_file.pdf,Ifop,,,,,979,,Premier tour,variante_1,François Hollande,9.0
,Ifop du 16 au 17 (WP),http://www.ifop.com/media/poll/3562-1-study_file.pdf,Ifop,,,,,979,,Premier tour,variante_1,Emmanuel Macron,14.0
,Ifop du 16 au 17 (WP),http://www.ifop.com/media/poll/3562-1-study_file.pdf,Ifop,,,,,979,,Premier tour,variante_1,Alain Juppé,26.0
,Ifop du 16 au 17 (WP),http://www.ifop.com/media/poll/3562-1-study_file.pdf,Ifop,,,,,979,,Premier tour,variante_1,Nicolas Dupont-Aignan,3.0
,Ifop du 16 au 17 (WP),http://www.ifop.com/media/poll/3562-1-study_file.pdf,Ifop,,,,,979,,Premier tour,variante_1,Marine Le Pen,30.0
,Ifop du 16 au 17 (WP),http://www.ifop.com/media/poll/3562-1-study_file.pdf,Ifop,,,,,979,,Premier tour,variante_2,Nathalie Arthaud,1.0
,Ifop du 16 au 17 (WP),http://www.ifop.com/media/poll/3562-1-study_file.pdf,Ifop,,,,,979,,Premier tour,variante_2,Philippe Poutou,1.5
,Ifop du 16 au 17 (WP),http://www.ifop.com/media/poll/3562-1-study_file.pdf,Ifop,,,,,979,,Premier tour,variante_2,Jean-Luc Mélenchon,13.0
,Ifop du 16 au 17 (WP),http://www.ifop.com/media/poll/3562-1-study_file.pdf,Ifop,,,,,979,,Premier tour,variante_2,Yannick Jadot,2.5
,Ifop du 16 au 17 (WP),http://www.ifop.com/media/poll/3562-1-study_file.pdf,Ifop,,,,,979,,Premier tour,variante_2,François Hollande,9.0
,Ifop du 16 au 17 (WP),http://www.ifop.com/media/poll/3562-1-study_file.pdf,Ifop,,,,,979,,Premier tour,variante_2,Emmanuel Macron,16.0
,Ifop du 16 au 17 (WP),http://www.ifop.com/media/poll/3562-1-study_file.pdf,Ifop,,,,,979,,Premier tour,variante_2,François Bayrou,8.5
,Ifop du 16 au 17 (WP),http://www.ifop.com/media/poll/3562-1-study_file.pdf,Ifop,,,,,979,,Premier tour,variante_2,Nicolas Sarkozy,17.5
,Ifop du 16 au 17 (WP),http://www.ifop.com/media/poll/3562-1-study_file.pdf,Ifop,,,,,979,,Premier tour,variante_2,Nicolas Dupont-Aignan,3.0
,Ifop du 16 au 17 (WP),http://www.ifop.com/media/poll/3562-1-study_file.pdf,Ifop,,,,,979,,Premier tour,variante_2,Marine Le Pen,28.0
,Ifop du 16 au 17 (WP),http://www.ifop.com/media/poll/3562-1-study_file.pdf,Ifop,,,,,979,,Premier tour,variante_3,Nathalie Arthaud,1.0
,Ifop du 16 au 17 (WP),http://www.ifop.com/media/poll/3562-1-study_file.pdf,Ifop,,,,,979,,Premier tour,variante_3,Philippe Poutou,1.5
,Ifop du 16 au 17 (WP),http://www.ifop.com/media/poll/3562-1-study_file.pdf,Ifop,,,,,979,,Premier tour,variante_3,Jean-Luc Mélenchon,13.0
,Ifop du 16 au 17 (WP),http://www.ifop.com/media/poll/3562-1-study_file.pdf,Ifop,,,,,979,,Premier tour,variante_3,Yannick Jadot,3.0
,Ifop du 16 au 17 (WP),http://www.ifop.com/media/poll/3562-1-study_file.pdf,Ifop,,,,,979,,Premier tour,variante_3,François Hollande,10.0
,Ifop du 16 au 17 (WP),http://www.ifop.com/media/poll/3562-1-study_file.pdf,Ifop,,,,,979,,Premier tour,variante_3,Emmanuel Macron,15.0
,Ifop du 16 au 17 (WP),http://www.ifop.com/media/poll/3562-1-study_file.pdf,Ifop,,,,,979,,Premier tour,variante_3,François Bayrou,5.5
,Ifop du 16 au 17 (WP),http://www.ifop.com/media/poll/3562-1-study_file.pdf,Ifop,,,,,979,,Premier tour,variante_3,François Fillon,20.0
,Ifop du 16 au 17 (WP),http://www.ifop.com/media/poll/3562-1-study_file.pdf,Ifop,,,,,979,,Premier tour,variante_3,Nicolas Dupont-Aignan,2.0
,Ifop du 16 au 17 (WP),http://www.ifop.com/media/poll/3562-1-study_file.pdf,Ifop,,,,,979,,Premier tour,variante_3,Marine Le Pen,29.0
,Ipsos du 8 au 13 (WP),http://www.ipsos.fr/sites/default/files/doc_associe/rapport_cevipof_-_eef2017_vague_8_novembre_2016_ipsos_le_monde.pdf,Ipsos,,,,,18200,,Premier tour,variante_1,Nathalie Arthaud,1.5
,Ipsos du 8 au 13 (WP),http://www.ipsos.fr/sites/default/files/doc_associe/rapport_cevipof_-_eef2017_vague_8_novembre_2016_ipsos_le_monde.pdf,Ipsos,,,,,18200,,Premier tour,variante_1,Philippe Poutou,1.5
,Ipsos du 8 au 13 (WP),http://www.ipsos.fr/sites/default/files/doc_associe/rapport_cevipof_-_eef2017_vague_8_novembre_2016_ipsos_le_monde.pdf,Ipsos,,,,,18200,,Premier tour,variante_1,Jean-Luc Mélenchon,14.0
,Ipsos du 8 au 13 (WP),http://www.ipsos.fr/sites/default/files/doc_associe/rapport_cevipof_-_eef2017_vague_8_novembre_2016_ipsos_le_monde.pdf,Ipsos,,,,,18200,,Premier tour,variante_1,Yannick Jadot,4.0
,Ipsos du 8 au 13 (WP),http://www.ipsos.fr/sites/default/files/doc_associe/rapport_cevipof_-_eef2017_vague_8_novembre_2016_ipsos_le_monde.pdf,Ipsos,,,,,18200,,Premier tour,variante_1,François Hollande,12.0
,Ipsos du 8 au 13 (WP),http://www.ipsos.fr/sites/default/files/doc_associe/rapport_cevipof_-_eef2017_vague_8_novembre_2016_ipsos_le_monde.pdf,Ipsos,,,,,18200,,Premier tour,variante_1,Emmanuel Macron,12.0
,Ipsos du 8 au 13 (WP),http://www.ipsos.fr/sites/default/files/doc_associe/rapport_cevipof_-_eef2017_vague_8_novembre_2016_ipsos_le_monde.pdf,Ipsos,,,,,18200,,Premier tour,variante_1,Nicolas Sarkozy,22.0
,Ipsos du 8 au 13 (WP),http://www.ipsos.fr/sites/default/files/doc_associe/rapport_cevipof_-_eef2017_vague_8_novembre_2016_ipsos_le_monde.pdf,Ipsos,,,,,18200,,Premier tour,variante_1,Nicolas Dupont-Aignan,4.0
,Ipsos du 8 au 13 (WP),http://www.ipsos.fr/sites/default/files/doc_associe/rapport_cevipof_-_eef2017_vague_8_novembre_2016_ipsos_le_monde.pdf,Ipsos,,,,,18200,,Premier tour,variante_1,Marine Le Pen,29.0
,Ipsos du 8 au 13 (WP),http://www.ipsos.fr/sites/default/files/doc_associe/rapport_cevipof_-_eef2017_vague_8_novembre_2016_ipsos_le_monde.pdf,Ipsos,,,,,18200,,Premier tour,variante_2,Nathalie Arthaud,1.5
,Ipsos du 8 au 13 (WP),http://www.ipsos.fr/sites/default/files/doc_associe/rapport_cevipof_-_eef2017_vague_8_novembre_2016_ipsos_le_monde.pdf,Ipsos,,,,,18200,,Premier tour,variante_2,Philippe Poutou,1.5
,Ipsos du 8 au 13 (WP),http://www.ipsos.fr/sites/default/files/doc_associe/rapport_cevipof_-_eef2017_vague_8_novembre_2016_ipsos_le_monde.pdf,Ipsos,,,,,18200,,Premier tour,variante_2,Jean-Luc Mélenchon,14.0
,Ipsos du 8 au 13 (WP),http://www.ipsos.fr/sites/default/files/doc_associe/rapport_cevipof_-_eef2017_vague_8_novembre_2016_ipsos_le_monde.pdf,Ipsos,,,,,18200,,Premier tour,variante_2,Yannick Jadot,4.0
,Ipsos du 8 au 13 (WP),http://www.ipsos.fr/sites/default/files/doc_associe/rapport_cevipof_-_eef2017_vague_8_novembre_2016_ipsos_le_monde.pdf,Ipsos,,,,,18200,,Premier tour,variante_2,François Hollande,10.0
,Ipsos du 8 au 13 (WP),http://www.ipsos.fr/sites/default/files/doc_associe/rapport_cevipof_-_eef2017_vague_8_novembre_2016_ipsos_le_monde.pdf,Ipsos,,,,,18200,,Premier tour,variante_2,Alain Juppé,36.0
,Ipsos du 8 au 13 (WP),http://www.ipsos.fr/sites/default/files/doc_associe/rapport_cevipof_-_eef2017_vague_8_novembre_2016_ipsos_le_monde.pdf,Ipsos,,,,,18200,,Premier tour,variante_2,Nicolas Dupont-Aignan,4.0
,Ipsos du 8 au 13 (WP),http://www.ipsos.fr/sites/default/files/doc_associe/rapport_cevipof_-_eef2017_vague_8_novembre_2016_ipsos_le_monde.pdf,Ipsos,,,,,18200,,Premier tour,variante_2,Marine Le Pen,29.0
,Ipsos du 8 au 13 (WP),http://www.ipsos.fr/sites/default/files/doc_associe/rapport_cevipof_-_eef2017_vague_8_novembre_2016_ipsos_le_monde.pdf,Ipsos,,,,,18200,,Premier tour,variante_3,Nathalie Arthaud,1.5
,Ipsos du 8 au 13 (WP),http://www.ipsos.fr/sites/default/files/doc_associe/rapport_cevipof_-_eef2017_vague_8_novembre_2016_ipsos_le_monde.pdf,Ipsos,,,,,18200,,Premier tour,variante_3,Philippe Poutou,1.5
,Ipsos du 8 au 13 (WP),http://www.ipsos.fr/sites/default/files/doc_associe/rapport_cevipof_-_eef2017_vague_8_novembre_2016_ipsos_le_monde.pdf,Ipsos,,,,,18200,,Premier tour,variante_3,Jean-Luc Mélenchon,14.0
,Ipsos du 8 au 13 (WP),http://www.ipsos.fr/sites/default/files/doc_associe/rapport_cevipof_-_eef2017_vague_8_novembre_2016_ipsos_le_monde.pdf,Ipsos,,,,,18200,,Premier tour,variante_3,Yannick Jadot,4.0
,Ipsos du 8 au 13 (WP),http://www.ipsos.fr/sites/default/files/doc_associe/rapport_cevipof_-_eef2017_vague_8_novembre_2016_ipsos_le_monde.pdf,Ipsos,,,,,18200,,Premier tour,variante_3,Manuel Valls,14.0
,Ipsos du 8 au 13 (WP),http://www.ipsos.fr/sites/default/files/doc_associe/rapport_cevipof_-_eef2017_vague_8_novembre_2016_ipsos_le_monde.pdf,Ipsos,,,,,18200,,Premier tour,variante_3,François Bayrou,11.0
,Ipsos du 8 au 13 (WP),http://www.ipsos.fr/sites/default/files/doc_associe/rapport_cevipof_-_eef2017_vague_8_novembre_2016_ipsos_le_monde.pdf,Ipsos,,,,,18200,,Premier tour,variante_3,Nicolas Sarkozy,21.0
,Ipsos du 8 au 13 (WP),http://www.ipsos.fr/sites/default/files/doc_associe/rapport_cevipof_-_eef2017_vague_8_novembre_2016_ipsos_le_monde.pdf,Ipsos,,,,,18200,,Premier tour,variante_3,Nicolas Dupont-Aignan,4.0
,Ipsos du 8 au 13 (WP),http://www.ipsos.fr/sites/default/files/doc_associe/rapport_cevipof_-_eef2017_vague_8_novembre_2016_ipsos_le_monde.pdf,Ipsos,,,,,18200,,Premier tour,variante_3,Marine Le Pen,29.0
,Ipsos du 8 au 13 (WP),http://www.ipsos.fr/sites/default/files/doc_associe/rapport_cevipof_-_eef2017_vague_8_novembre_2016_ipsos_le_monde.pdf,Ipsos,,,,,18200,,Premier tour,variante_4,Nathalie Arthaud,1.5
,Ipsos du 8 au 13 (WP),http://www.ipsos.fr/sites/default/files/doc_associe/rapport_cevipof_-_eef2017_vague_8_novembre_2016_ipsos_le_monde.pdf,Ipsos,,,,,18200,,Premier tour,variante_4,Philippe Poutou,1.5
,Ipsos du 8 au 13 (WP),http://www.ipsos.fr/sites/default/files/doc_associe/rapport_cevipof_-_eef2017_vague_8_novembre_2016_ipsos_le_monde.pdf,Ipsos,,,,,18200,,Premier tour,variante_4,Jean-Luc Mélenchon,14.0
,Ipsos du 8 au 13 (WP),http://www.ipsos.fr/sites/default/files/doc_associe/rapport_cevipof_-_eef2017_vague_8_novembre_2016_ipsos_le_monde.pdf,Ipsos,,,,,18200,,Premier tour,variante_4,Yannick Jadot,4.0
,Ipsos du 8 au 13 (WP),http://www.ipsos.fr/sites/default/files/doc_associe/rapport_cevipof_-_eef2017_vague_8_novembre_2016_ipsos_le_monde.pdf,Ipsos,,,,,18200,,Premier tour,variante_4,Manuel Valls,12.0
,Ipsos du 8 au 13 (WP),http://www.ipsos.fr/sites/default/files/doc_associe/rapport_cevipof_-_eef2017_vague_8_novembre_2016_ipsos_le_monde.pdf,Ipsos,,,,,18200,,Premier tour,variante_4,Alain Juppé,34.0
,Ipsos du 8 au 13 (WP),http://www.ipsos.fr/sites/default/files/doc_associe/rapport_cevipof_-_eef2017_vague_8_novembre_2016_ipsos_le_monde.pdf,Ipsos,,,,,18200,,Premier tour,variante_4,Nicolas Dupont-Aignan,4.0
,Ipsos du 8 au 13 (WP),http://www.ipsos.fr/sites/default/files/doc_associe/rapport_cevipof_-_eef2017_vague_8_novembre_2016_ipsos_le_monde.pdf,Ipsos,,,,,18200,,Premier tour,variante_4,Marine Le Pen,29.0
,Ipsos du 8 au 13 (WP),http://www.ipsos.fr/sites/default/files/doc_associe/rapport_cevipof_-_eef2017_vague_8_novembre_2016_ipsos_le_monde.pdf,Ipsos,,,,,18200,,Premier tour,variante_5,Nathalie Arthaud,1.5
,Ipsos du 8 au 13 (WP),http://www.ipsos.fr/sites/default/files/doc_associe/rapport_cevipof_-_eef2017_vague_8_novembre_2016_ipsos_le_monde.pdf,Ipsos,,,,,18200,,Premier tour,variante_5,Philippe Poutou,1.5
,Ipsos du 8 au 13 (WP),http://www.ipsos.fr/sites/default/files/doc_associe/rapport_cevipof_-_eef2017_vague_8_novembre_2016_ipsos_le_monde.pdf,Ipsos,,,,,18200,,Premier tour,variante_5,Jean-Luc Mélenchon,13.0
,Ipsos du 8 au 13 (WP),http://www.ipsos.fr/sites/default/files/doc_associe/rapport_cevipof_-_eef2017_vague_8_novembre_2016_ipsos_le_monde.pdf,Ipsos,,,,,18200,,Premier tour,variante_5,Yannick Jadot,3.0
,Ipsos du 8 au 13 (WP),http://www.ipsos.fr/sites/default/files/doc_associe/rapport_cevipof_-_eef2017_vague_8_novembre_2016_ipsos_le_monde.pdf,Ipsos,,,,,18200,,Premier tour,variante_5,François Hollande,9.0
,Ipsos du 8 au 13 (WP),http://www.ipsos.fr/sites/default/files/doc_associe/rapport_cevipof_-_eef2017_vague_8_novembre_2016_ipsos_le_monde.pdf,Ipsos,,,,,18200,,Premier tour,variante_5,Emmanuel Macron,10.0
,Ipsos du 8 au 13 (WP),http://www.ipsos.fr/sites/default/files/doc_associe/rapport_cevipof_-_eef2017_vague_8_novembre_2016_ipsos_le_monde.pdf,Ipsos,,,,,18200,,Premier tour,variante_5,Alain Juppé,31.0
,Ipsos du 8 au 13 (WP),http://www.ipsos.fr/sites/default/files/doc_associe/rapport_cevipof_-_eef2017_vague_8_novembre_2016_ipsos_le_monde.pdf,Ipsos,,,,,18200,,Premier tour,variante_5,Nicolas Dupont-Aignan,4.0
,Ipsos du 8 au 13 (WP),http://www.ipsos.fr/sites/default/files/doc_associe/rapport_cevipof_-_eef2017_vague_8_novembre_2016_ipsos_le_monde.pdf,Ipsos,,,,,18200,,Premier tour,variante_5,Marine Le Pen,27.0
,TNS Sofres du 21 au 23 (WP),http://www.youscribe.com/catalogue/tous/sondage-intentions-de-vote-des-francais-a-l-election-presidentielle-2766442,TNS Sofres,,,,,1005,,Premier tour,variante_1,Nathalie Arthaud,0.5
,TNS Sofres du 21 au 23 (WP),http://www.youscribe.com/catalogue/tous/sondage-intentions-de-vote-des-francais-a-l-election-presidentielle-2766442,TNS Sofres,,,,,1005,,Premier tour,variante_1,Philippe Poutou,2.0
,TNS Sofres du 21 au 23 (WP),http://www.youscribe.com/catalogue/tous/sondage-intentions-de-vote-des-francais-a-l-election-presidentielle-2766442,TNS Sofres,,,,,1005,,Premier tour,variante_1,Jean-Luc Mélenchon,13.0
,TNS Sofres du 21 au 23 (WP),http://www.youscribe.com/catalogue/tous/sondage-intentions-de-vote-des-francais-a-l-election-presidentielle-2766442,TNS Sofres,,,,,1005,,Premier tour,variante_1,Yannick Jadot,1.5
,TNS Sofres du 21 au 23 (WP),http://www.youscribe.com/catalogue/tous/sondage-intentions-de-vote-des-francais-a-l-election-presidentielle-2766442,TNS Sofres,,,,,1005,,Premier tour,variante_1,François Hollande,9.0
,TNS Sofres du 21 au 23 (WP),http://www.youscribe.com/catalogue/tous/sondage-intentions-de-vote-des-francais-a-l-election-presidentielle-2766442,TNS Sofres,,,,,1005,,Premier tour,variante_1,Emmanuel Macron,14.0
,TNS Sofres du 21 au 23 (WP),http://www.youscribe.com/catalogue/tous/sondage-intentions-de-vote-des-francais-a-l-election-presidentielle-2766442,TNS Sofres,,,,,1005,,Premier tour,variante_1,Alain Juppé,28.0
,TNS Sofres du 21 au 23 (WP),http://www.youscribe.com/catalogue/tous/sondage-intentions-de-vote-des-francais-a-l-election-presidentielle-2766442,TNS Sofres,,,,,1005,,Premier tour,variante_1,Nicolas Dupont-Aignan,4.0
,TNS Sofres du 21 au 23 (WP),http://www.youscribe.com/catalogue/tous/sondage-intentions-de-vote-des-francais-a-l-election-presidentielle-2766442,TNS Sofres,,,,,1005,,Premier tour,variante_1,Marine Le Pen,28.0
,TNS Sofres du 21 au 23 (WP),http://www.youscribe.com/catalogue/tous/sondage-intentions-de-vote-des-francais-a-l-election-presidentielle-2766442,TNS Sofres,,,,,1005,,Premier tour,variante_2,Nathalie Arthaud,0.5
,TNS Sofres du 21 au 23 (WP),http://www.youscribe.com/catalogue/tous/sondage-intentions-de-vote-des-francais-a-l-election-presidentielle-2766442,TNS Sofres,,,,,1005,,Premier tour,variante_2,Philippe Poutou,1.5
,TNS Sofres du 21 au 23 (WP),http://www.youscribe.com/catalogue/tous/sondage-intentions-de-vote-des-francais-a-l-election-presidentielle-2766442,TNS Sofres,,,,,1005,,Premier tour,variante_2,Jean-Luc Mélenchon,13.5
,TNS Sofres du 21 au 23 (WP),http://www.youscribe.com/catalogue/tous/sondage-intentions-de-vote-des-francais-a-l-election-presidentielle-2766442,TNS Sofres,,,,,1005,,Premier tour,variante_2,Yannick Jadot,1.5
,TNS Sofres du 21 au 23 (WP),http://www.youscribe.com/catalogue/tous/sondage-intentions-de-vote-des-francais-a-l-election-presidentielle-2766442,TNS Sofres,,,,,1005,,Premier tour,variante_2,François Hollande,10.0
,TNS Sofres du 21 au 23 (WP),http://www.youscribe.com/catalogue/tous/sondage-intentions-de-vote-des-francais-a-l-election-presidentielle-2766442,TNS Sofres,,,,,1005,,Premier tour,variante_2,Emmanuel Macron,15.0
,TNS Sofres du 21 au 23 (WP),http://www.youscribe.com/catalogue/tous/sondage-intentions-de-vote-des-francais-a-l-election-presidentielle-2766442,TNS Sofres,,,,,1005,,Premier tour,variante_2,François Bayrou,8.0
,TNS Sofres du 21 au 23 (WP),http://www.youscribe.com/catalogue/tous/sondage-intentions-de-vote-des-francais-a-l-election-presidentielle-2766442,TNS Sofres,,,,,1005,,Premier tour,variante_2,Nicolas Sarkozy,20.0
,TNS Sofres du 21 au 23 (WP),http://www.youscribe.com/catalogue/tous/sondage-intentions-de-vote-des-francais-a-l-election-presidentielle-2766442,TNS Sofres,,,,,1005,,Premier tour,variante_2,Nicolas Dupont-Aignan,4.0
,TNS Sofres du 21 au 23 (WP),http://www.youscribe.com/catalogue/tous/sondage-intentions-de-vote-des-francais-a-l-election-presidentielle-2766442,TNS Sofres,,,,,1005,,Premier tour,variante_2,Marine Le Pen,26.0
,TNS Sofres du 21 au 23 (WP),http://www.youscribe.com/catalogue/tous/sondage-intentions-de-vote-des-francais-a-l-election-presidentielle-2766442,TNS Sofres,,,,,1005,,Premier tour,variante_3,Jacques Cheminade,0.5
,TNS Sofres du 21 au 23 (WP),http://www.youscribe.com/catalogue/tous/sondage-intentions-de-vote-des-francais-a-l-election-presidentielle-2766442,TNS Sofres,,,,,1005,,Premier tour,variante_3,Nathalie Arthaud,1.0
,TNS Sofres du 21 au 23 (WP),http://www.youscribe.com/catalogue/tous/sondage-intentions-de-vote-des-francais-a-l-election-presidentielle-2766442,TNS Sofres,,,,,1005,,Premier tour,variante_3,Philippe Poutou,2.0
,TNS Sofres du 21 au 23 (WP),http://www.youscribe.com/catalogue/tous/sondage-intentions-de-vote-des-francais-a-l-election-presidentielle-2766442,TNS Sofres,,,,,1005,,Premier tour,variante_3,Jean-Luc Mélenchon,14.5
,TNS Sofres du 21 au 23 (WP),http://www.youscribe.com/catalogue/tous/sondage-intentions-de-vote-des-francais-a-l-election-presidentielle-2766442,TNS Sofres,,,,,1005,,Premier tour,variante_3,Yannick Jadot,2.0
,TNS Sofres du 21 au 23 (WP),http://www.youscribe.com/catalogue/tous/sondage-intentions-de-vote-des-francais-a-l-election-presidentielle-2766442,TNS Sofres,,,,,1005,,Premier tour,variante_3,François Hollande,12.0
,TNS Sofres du 21 au 23 (WP),http://www.youscribe.com/catalogue/tous/sondage-intentions-de-vote-des-francais-a-l-election-presidentielle-2766442,TNS Sofres,,,,,1005,,Premier tour,variante_3,Alain Juppé,34.0
,TNS Sofres du 21 au 23 (WP),http://www.youscribe.com/catalogue/tous/sondage-intentions-de-vote-des-francais-a-l-election-presidentielle-2766442,TNS Sofres,,,,,1005,,Premier tour,variante_3,Nicolas Dupont-Aignan,5.0
,TNS Sofres du 21 au 23 (WP),http://www.youscribe.com/catalogue/tous/sondage-intentions-de-vote-des-francais-a-l-election-presidentielle-2766442,TNS Sofres,,,,,1005,,Premier tour,variante_3,Marine Le Pen,29.0
,TNS Sofres du 21 au 23 (WP),http://www.youscribe.com/catalogue/tous/sondage-intentions-de-vote-des-francais-a-l-election-presidentielle-2766442,TNS Sofres,,,,,1005,,Premier tour,variante_4,Jacques Cheminade,0.5
,TNS Sofres du 21 au 23 (WP),http://www.youscribe.com/catalogue/tous/sondage-intentions-de-vote-des-francais-a-l-election-presidentielle-2766442,TNS Sofres,,,,,1005,,Premier tour,variante_4,Nathalie Arthaud,1.5
,TNS Sofres du 21 au 23 (WP),http://www.youscribe.com/catalogue/tous/sondage-intentions-de-vote-des-francais-a-l-election-presidentielle-2766442,TNS Sofres,,,,,1005,,Premier tour,variante_4,Philippe Poutou,1.5
,TNS Sofres du 21 au 23 (WP),http://www.youscribe.com/catalogue/tous/sondage-intentions-de-vote-des-francais-a-l-election-presidentielle-2766442,TNS Sofres,,,,,1005,,Premier tour,variante_4,Jean-Luc Mélenchon,15.5
,TNS Sofres du 21 au 23 (WP),http://www.youscribe.com/catalogue/tous/sondage-intentions-de-vote-des-francais-a-l-election-presidentielle-2766442,TNS Sofres,,,,,1005,,Premier tour,variante_4,Yannick Jadot,2.0
,TNS Sofres du 21 au 23 (WP),http://www.youscribe.com/catalogue/tous/sondage-intentions-de-vote-des-francais-a-l-election-presidentielle-2766442,TNS Sofres,,,,,1005,,Premier tour,variante_4,François Hollande,13.0
,TNS Sofres du 21 au 23 (WP),http://www.youscribe.com/catalogue/tous/sondage-intentions-de-vote-des-francais-a-l-election-presidentielle-2766442,TNS Sofres,,,,,1005,,Premier tour,variante_4,François Bayrou,11.5
,TNS Sofres du 21 au 23 (WP),http://www.youscribe.com/catalogue/tous/sondage-intentions-de-vote-des-francais-a-l-election-presidentielle-2766442,TNS Sofres,,,,,1005,,Premier tour,variante_4,Nicolas Sarkozy,22.0
,TNS Sofres du 21 au 23 (WP),http://www.youscribe.com/catalogue/tous/sondage-intentions-de-vote-des-francais-a-l-election-presidentielle-2766442,TNS Sofres,,,,,1005,,Premier tour,variante_4,Nicolas Dupont-Aignan,4.5
,TNS Sofres du 21 au 23 (WP),http://www.youscribe.com/catalogue/tous/sondage-intentions-de-vote-des-francais-a-l-election-presidentielle-2766442,TNS Sofres,,,,,1005,,Premier tour,variante_4,Marine Le Pen,28.0
,TNS Sofres du 21 au 23 (WP),http://www.youscribe.com/catalogue/tous/sondage-intentions-de-vote-des-francais-a-l-election-presidentielle-2766442,TNS Sofres,,,,,1005,,Premier tour,variante_5,Jacques Cheminade,0.5
,TNS Sofres du 21 au 23 (WP),http://www.youscribe.com/catalogue/tous/sondage-intentions-de-vote-des-francais-a-l-election-presidentielle-2766442,TNS Sofres,,,,,1005,,Premier tour,variante_5,Nathalie Arthaud,1.5
,TNS Sofres du 21 au 23 (WP),http://www.youscribe.com/catalogue/tous/sondage-intentions-de-vote-des-francais-a-l-election-presidentielle-2766442,TNS Sofres,,,,,1005,,Premier tour,variante_5,Philippe Poutou,1.5
,TNS Sofres du 21 au 23 (WP),http://www.youscribe.com/catalogue/tous/sondage-intentions-de-vote-des-francais-a-l-election-presidentielle-2766442,TNS Sofres,,,,,1005,,Premier tour,variante_5,Jean-Luc Mélenchon,13.0
,TNS Sofres du 21 au 23 (WP),http://www.youscribe.com/catalogue/tous/sondage-intentions-de-vote-des-francais-a-l-election-presidentielle-2766442,TNS Sofres,,,,,1005,,Premier tour,variante_5,Yannick Jadot,1.5
,TNS Sofres du 21 au 23 (WP),http://www.youscribe.com/catalogue/tous/sondage-intentions-de-vote-des-francais-a-l-election-presidentielle-2766442,TNS Sofres,,,,,1005,,Premier tour,variante_5,Manuel Valls,9.0
,TNS Sofres du 21 au 23 (WP),http://www.youscribe.com/catalogue/tous/sondage-intentions-de-vote-des-francais-a-l-election-presidentielle-2766442,TNS Sofres,,,,,1005,,Premier tour,variante_5,Emmanuel Macron,14.0
,TNS Sofres du 21 au 23 (WP),http://www.youscribe.com/catalogue/tous/sondage-intentions-de-vote-des-francais-a-l-election-presidentielle-2766442,TNS Sofres,,,,,1005,,Premier tour,variante_5,Alain Juppé,28.0
,TNS Sofres du 21 au 23 (WP),http://www.youscribe.com/catalogue/tous/sondage-intentions-de-vote-des-francais-a-l-election-presidentielle-2766442,TNS Sofres,,,,,1005,,Premier tour,variante_5,Nicolas Dupont-Aignan,3.0
,TNS Sofres du 21 au 23 (WP),http://www.youscribe.com/catalogue/tous/sondage-intentions-de-vote-des-francais-a-l-election-presidentielle-2766442,TNS Sofres,,,,,1005,,Premier tour,variante_5,Marine Le Pen,28.0
,TNS Sofres du 21 au 23 (WP),http://www.youscribe.com/catalogue/tous/sondage-intentions-de-vote-des-francais-a-l-election-presidentielle-2766442,TNS Sofres,,,,,1005,,Premier tour,variante_6,Nathalie Arthaud,1.0
,TNS Sofres du 21 au 23 (WP),http://www.youscribe.com/catalogue/tous/sondage-intentions-de-vote-des-francais-a-l-election-presidentielle-2766442,TNS Sofres,,,,,1005,,Premier tour,variante_6,Philippe Poutou,2.0
,TNS Sofres du 21 au 23 (WP),http://www.youscribe.com/catalogue/tous/sondage-intentions-de-vote-des-francais-a-l-election-presidentielle-2766442,TNS Sofres,,,,,1005,,Premier tour,variante_6,Jean-Luc Mélenchon,14.0
,TNS Sofres du 21 au 23 (WP),http://www.youscribe.com/catalogue/tous/sondage-intentions-de-vote-des-francais-a-l-election-presidentielle-2766442,TNS Sofres,,,,,1005,,Premier tour,variante_6,Yannick Jadot,2.0
,TNS Sofres du 21 au 23 (WP),http://www.youscribe.com/catalogue/tous/sondage-intentions-de-vote-des-francais-a-l-election-presidentielle-2766442,TNS Sofres,,,,,1005,,Premier tour,variante_6,Manuel Valls,11.0
,TNS Sofres du 21 au 23 (WP),http://www.youscribe.com/catalogue/tous/sondage-intentions-de-vote-des-francais-a-l-election-presidentielle-2766442,TNS Sofres,,,,,1005,,Premier tour,variante_6,Emmanuel Macron,18.0
,TNS Sofres du 21 au 23 (WP),http://www.youscribe.com/catalogue/tous/sondage-intentions-de-vote-des-francais-a-l-election-presidentielle-2766442,TNS Sofres,,,,,1005,,Premier tour,variante_6,Nicolas Sarkozy,21.0
,TNS Sofres du 21 au 23 (WP),http://www.youscribe.com/catalogue/tous/sondage-intentions-de-vote-des-francais-a-l-election-presidentielle-2766442,TNS Sofres,,,,,1005,,Premier tour,variante_6,Nicolas Dupont-Aignan,4.0
,TNS Sofres du 21 au 23 (WP),http://www.youscribe.com/catalogue/tous/sondage-intentions-de-vote-des-francais-a-l-election-presidentielle-2766442,TNS Sofres,,,,,1005,,Premier tour,variante_6,Marine Le Pen,27.0
,TNS Sofres du 21 au 23 (WP),http://www.youscribe.com/catalogue/tous/sondage-intentions-de-vote-des-francais-a-l-election-presidentielle-2766442,TNS Sofres,,,,,1005,,Premier tour,variante_7,Jacques Cheminade,0.5
,TNS Sofres du 21 au 23 (WP),http://www.youscribe.com/catalogue/tous/sondage-intentions-de-vote-des-francais-a-l-election-presidentielle-2766442,TNS Sofres,,,,,1005,,Premier tour,variante_7,Nathalie Arthaud,1.5
,TNS Sofres du 21 au 23 (WP),http://www.youscribe.com/catalogue/tous/sondage-intentions-de-vote-des-francais-a-l-election-presidentielle-2766442,TNS Sofres,,,,,1005,,Premier tour,variante_7,Philippe Poutou,2.0
,TNS Sofres du 21 au 23 (WP),http://www.youscribe.com/catalogue/tous/sondage-intentions-de-vote-des-francais-a-l-election-presidentielle-2766442,TNS Sofres,,,,,1005,,Premier tour,variante_7,Jean-Luc Mélenchon,15.0
,TNS Sofres du 21 au 23 (WP),http://www.youscribe.com/catalogue/tous/sondage-intentions-de-vote-des-francais-a-l-election-presidentielle-2766442,TNS Sofres,,,,,1005,,Premier tour,variante_7,Yannick Jadot,2.0
,TNS Sofres du 21 au 23 (WP),http://www.youscribe.com/catalogue/tous/sondage-intentions-de-vote-des-francais-a-l-election-presidentielle-2766442,TNS Sofres,,,,,1005,,Premier tour,variante_7,Manuel Valls,13.0
,TNS Sofres du 21 au 23 (WP),http://www.youscribe.com/catalogue/tous/sondage-intentions-de-vote-des-francais-a-l-election-presidentielle-2766442,TNS Sofres,,,,,1005,,Premier tour,variante_7,Alain Juppé,33.0
,TNS Sofres du 21 au 23 (WP),http://www.youscribe.com/catalogue/tous/sondage-intentions-de-vote-des-francais-a-l-election-presidentielle-2766442,TNS Sofres,,,,,1005,,Premier tour,variante_7,Nicolas Dupont-Aignan,4.0
,TNS Sofres du 21 au 23 (WP),http://www.youscribe.com/catalogue/tous/sondage-intentions-de-vote-des-francais-a-l-election-presidentielle-2766442,TNS Sofres,,,,,1005,,Premier tour,variante_7,Marine Le Pen,29.0
,BVA du 14 au 19 (WP),http://www.bva.fr/data/sondage/sondage_fiche/1913/fichier_intentions_de_vote_-_vague_6_-_pop2017_-_octobre_20169c21a.pdf,BVA,,,,,916,,Premier tour,variante_1,Nathalie Arthaud,1.0
,BVA du 14 au 19 (WP),http://www.bva.fr/data/sondage/sondage_fiche/1913/fichier_intentions_de_vote_-_vague_6_-_pop2017_-_octobre_20169c21a.pdf,BVA,,,,,916,,Premier tour,variante_1,Philippe Poutou,2.0
,BVA du 14 au 19 (WP),http://www.bva.fr/data/sondage/sondage_fiche/1913/fichier_intentions_de_vote_-_vague_6_-_pop2017_-_octobre_20169c21a.pdf,BVA,,,,,916,,Premier tour,variante_1,Jean-Luc Mélenchon,12.5
,BVA du 14 au 19 (WP),http://www.bva.fr/data/sondage/sondage_fiche/1913/fichier_intentions_de_vote_-_vague_6_-_pop2017_-_octobre_20169c21a.pdf,BVA,,,,,916,,Premier tour,variante_1,Cécile Duflot,2.5
,BVA du 14 au 19 (WP),http://www.bva.fr/data/sondage/sondage_fiche/1913/fichier_intentions_de_vote_-_vague_6_-_pop2017_-_octobre_20169c21a.pdf,BVA,,,,,916,,Premier tour,variante_1,François Hollande,11.0
,BVA du 14 au 19 (WP),http://www.bva.fr/data/sondage/sondage_fiche/1913/fichier_intentions_de_vote_-_vague_6_-_pop2017_-_octobre_20169c21a.pdf,BVA,,,,,916,,Premier tour,variante_1,Alain Juppé,37.0
,BVA du 14 au 19 (WP),http://www.bva.fr/data/sondage/sondage_fiche/1913/fichier_intentions_de_vote_-_vague_6_-_pop2017_-_octobre_20169c21a.pdf,BVA,,,,,916,,Premier tour,variante_1,Nicolas Dupont-Aignan,5.0
,BVA du 14 au 19 (WP),http://www.bva.fr/data/sondage/sondage_fiche/1913/fichier_intentions_de_vote_-_vague_6_-_pop2017_-_octobre_20169c21a.pdf,BVA,,,,,916,,Premier tour,variante_1,Marine Le Pen,29.0
,BVA du 14 au 19 (WP),http://www.bva.fr/data/sondage/sondage_fiche/1913/fichier_intentions_de_vote_-_vague_6_-_pop2017_-_octobre_20169c21a.pdf,BVA,,,,,916,,Premier tour,variante_2,Nathalie Arthaud,1.0
,BVA du 14 au 19 (WP),http://www.bva.fr/data/sondage/sondage_fiche/1913/fichier_intentions_de_vote_-_vague_6_-_pop2017_-_octobre_20169c21a.pdf,BVA,,,,,916,,Premier tour,variante_2,Philippe Poutou,1.5
,BVA du 14 au 19 (WP),http://www.bva.fr/data/sondage/sondage_fiche/1913/fichier_intentions_de_vote_-_vague_6_-_pop2017_-_octobre_20169c21a.pdf,BVA,,,,,916,,Premier tour,variante_2,Jean-Luc Mélenchon,14.0
,BVA du 14 au 19 (WP),http://www.bva.fr/data/sondage/sondage_fiche/1913/fichier_intentions_de_vote_-_vague_6_-_pop2017_-_octobre_20169c21a.pdf,BVA,,,,,916,,Premier tour,variante_2,Cécile Duflot,3.0
,BVA du 14 au 19 (WP),http://www.bva.fr/data/sondage/sondage_fiche/1913/fichier_intentions_de_vote_-_vague_6_-_pop2017_-_octobre_20169c21a.pdf,BVA,,,,,916,,Premier tour,variante_2,François Hollande,13.0
,BVA du 14 au 19 (WP),http://www.bva.fr/data/sondage/sondage_fiche/1913/fichier_intentions_de_vote_-_vague_6_-_pop2017_-_octobre_20169c21a.pdf,BVA,,,,,916,,Premier tour,variante_2,François Bayrou,14.0
,BVA du 14 au 19 (WP),http://www.bva.fr/data/sondage/sondage_fiche/1913/fichier_intentions_de_vote_-_vague_6_-_pop2017_-_octobre_20169c21a.pdf,BVA,,,,,916,,Premier tour,variante_2,Nicolas Sarkozy,22.0
,BVA du 14 au 19 (WP),http://www.bva.fr/data/sondage/sondage_fiche/1913/fichier_intentions_de_vote_-_vague_6_-_pop2017_-_octobre_20169c21a.pdf,BVA,,,,,916,,Premier tour,variante_2,Nicolas Dupont-Aignan,4.0
,BVA du 14 au 19 (WP),http://www.bva.fr/data/sondage/sondage_fiche/1913/fichier_intentions_de_vote_-_vague_6_-_pop2017_-_octobre_20169c21a.pdf,BVA,,,,,916,,Premier tour,variante_2,Marine Le Pen,27.5
,BVA du 14 au 19 (WP),http://www.bva.fr/data/sondage/sondage_fiche/1913/fichier_intentions_de_vote_-_vague_6_-_pop2017_-_octobre_20169c21a.pdf,BVA,,,,,916,,Premier tour,variante_3,Nathalie Arthaud,1.0
,BVA du 14 au 19 (WP),http://www.bva.fr/data/sondage/sondage_fiche/1913/fichier_intentions_de_vote_-_vague_6_-_pop2017_-_octobre_20169c21a.pdf,BVA,,,,,916,,Premier tour,variante_3,Philippe Poutou,2.0
,BVA du 14 au 19 (WP),http://www.bva.fr/data/sondage/sondage_fiche/1913/fichier_intentions_de_vote_-_vague_6_-_pop2017_-_octobre_20169c21a.pdf,BVA,,,,,916,,Premier tour,variante_3,Jean-Luc Mélenchon,12.0
,BVA du 14 au 19 (WP),http://www.bva.fr/data/sondage/sondage_fiche/1913/fichier_intentions_de_vote_-_vague_6_-_pop2017_-_octobre_20169c21a.pdf,BVA,,,,,916,,Premier tour,variante_3,Cécile Duflot,2.0
,BVA du 14 au 19 (WP),http://www.bva.fr/data/sondage/sondage_fiche/1913/fichier_intentions_de_vote_-_vague_6_-_pop2017_-_octobre_20169c21a.pdf,BVA,,,,,916,,Premier tour,variante_3,François Hollande,9.0
,BVA du 14 au 19 (WP),http://www.bva.fr/data/sondage/sondage_fiche/1913/fichier_intentions_de_vote_-_vague_6_-_pop2017_-_octobre_20169c21a.pdf,BVA,,,,,916,,Premier tour,variante_3,Emmanuel Macron,11.0
,BVA du 14 au 19 (WP),http://www.bva.fr/data/sondage/sondage_fiche/1913/fichier_intentions_de_vote_-_vague_6_-_pop2017_-_octobre_20169c21a.pdf,BVA,,,,,916,,Premier tour,variante_3,Alain Juppé,33.0
,BVA du 14 au 19 (WP),http://www.bva.fr/data/sondage/sondage_fiche/1913/fichier_intentions_de_vote_-_vague_6_-_pop2017_-_octobre_20169c21a.pdf,BVA,,,,,916,,Premier tour,variante_3,Nicolas Dupont-Aignan,4.0
,BVA du 14 au 19 (WP),http://www.bva.fr/data/sondage/sondage_fiche/1913/fichier_intentions_de_vote_-_vague_6_-_pop2017_-_octobre_20169c21a.pdf,BVA,,,,,916,,Premier tour,variante_3,Marine Le Pen,26.0
,BVA du 14 au 19 (WP),http://www.bva.fr/data/sondage/sondage_fiche/1913/fichier_intentions_de_vote_-_vague_6_-_pop2017_-_octobre_20169c21a.pdf,BVA,,,,,916,,Premier tour,variante_4,Nathalie Arthaud,1.0
,BVA du 14 au 19 (WP),http://www.bva.fr/data/sondage/sondage_fiche/1913/fichier_intentions_de_vote_-_vague_6_-_pop2017_-_octobre_20169c21a.pdf,BVA,,,,,916,,Premier tour,variante_4,Philippe Poutou,2.0
,BVA du 14 au 19 (WP),http://www.bva.fr/data/sondage/sondage_fiche/1913/fichier_intentions_de_vote_-_vague_6_-_pop2017_-_octobre_20169c21a.pdf,BVA,,,,,916,,Premier tour,variante_4,Jean-Luc Mélenchon,12.0
,BVA du 14 au 19 (WP),http://www.bva.fr/data/sondage/sondage_fiche/1913/fichier_intentions_de_vote_-_vague_6_-_pop2017_-_octobre_20169c21a.pdf,BVA,,,,,916,,Premier tour,variante_4,Cécile Duflot,2.5
,BVA du 14 au 19 (WP),http://www.bva.fr/data/sondage/sondage_fiche/1913/fichier_intentions_de_vote_-_vague_6_-_pop2017_-_octobre_20169c21a.pdf,BVA,,,,,916,,Premier tour,variante_4,François Hollande,9.5
,BVA du 14 au 19 (WP),http://www.bva.fr/data/sondage/sondage_fiche/1913/fichier_intentions_de_vote_-_vague_6_-_pop2017_-_octobre_20169c21a.pdf,BVA,,,,,916,,Premier tour,variante_4,Emmanuel Macron,14.0
,BVA du 14 au 19 (WP),http://www.bva.fr/data/sondage/sondage_fiche/1913/fichier_intentions_de_vote_-_vague_6_-_pop2017_-_octobre_20169c21a.pdf,BVA,,,,,916,,Premier tour,variante_4,François Bayrou,10.0
,BVA du 14 au 19 (WP),http://www.bva.fr/data/sondage/sondage_fiche/1913/fichier_intentions_de_vote_-_vague_6_-_pop2017_-_octobre_20169c21a.pdf,BVA,,,,,916,,Premier tour,variante_4,Nicolas Sarkozy,20.0
,BVA du 14 au 19 (WP),http://www.bva.fr/data/sondage/sondage_fiche/1913/fichier_intentions_de_vote_-_vague_6_-_pop2017_-_octobre_20169c21a.pdf,BVA,,,,,916,,Premier tour,variante_4,Nicolas Dupont-Aignan,4.0
,BVA du 14 au 19 (WP),http://www.bva.fr/data/sondage/sondage_fiche/1913/fichier_intentions_de_vote_-_vague_6_-_pop2017_-_octobre_20169c21a.pdf,BVA,,,,,916,,Premier tour,variante_4,Marine Le Pen,25.0
,BVA du 14 au 19 (WP),http://www.bva.fr/data/sondage/sondage_fiche/1913/fichier_intentions_de_vote_-_vague_6_-_pop2017_-_octobre_20169c21a.pdf,BVA,,,,,916,,Premier tour,variante_5,Nathalie Arthaud,1.0
,BVA du 14 au 19 (WP),http://www.bva.fr/data/sondage/sondage_fiche/1913/fichier_intentions_de_vote_-_vague_6_-_pop2017_-_octobre_20169c21a.pdf,BVA,,,,,916,,Premier tour,variante_5,Philippe Poutou,2.0
,BVA du 14 au 19 (WP),http://www.bva.fr/data/sondage/sondage_fiche/1913/fichier_intentions_de_vote_-_vague_6_-_pop2017_-_octobre_20169c21a.pdf,BVA,,,,,916,,Premier tour,variante_5,Jean-Luc Mélenchon,13.0
,BVA du 14 au 19 (WP),http://www.bva.fr/data/sondage/sondage_fiche/1913/fichier_intentions_de_vote_-_vague_6_-_pop2017_-_octobre_20169c21a.pdf,BVA,,,,,916,,Premier tour,variante_5,Cécile Duflot,2.0
,BVA du 14 au 19 (WP),http://www.bva.fr/data/sondage/sondage_fiche/1913/fichier_intentions_de_vote_-_vague_6_-_pop2017_-_octobre_20169c21a.pdf,BVA,,,,,916,,Premier tour,variante_5,Arnaud Montebourg,9.0
,BVA du 14 au 19 (WP),http://www.bva.fr/data/sondage/sondage_fiche/1913/fichier_intentions_de_vote_-_vague_6_-_pop2017_-_octobre_20169c21a.pdf,BVA,,,,,916,,Premier tour,variante_5,Alain Juppé,39.0
,BVA du 14 au 19 (WP),http://www.bva.fr/data/sondage/sondage_fiche/1913/fichier_intentions_de_vote_-_vague_6_-_pop2017_-_octobre_20169c21a.pdf,BVA,,,,,916,,Premier tour,variante_5,Nicolas Dupont-Aignan,5.0
,BVA du 14 au 19 (WP),http://www.bva.fr/data/sondage/sondage_fiche/1913/fichier_intentions_de_vote_-_vague_6_-_pop2017_-_octobre_20169c21a.pdf,BVA,,,,,916,,Premier tour,variante_5,Marine Le Pen,29.0
,BVA du 14 au 19 (WP),http://www.bva.fr/data/sondage/sondage_fiche/1913/fichier_intentions_de_vote_-_vague_6_-_pop2017_-_octobre_20169c21a.pdf,BVA,,,,,916,,Premier tour,variante_6,Nathalie Arthaud,1.0
,BVA du 14 au 19 (WP),http://www.bva.fr/data/sondage/sondage_fiche/1913/fichier_intentions_de_vote_-_vague_6_-_pop2017_-_octobre_20169c21a.pdf,BVA,,,,,916,,Premier tour,variante_6,Philippe Poutou,1.0
,BVA du 14 au 19 (WP),http://www.bva.fr/data/sondage/sondage_fiche/1913/fichier_intentions_de_vote_-_vague_6_-_pop2017_-_octobre_20169c21a.pdf,BVA,,,,,916,,Premier tour,variante_6,Jean-Luc Mélenchon,15.0
,BVA du 14 au 19 (WP),http://www.bva.fr/data/sondage/sondage_fiche/1913/fichier_intentions_de_vote_-_vague_6_-_pop2017_-_octobre_20169c21a.pdf,BVA,,,,,916,,Premier tour,variante_6,Cécile Duflot,3.0
,BVA du 14 au 19 (WP),http://www.bva.fr/data/sondage/sondage_fiche/1913/fichier_intentions_de_vote_-_vague_6_-_pop2017_-_octobre_20169c21a.pdf,BVA,,,,,916,,Premier tour,variante_6,Arnaud Montebourg,10.0
,BVA du 14 au 19 (WP),http://www.bva.fr/data/sondage/sondage_fiche/1913/fichier_intentions_de_vote_-_vague_6_-_pop2017_-_octobre_20169c21a.pdf,BVA,,,,,916,,Premier tour,variante_6,François Bayrou,15.0
,BVA du 14 au 19 (WP),http://www.bva.fr/data/sondage/sondage_fiche/1913/fichier_intentions_de_vote_-_vague_6_-_pop2017_-_octobre_20169c21a.pdf,BVA,,,,,916,,Premier tour,variante_6,Nicolas Sarkozy,22.0
,BVA du 14 au 19 (WP),http://www.bva.fr/data/sondage/sondage_fiche/1913/fichier_intentions_de_vote_-_vague_6_-_pop2017_-_octobre_20169c21a.pdf,BVA,,,,,916,,Premier tour,variante_6,Nicolas Dupont-Aignan,5.0
,BVA du 14 au 19 (WP),http://www.bva.fr/data/sondage/sondage_fiche/1913/fichier_intentions_de_vote_-_vague_6_-_pop2017_-_octobre_20169c21a.pdf,BVA,,,,,916,,Premier tour,variante_6,Marine Le Pen,28.0
,Ipsos du 9 au 18 (WP),http://www.youscribe.com/catalogue/tous/actualite-et-debat-de-societe/politique/l-action-du-president-de-la-republique-l-election-presidentielle-la-2760685,Ipsos,,,,,18659,,Premier tour,variante_1,Jacques Cheminade,0.0
,Ipsos du 9 au 18 (WP),http://www.youscribe.com/catalogue/tous/actualite-et-debat-de-societe/politique/l-action-du-president-de-la-republique-l-election-presidentielle-la-2760685,Ipsos,,,,,18659,,Premier tour,variante_1,Nathalie Arthaud,1.5
,Ipsos du 9 au 18 (WP),http://www.youscribe.com/catalogue/tous/actualite-et-debat-de-societe/politique/l-action-du-president-de-la-republique-l-election-presidentielle-la-2760685,Ipsos,,,,,18659,,Premier tour,variante_1,Philippe Poutou,1.5
,Ipsos du 9 au 18 (WP),http://www.youscribe.com/catalogue/tous/actualite-et-debat-de-societe/politique/l-action-du-president-de-la-republique-l-election-presidentielle-la-2760685,Ipsos,,,,,18659,,Premier tour,variante_1,Jean-Luc Mélenchon,13.0
,Ipsos du 9 au 18 (WP),http://www.youscribe.com/catalogue/tous/actualite-et-debat-de-societe/politique/l-action-du-president-de-la-republique-l-election-presidentielle-la-2760685,Ipsos,,,,,18659,,Premier tour,variante_1,Cécile Duflot,3.0
,Ipsos du 9 au 18 (WP),http://www.youscribe.com/catalogue/tous/actualite-et-debat-de-societe/politique/l-action-du-president-de-la-republique-l-election-presidentielle-la-2760685,Ipsos,,,,,18659,,Premier tour,variante_1,François Hollande,13.0
,Ipsos du 9 au 18 (WP),http://www.youscribe.com/catalogue/tous/actualite-et-debat-de-societe/politique/l-action-du-president-de-la-republique-l-election-presidentielle-la-2760685,Ipsos,,,,,18659,,Premier tour,variante_1,François Bayrou,12.0
,Ipsos du 9 au 18 (WP),http://www.youscribe.com/catalogue/tous/actualite-et-debat-de-societe/politique/l-action-du-president-de-la-republique-l-election-presidentielle-la-2760685,Ipsos,,,,,18659,,Premier tour,variante_1,Nicolas Sarkozy,22.0
,Ipsos du 9 au 18 (WP),http://www.youscribe.com/catalogue/tous/actualite-et-debat-de-societe/politique/l-action-du-president-de-la-republique-l-election-presidentielle-la-2760685,Ipsos,,,,,18659,,Premier tour,variante_1,Nicolas Dupont-Aignan,5.0
,Ipsos du 9 au 18 (WP),http://www.youscribe.com/catalogue/tous/actualite-et-debat-de-societe/politique/l-action-du-president-de-la-republique-l-election-presidentielle-la-2760685,Ipsos,,,,,18659,,Premier tour,variante_1,Marine Le Pen,29.0
,Ipsos du 9 au 18 (WP),http://www.youscribe.com/catalogue/tous/actualite-et-debat-de-societe/politique/l-action-du-president-de-la-republique-l-election-presidentielle-la-2760685,Ipsos,,,,,18659,,Premier tour,variante_2,Jacques Cheminade,0.0
,Ipsos du 9 au 18 (WP),http://www.youscribe.com/catalogue/tous/actualite-et-debat-de-societe/politique/l-action-du-president-de-la-republique-l-election-presidentielle-la-2760685,Ipsos,,,,,18659,,Premier tour,variante_2,Nathalie Arthaud,1.5
,Ipsos du 9 au 18 (WP),http://www.youscribe.com/catalogue/tous/actualite-et-debat-de-societe/politique/l-action-du-president-de-la-republique-l-election-presidentielle-la-2760685,Ipsos,,,,,18659,,Premier tour,variante_2,Philippe Poutou,1.5
,Ipsos du 9 au 18 (WP),http://www.youscribe.com/catalogue/tous/actualite-et-debat-de-societe/politique/l-action-du-president-de-la-republique-l-election-presidentielle-la-2760685,Ipsos,,,,,18659,,Premier tour,variante_2,Jean-Luc Mélenchon,12.5
,Ipsos du 9 au 18 (WP),http://www.youscribe.com/catalogue/tous/actualite-et-debat-de-societe/politique/l-action-du-president-de-la-republique-l-election-presidentielle-la-2760685,Ipsos,,,,,18659,,Premier tour,variante_2,Cécile Duflot,3.0
,Ipsos du 9 au 18 (WP),http://www.youscribe.com/catalogue/tous/actualite-et-debat-de-societe/politique/l-action-du-president-de-la-republique-l-election-presidentielle-la-2760685,Ipsos,,,,,18659,,Premier tour,variante_2,François Hollande,12.5
,Ipsos du 9 au 18 (WP),http://www.youscribe.com/catalogue/tous/actualite-et-debat-de-societe/politique/l-action-du-president-de-la-republique-l-election-presidentielle-la-2760685,Ipsos,,,,,18659,,Premier tour,variante_2,Alain Juppé,34.0
,Ipsos du 9 au 18 (WP),http://www.youscribe.com/catalogue/tous/actualite-et-debat-de-societe/politique/l-action-du-president-de-la-republique-l-election-presidentielle-la-2760685,Ipsos,,,,,18659,,Premier tour,variante_2,Nicolas Dupont-Aignan,5.0
,Ipsos du 9 au 18 (WP),http://www.youscribe.com/catalogue/tous/actualite-et-debat-de-societe/politique/l-action-du-president-de-la-republique-l-election-presidentielle-la-2760685,Ipsos,,,,,18659,,Premier tour,variante_2,Marine Le Pen,30.0
,Ipsos du 9 au 18 (WP),http://www.youscribe.com/catalogue/tous/actualite-et-debat-de-societe/politique/l-action-du-president-de-la-republique-l-election-presidentielle-la-2760685,Ipsos,,,,,18659,,Premier tour,variante_3,Jacques Cheminade,0.0
,Ipsos du 9 au 18 (WP),http://www.youscribe.com/catalogue/tous/actualite-et-debat-de-societe/politique/l-action-du-president-de-la-republique-l-election-presidentielle-la-2760685,Ipsos,,,,,18659,,Premier tour,variante_3,Nathalie Arthaud,1.5
,Ipsos du 9 au 18 (WP),http://www.youscribe.com/catalogue/tous/actualite-et-debat-de-societe/politique/l-action-du-president-de-la-republique-l-election-presidentielle-la-2760685,Ipsos,,,,,18659,,Premier tour,variante_3,Philippe Poutou,1.5
,Ipsos du 9 au 18 (WP),http://www.youscribe.com/catalogue/tous/actualite-et-debat-de-societe/politique/l-action-du-president-de-la-republique-l-election-presidentielle-la-2760685,Ipsos,,,,,18659,,Premier tour,variante_3,Jean-Luc Mélenchon,11.5
,Ipsos du 9 au 18 (WP),http://www.youscribe.com/catalogue/tous/actualite-et-debat-de-societe/politique/l-action-du-president-de-la-republique-l-election-presidentielle-la-2760685,Ipsos,,,,,18659,,Premier tour,variante_3,Cécile Duflot,2.5
,Ipsos du 9 au 18 (WP),http://www.youscribe.com/catalogue/tous/actualite-et-debat-de-societe/politique/l-action-du-president-de-la-republique-l-election-presidentielle-la-2760685,Ipsos,,,,,18659,,Premier tour,variante_3,François Hollande,10.0
,Ipsos du 9 au 18 (WP),http://www.youscribe.com/catalogue/tous/actualite-et-debat-de-societe/politique/l-action-du-president-de-la-republique-l-election-presidentielle-la-2760685,Ipsos,,,,,18659,,Premier tour,variante_3,Emmanuel Macron,14.0
,Ipsos du 9 au 18 (WP),http://www.youscribe.com/catalogue/tous/actualite-et-debat-de-societe/politique/l-action-du-president-de-la-republique-l-election-presidentielle-la-2760685,Ipsos,,,,,18659,,Premier tour,variante_3,François Bayrou,9.0
,Ipsos du 9 au 18 (WP),http://www.youscribe.com/catalogue/tous/actualite-et-debat-de-societe/politique/l-action-du-president-de-la-republique-l-election-presidentielle-la-2760685,Ipsos,,,,,18659,,Premier tour,variante_3,Nicolas Sarkozy,18.0
,Ipsos du 9 au 18 (WP),http://www.youscribe.com/catalogue/tous/actualite-et-debat-de-societe/politique/l-action-du-president-de-la-republique-l-election-presidentielle-la-2760685,Ipsos,,,,,18659,,Premier tour,variante_3,Nicolas Dupont-Aignan,5.0
,Ipsos du 9 au 18 (WP),http://www.youscribe.com/catalogue/tous/actualite-et-debat-de-societe/politique/l-action-du-president-de-la-republique-l-election-presidentielle-la-2760685,Ipsos,,,,,18659,,Premier tour,variante_3,Marine Le Pen,27.0
,Ipsos du 9 au 18 (WP),http://www.youscribe.com/catalogue/tous/actualite-et-debat-de-societe/politique/l-action-du-president-de-la-republique-l-election-presidentielle-la-2760685,Ipsos,,,,,18659,,Premier tour,variante_4,Jacques Cheminade,0.0
,Ipsos du 9 au 18 (WP),http://www.youscribe.com/catalogue/tous/actualite-et-debat-de-societe/politique/l-action-du-president-de-la-republique-l-election-presidentielle-la-2760685,Ipsos,,,,,18659,,Premier tour,variante_4,Nathalie Arthaud,1.5
,Ipsos du 9 au 18 (WP),http://www.youscribe.com/catalogue/tous/actualite-et-debat-de-societe/politique/l-action-du-president-de-la-republique-l-election-presidentielle-la-2760685,Ipsos,,,,,18659,,Premier tour,variante_4,Philippe Poutou,1.5
,Ipsos du 9 au 18 (WP),http://www.youscribe.com/catalogue/tous/actualite-et-debat-de-societe/politique/l-action-du-president-de-la-republique-l-election-presidentielle-la-2760685,Ipsos,,,,,18659,,Premier tour,variante_4,Jean-Luc Mélenchon,11.5
,Ipsos du 9 au 18 (WP),http://www.youscribe.com/catalogue/tous/actualite-et-debat-de-societe/politique/l-action-du-president-de-la-republique-l-election-presidentielle-la-2760685,Ipsos,,,,,18659,,Premier tour,variante_4,Cécile Duflot,2.5
,Ipsos du 9 au 18 (WP),http://www.youscribe.com/catalogue/tous/actualite-et-debat-de-societe/politique/l-action-du-president-de-la-republique-l-election-presidentielle-la-2760685,Ipsos,,,,,18659,,Premier tour,variante_4,François Hollande,10.0
,Ipsos du 9 au 18 (WP),http://www.youscribe.com/catalogue/tous/actualite-et-debat-de-societe/politique/l-action-du-president-de-la-republique-l-election-presidentielle-la-2760685,Ipsos,,,,,18659,,Premier tour,variante_4,Emmanuel Macron,12.0
,Ipsos du 9 au 18 (WP),http://www.youscribe.com/catalogue/tous/actualite-et-debat-de-societe/politique/l-action-du-president-de-la-republique-l-election-presidentielle-la-2760685,Ipsos,,,,,18659,,Premier tour,variante_4,Alain Juppé,28.0
,Ipsos du 9 au 18 (WP),http://www.youscribe.com/catalogue/tous/actualite-et-debat-de-societe/politique/l-action-du-president-de-la-republique-l-election-presidentielle-la-2760685,Ipsos,,,,,18659,,Premier tour,variante_4,Nicolas Dupont-Aignan,5.0
,Ipsos du 9 au 18 (WP),http://www.youscribe.com/catalogue/tous/actualite-et-debat-de-societe/politique/l-action-du-president-de-la-republique-l-election-presidentielle-la-2760685,Ipsos,,,,,18659,,Premier tour,variante_4,Marine Le Pen,28.0
,BVA du 9 au 11 (WP),http://www.bva.fr/data/sondage/sondage_fiche/1900/fichier_intentions_de_vote_-_vague_5_-_pop2017_-_septembre_20164d4a8.pdf,BVA,,,,,912,,Premier tour,variante_1,Nathalie Arthaud,1.0
,BVA du 9 au 11 (WP),http://www.bva.fr/data/sondage/sondage_fiche/1900/fichier_intentions_de_vote_-_vague_5_-_pop2017_-_septembre_20164d4a8.pdf,BVA,,,,,912,,Premier tour,variante_1,Philippe Poutou,1.0
,BVA du 9 au 11 (WP),http://www.bva.fr/data/sondage/sondage_fiche/1900/fichier_intentions_de_vote_-_vague_5_-_pop2017_-_septembre_20164d4a8.pdf,BVA,,,,,912,,Premier tour,variante_1,Jean-Luc Mélenchon,12.0
,BVA du 9 au 11 (WP),http://www.bva.fr/data/sondage/sondage_fiche/1900/fichier_intentions_de_vote_-_vague_5_-_pop2017_-_septembre_20164d4a8.pdf,BVA,,,,,912,,Premier tour,variante_1,Cécile Duflot,3.0
,BVA du 9 au 11 (WP),http://www.bva.fr/data/sondage/sondage_fiche/1900/fichier_intentions_de_vote_-_vague_5_-_pop2017_-_septembre_20164d4a8.pdf,BVA,,,,,912,,Premier tour,variante_1,François Hollande,11.0
,BVA du 9 au 11 (WP),http://www.bva.fr/data/sondage/sondage_fiche/1900/fichier_intentions_de_vote_-_vague_5_-_pop2017_-_septembre_20164d4a8.pdf,BVA,,,,,912,,Premier tour,variante_1,Alain Juppé,36.0
,BVA du 9 au 11 (WP),http://www.bva.fr/data/sondage/sondage_fiche/1900/fichier_intentions_de_vote_-_vague_5_-_pop2017_-_septembre_20164d4a8.pdf,BVA,,,,,912,,Premier tour,variante_1,Nicolas Dupont-Aignan,6.0
,BVA du 9 au 11 (WP),http://www.bva.fr/data/sondage/sondage_fiche/1900/fichier_intentions_de_vote_-_vague_5_-_pop2017_-_septembre_20164d4a8.pdf,BVA,,,,,912,,Premier tour,variante_1,Marine Le Pen,30.0
,BVA du 9 au 11 (WP),http://www.bva.fr/data/sondage/sondage_fiche/1900/fichier_intentions_de_vote_-_vague_5_-_pop2017_-_septembre_20164d4a8.pdf,BVA,,,,,912,,Premier tour,variante_2,Nathalie Arthaud,0.5
,BVA du 9 au 11 (WP),http://www.bva.fr/data/sondage/sondage_fiche/1900/fichier_intentions_de_vote_-_vague_5_-_pop2017_-_septembre_20164d4a8.pdf,BVA,,,,,912,,Premier tour,variante_2,Philippe Poutou,1.0
,BVA du 9 au 11 (WP),http://www.bva.fr/data/sondage/sondage_fiche/1900/fichier_intentions_de_vote_-_vague_5_-_pop2017_-_septembre_20164d4a8.pdf,BVA,,,,,912,,Premier tour,variante_2,Jean-Luc Mélenchon,12.5
,BVA du 9 au 11 (WP),http://www.bva.fr/data/sondage/sondage_fiche/1900/fichier_intentions_de_vote_-_vague_5_-_pop2017_-_septembre_20164d4a8.pdf,BVA,,,,,912,,Premier tour,variante_2,Cécile Duflot,3.5
,BVA du 9 au 11 (WP),http://www.bva.fr/data/sondage/sondage_fiche/1900/fichier_intentions_de_vote_-_vague_5_-_pop2017_-_septembre_20164d4a8.pdf,BVA,,,,,912,,Premier tour,variante_2,François Hollande,13.0
,BVA du 9 au 11 (WP),http://www.bva.fr/data/sondage/sondage_fiche/1900/fichier_intentions_de_vote_-_vague_5_-_pop2017_-_septembre_20164d4a8.pdf,BVA,,,,,912,,Premier tour,variante_2,François Bayrou,13.0
,BVA du 9 au 11 (WP),http://www.bva.fr/data/sondage/sondage_fiche/1900/fichier_intentions_de_vote_-_vague_5_-_pop2017_-_septembre_20164d4a8.pdf,BVA,,,,,912,,Premier tour,variante_2,Nicolas Sarkozy,22.0
,BVA du 9 au 11 (WP),http://www.bva.fr/data/sondage/sondage_fiche/1900/fichier_intentions_de_vote_-_vague_5_-_pop2017_-_septembre_20164d4a8.pdf,BVA,,,,,912,,Premier tour,variante_2,Nicolas Dupont-Aignan,5.0
,BVA du 9 au 11 (WP),http://www.bva.fr/data/sondage/sondage_fiche/1900/fichier_intentions_de_vote_-_vague_5_-_pop2017_-_septembre_20164d4a8.pdf,BVA,,,,,912,,Premier tour,variante_2,Marine Le Pen,29.5
,BVA du 9 au 11 (WP),http://www.bva.fr/data/sondage/sondage_fiche/1900/fichier_intentions_de_vote_-_vague_5_-_pop2017_-_septembre_20164d4a8.pdf,BVA,,,,,912,,Premier tour,variante_3,Nathalie Arthaud,1.0
,BVA du 9 au 11 (WP),http://www.bva.fr/data/sondage/sondage_fiche/1900/fichier_intentions_de_vote_-_vague_5_-_pop2017_-_septembre_20164d4a8.pdf,BVA,,,,,912,,Premier tour,variante_3,Philippe Poutou,1.0
,BVA du 9 au 11 (WP),http://www.bva.fr/data/sondage/sondage_fiche/1900/fichier_intentions_de_vote_-_vague_5_-_pop2017_-_septembre_20164d4a8.pdf,BVA,,,,,912,,Premier tour,variante_3,Jean-Luc Mélenchon,13.0
,BVA du 9 au 11 (WP),http://www.bva.fr/data/sondage/sondage_fiche/1900/fichier_intentions_de_vote_-_vague_5_-_pop2017_-_septembre_20164d4a8.pdf,BVA,,,,,912,,Premier tour,variante_3,Cécile Duflot,3.5
,BVA du 9 au 11 (WP),http://www.bva.fr/data/sondage/sondage_fiche/1900/fichier_intentions_de_vote_-_vague_5_-_pop2017_-_septembre_20164d4a8.pdf,BVA,,,,,912,,Premier tour,variante_3,François Hollande,14.0
,BVA du 9 au 11 (WP),http://www.bva.fr/data/sondage/sondage_fiche/1900/fichier_intentions_de_vote_-_vague_5_-_pop2017_-_septembre_20164d4a8.pdf,BVA,,,,,912,,Premier tour,variante_3,François Bayrou,12.5
,BVA du 9 au 11 (WP),http://www.bva.fr/data/sondage/sondage_fiche/1900/fichier_intentions_de_vote_-_vague_5_-_pop2017_-_septembre_20164d4a8.pdf,BVA,,,,,912,,Premier tour,variante_3,Bruno Le Maire,16.0
,BVA du 9 au 11 (WP),http://www.bva.fr/data/sondage/sondage_fiche/1900/fichier_intentions_de_vote_-_vague_5_-_pop2017_-_septembre_20164d4a8.pdf,BVA,,,,,912,,Premier tour,variante_3,Nicolas Dupont-Aignan,7.0
,BVA du 9 au 11 (WP),http://www.bva.fr/data/sondage/sondage_fiche/1900/fichier_intentions_de_vote_-_vague_5_-_pop2017_-_septembre_20164d4a8.pdf,BVA,,,,,912,,Premier tour,variante_3,Marine Le Pen,32.0
,BVA du 9 au 11 (WP),http://www.bva.fr/data/sondage/sondage_fiche/1900/fichier_intentions_de_vote_-_vague_5_-_pop2017_-_septembre_20164d4a8.pdf,BVA,,,,,912,,Premier tour,variante_4,Nathalie Arthaud,1.0
,BVA du 9 au 11 (WP),http://www.bva.fr/data/sondage/sondage_fiche/1900/fichier_intentions_de_vote_-_vague_5_-_pop2017_-_septembre_20164d4a8.pdf,BVA,,,,,912,,Premier tour,variante_4,Philippe Poutou,1.0
,BVA du 9 au 11 (WP),http://www.bva.fr/data/sondage/sondage_fiche/1900/fichier_intentions_de_vote_-_vague_5_-_pop2017_-_septembre_20164d4a8.pdf,BVA,,,,,912,,Premier tour,variante_4,Jean-Luc Mélenchon,13.0
,BVA du 9 au 11 (WP),http://www.bva.fr/data/sondage/sondage_fiche/1900/fichier_intentions_de_vote_-_vague_5_-_pop2017_-_septembre_20164d4a8.pdf,BVA,,,,,912,,Premier tour,variante_4,Cécile Duflot,3.0
,BVA du 9 au 11 (WP),http://www.bva.fr/data/sondage/sondage_fiche/1900/fichier_intentions_de_vote_-_vague_5_-_pop2017_-_septembre_20164d4a8.pdf,BVA,,,,,912,,Premier tour,variante_4,François Hollande,13.0
,BVA du 9 au 11 (WP),http://www.bva.fr/data/sondage/sondage_fiche/1900/fichier_intentions_de_vote_-_vague_5_-_pop2017_-_septembre_20164d4a8.pdf,BVA,,,,,912,,Premier tour,variante_4,François Bayrou,12.0
,BVA du 9 au 11 (WP),http://www.bva.fr/data/sondage/sondage_fiche/1900/fichier_intentions_de_vote_-_vague_5_-_pop2017_-_septembre_20164d4a8.pdf,BVA,,,,,912,,Premier tour,variante_4,François Fillon,18.5
,BVA du 9 au 11 (WP),http://www.bva.fr/data/sondage/sondage_fiche/1900/fichier_intentions_de_vote_-_vague_5_-_pop2017_-_septembre_20164d4a8.pdf,BVA,,,,,912,,Premier tour,variante_4,Nicolas Dupont-Aignan,5.5
,BVA du 9 au 11 (WP),http://www.bva.fr/data/sondage/sondage_fiche/1900/fichier_intentions_de_vote_-_vague_5_-_pop2017_-_septembre_20164d4a8.pdf,BVA,,,,,912,,Premier tour,variante_4,Marine Le Pen,33.0
,BVA du 9 au 11 (WP),http://www.bva.fr/data/sondage/sondage_fiche/1900/fichier_intentions_de_vote_-_vague_5_-_pop2017_-_septembre_20164d4a8.pdf,BVA,,,,,912,,Premier tour,variante_5,Nathalie Arthaud,1.0
,BVA du 9 au 11 (WP),http://www.bva.fr/data/sondage/sondage_fiche/1900/fichier_intentions_de_vote_-_vague_5_-_pop2017_-_septembre_20164d4a8.pdf,BVA,,,,,912,,Premier tour,variante_5,Philippe Poutou,0.5
,BVA du 9 au 11 (WP),http://www.bva.fr/data/sondage/sondage_fiche/1900/fichier_intentions_de_vote_-_vague_5_-_pop2017_-_septembre_20164d4a8.pdf,BVA,,,,,912,,Premier tour,variante_5,Jean-Luc Mélenchon,10.0
,BVA du 9 au 11 (WP),http://www.bva.fr/data/sondage/sondage_fiche/1900/fichier_intentions_de_vote_-_vague_5_-_pop2017_-_septembre_20164d4a8.pdf,BVA,,,,,912,,Premier tour,variante_5,Cécile Duflot,3.0
,BVA du 9 au 11 (WP),http://www.bva.fr/data/sondage/sondage_fiche/1900/fichier_intentions_de_vote_-_vague_5_-_pop2017_-_septembre_20164d4a8.pdf,BVA,,,,,912,,Premier tour,variante_5,François Hollande,9.0
,BVA du 9 au 11 (WP),http://www.bva.fr/data/sondage/sondage_fiche/1900/fichier_intentions_de_vote_-_vague_5_-_pop2017_-_septembre_20164d4a8.pdf,BVA,,,,,912,,Premier tour,variante_5,Emmanuel Macron,16.5
,BVA du 9 au 11 (WP),http://www.bva.fr/data/sondage/sondage_fiche/1900/fichier_intentions_de_vote_-_vague_5_-_pop2017_-_septembre_20164d4a8.pdf,BVA,,,,,912,,Premier tour,variante_5,Alain Juppé,26.0
,BVA du 9 au 11 (WP),http://www.bva.fr/data/sondage/sondage_fiche/1900/fichier_intentions_de_vote_-_vague_5_-_pop2017_-_septembre_20164d4a8.pdf,BVA,,,,,912,,Premier tour,variante_5,Nicolas Dupont-Aignan,6.0
,BVA du 9 au 11 (WP),http://www.bva.fr/data/sondage/sondage_fiche/1900/fichier_intentions_de_vote_-_vague_5_-_pop2017_-_septembre_20164d4a8.pdf,BVA,,,,,912,,Premier tour,variante_5,Marine Le Pen,28.0
,BVA du 9 au 11 (WP),http://www.bva.fr/data/sondage/sondage_fiche/1900/fichier_intentions_de_vote_-_vague_5_-_pop2017_-_septembre_20164d4a8.pdf,BVA,,,,,912,,Premier tour,variante_6,Nathalie Arthaud,1.0
,BVA du 9 au 11 (WP),http://www.bva.fr/data/sondage/sondage_fiche/1900/fichier_intentions_de_vote_-_vague_5_-_pop2017_-_septembre_20164d4a8.pdf,BVA,,,,,912,,Premier tour,variante_6,Philippe Poutou,1.0
,BVA du 9 au 11 (WP),http://www.bva.fr/data/sondage/sondage_fiche/1900/fichier_intentions_de_vote_-_vague_5_-_pop2017_-_septembre_20164d4a8.pdf,BVA,,,,,912,,Premier tour,variante_6,Jean-Luc Mélenchon,11.0
,BVA du 9 au 11 (WP),http://www.bva.fr/data/sondage/sondage_fiche/1900/fichier_intentions_de_vote_-_vague_5_-_pop2017_-_septembre_20164d4a8.pdf,BVA,,,,,912,,Premier tour,variante_6,Cécile Duflot,3.0
,BVA du 9 au 11 (WP),http://www.bva.fr/data/sondage/sondage_fiche/1900/fichier_intentions_de_vote_-_vague_5_-_pop2017_-_septembre_20164d4a8.pdf,BVA,,,,,912,,Premier tour,variante_6,François Hollande,9.0
,BVA du 9 au 11 (WP),http://www.bva.fr/data/sondage/sondage_fiche/1900/fichier_intentions_de_vote_-_vague_5_-_pop2017_-_septembre_20164d4a8.pdf,BVA,,,,,912,,Premier tour,variante_6,Emmanuel Macron,18.5
,BVA du 9 au 11 (WP),http://www.bva.fr/data/sondage/sondage_fiche/1900/fichier_intentions_de_vote_-_vague_5_-_pop2017_-_septembre_20164d4a8.pdf,BVA,,,,,912,,Premier tour,variante_6,François Bayrou,7.0
,BVA du 9 au 11 (WP),http://www.bva.fr/data/sondage/sondage_fiche/1900/fichier_intentions_de_vote_-_vague_5_-_pop2017_-_septembre_20164d4a8.pdf,BVA,,,,,912,,Premier tour,variante_6,Nicolas Sarkozy,19.0
,BVA du 9 au 11 (WP),http://www.bva.fr/data/sondage/sondage_fiche/1900/fichier_intentions_de_vote_-_vague_5_-_pop2017_-_septembre_20164d4a8.pdf,BVA,,,,,912,,Premier tour,variante_6,Nicolas Dupont-Aignan,5.0
,BVA du 9 au 11 (WP),http://www.bva.fr/data/sondage/sondage_fiche/1900/fichier_intentions_de_vote_-_vague_5_-_pop2017_-_septembre_20164d4a8.pdf,BVA,,,,,912,,Premier tour,variante_6,Marine Le Pen,25.5
,BVA du 9 au 11 (WP),http://www.bva.fr/data/sondage/sondage_fiche/1900/fichier_intentions_de_vote_-_vague_5_-_pop2017_-_septembre_20164d4a8.pdf,BVA,,,,,912,,Premier tour,variante_7,Nathalie Arthaud,0.5
,BVA du 9 au 11 (WP),http://www.bva.fr/data/sondage/sondage_fiche/1900/fichier_intentions_de_vote_-_vague_5_-_pop2017_-_septembre_20164d4a8.pdf,BVA,,,,,912,,Premier tour,variante_7,Philippe Poutou,1.5
,BVA du 9 au 11 (WP),http://www.bva.fr/data/sondage/sondage_fiche/1900/fichier_intentions_de_vote_-_vague_5_-_pop2017_-_septembre_20164d4a8.pdf,BVA,,,,,912,,Premier tour,variante_7,Jean-Luc Mélenchon,12.0
,BVA du 9 au 11 (WP),http://www.bva.fr/data/sondage/sondage_fiche/1900/fichier_intentions_de_vote_-_vague_5_-_pop2017_-_septembre_20164d4a8.pdf,BVA,,,,,912,,Premier tour,variante_7,Cécile Duflot,2.0
,BVA du 9 au 11 (WP),http://www.bva.fr/data/sondage/sondage_fiche/1900/fichier_intentions_de_vote_-_vague_5_-_pop2017_-_septembre_20164d4a8.pdf,BVA,,,,,912,,Premier tour,variante_7,Arnaud Montebourg,9.0
,BVA du 9 au 11 (WP),http://www.bva.fr/data/sondage/sondage_fiche/1900/fichier_intentions_de_vote_-_vague_5_-_pop2017_-_septembre_20164d4a8.pdf,BVA,,,,,912,,Premier tour,variante_7,Alain Juppé,38.0
,BVA du 9 au 11 (WP),http://www.bva.fr/data/sondage/sondage_fiche/1900/fichier_intentions_de_vote_-_vague_5_-_pop2017_-_septembre_20164d4a8.pdf,BVA,,,,,912,,Premier tour,variante_7,Nicolas Dupont-Aignan,7.0
,BVA du 9 au 11 (WP),http://www.bva.fr/data/sondage/sondage_fiche/1900/fichier_intentions_de_vote_-_vague_5_-_pop2017_-_septembre_20164d4a8.pdf,BVA,,,,,912,,Premier tour,variante_7,Marine Le Pen,30.0
,BVA du 9 au 11 (WP),http://www.bva.fr/data/sondage/sondage_fiche/1900/fichier_intentions_de_vote_-_vague_5_-_pop2017_-_septembre_20164d4a8.pdf,BVA,,,,,912,,Premier tour,variante_8,Nathalie Arthaud,1.0
,BVA du 9 au 11 (WP),http://www.bva.fr/data/sondage/sondage_fiche/1900/fichier_intentions_de_vote_-_vague_5_-_pop2017_-_septembre_20164d4a8.pdf,BVA,,,,,912,,Premier tour,variante_8,Philippe Poutou,0.5
,BVA du 9 au 11 (WP),http://www.bva.fr/data/sondage/sondage_fiche/1900/fichier_intentions_de_vote_-_vague_5_-_pop2017_-_septembre_20164d4a8.pdf,BVA,,,,,912,,Premier tour,variante_8,Jean-Luc Mélenchon,13.5
,BVA du 9 au 11 (WP),http://www.bva.fr/data/sondage/sondage_fiche/1900/fichier_intentions_de_vote_-_vague_5_-_pop2017_-_septembre_20164d4a8.pdf,BVA,,,,,912,,Premier tour,variante_8,Cécile Duflot,2.5
,BVA du 9 au 11 (WP),http://www.bva.fr/data/sondage/sondage_fiche/1900/fichier_intentions_de_vote_-_vague_5_-_pop2017_-_septembre_20164d4a8.pdf,BVA,,,,,912,,Premier tour,variante_8,Arnaud Montebourg,9.0
,BVA du 9 au 11 (WP),http://www.bva.fr/data/sondage/sondage_fiche/1900/fichier_intentions_de_vote_-_vague_5_-_pop2017_-_septembre_20164d4a8.pdf,BVA,,,,,912,,Premier tour,variante_8,François Bayrou,14.0
,BVA du 9 au 11 (WP),http://www.bva.fr/data/sondage/sondage_fiche/1900/fichier_intentions_de_vote_-_vague_5_-_pop2017_-_septembre_20164d4a8.pdf,BVA,,,,,912,,Premier tour,variante_8,Nicolas Sarkozy,24.0
,BVA du 9 au 11 (WP),http://www.bva.fr/data/sondage/sondage_fiche/1900/fichier_intentions_de_vote_-_vague_5_-_pop2017_-_septembre_20164d4a8.pdf,BVA,,,,,912,,Premier tour,variante_8,Nicolas Dupont-Aignan,6.5
,BVA du 9 au 11 (WP),http://www.bva.fr/data/sondage/sondage_fiche/1900/fichier_intentions_de_vote_-_vague_5_-_pop2017_-_septembre_20164d4a8.pdf,BVA,,,,,912,,Premier tour,variante_8,Marine Le Pen,29.0
,Ifop du 5 au 7 (WP),http://www.ifop.com/?option=com_publication&type=poll&id=3479,Ifop,,,,,1903,,Premier tour,variante_1,Jacques Cheminade,0.0
,Ifop du 5 au 7 (WP),http://www.ifop.com/?option=com_publication&type=poll&id=3479,Ifop,,,,,1903,,Premier tour,variante_1,Nathalie Arthaud,1.0
,Ifop du 5 au 7 (WP),http://www.ifop.com/?option=com_publication&type=poll&id=3479,Ifop,,,,,1903,,Premier tour,variante_1,Philippe Poutou,1.5
,Ifop du 5 au 7 (WP),http://www.ifop.com/?option=com_publication&type=poll&id=3479,Ifop,,,,,1903,,Premier tour,variante_1,Jean-Luc Mélenchon,13.5
,Ifop du 5 au 7 (WP),http://www.ifop.com/?option=com_publication&type=poll&id=3479,Ifop,,,,,1903,,Premier tour,variante_1,Cécile Duflot,3.0
,Ifop du 5 au 7 (WP),http://www.ifop.com/?option=com_publication&type=poll&id=3479,Ifop,,,,,1903,,Premier tour,variante_1,François Hollande,14.0
,Ifop du 5 au 7 (WP),http://www.ifop.com/?option=com_publication&type=poll&id=3479,Ifop,,,,,1903,,Premier tour,variante_1,Alain Juppé,33.0
,Ifop du 5 au 7 (WP),http://www.ifop.com/?option=com_publication&type=poll&id=3479,Ifop,,,,,1903,,Premier tour,variante_1,Nicolas Dupont-Aignan,5.0
,Ifop du 5 au 7 (WP),http://www.ifop.com/?option=com_publication&type=poll&id=3479,Ifop,,,,,1903,,Premier tour,variante_1,Marine Le Pen,29.0
,Ifop du 5 au 7 (WP),http://www.ifop.com/?option=com_publication&type=poll&id=3479,Ifop,,,,,1903,,Premier tour,variante_2,Jacques Cheminade,0.0
,Ifop du 5 au 7 (WP),http://www.ifop.com/?option=com_publication&type=poll&id=3479,Ifop,,,,,1903,,Premier tour,variante_2,Nathalie Arthaud,1.0
,Ifop du 5 au 7 (WP),http://www.ifop.com/?option=com_publication&type=poll&id=3479,Ifop,,,,,1903,,Premier tour,variante_2,Philippe Poutou,1.5
,Ifop du 5 au 7 (WP),http://www.ifop.com/?option=com_publication&type=poll&id=3479,Ifop,,,,,1903,,Premier tour,variante_2,Jean-Luc Mélenchon,14.0
,Ifop du 5 au 7 (WP),http://www.ifop.com/?option=com_publication&type=poll&id=3479,Ifop,,,,,1903,,Premier tour,variante_2,Cécile Duflot,3.0
,Ifop du 5 au 7 (WP),http://www.ifop.com/?option=com_publication&type=poll&id=3479,Ifop,,,,,1903,,Premier tour,variante_2,François Hollande,14.5
,Ifop du 5 au 7 (WP),http://www.ifop.com/?option=com_publication&type=poll&id=3479,Ifop,,,,,1903,,Premier tour,variante_2,François Bayrou,13.0
,Ifop du 5 au 7 (WP),http://www.ifop.com/?option=com_publication&type=poll&id=3479,Ifop,,,,,1903,,Premier tour,variante_2,Nicolas Sarkozy,22.0
,Ifop du 5 au 7 (WP),http://www.ifop.com/?option=com_publication&type=poll&id=3479,Ifop,,,,,1903,,Premier tour,variante_2,Nicolas Dupont-Aignan,5.0
,Ifop du 5 au 7 (WP),http://www.ifop.com/?option=com_publication&type=poll&id=3479,Ifop,,,,,1903,,Premier tour,variante_2,Marine Le Pen,26.0
,Ifop du 5 au 7 (WP),http://www.ifop.com/?option=com_publication&type=poll&id=3479,Ifop,,,,,1903,,Premier tour,variante_3,Jacques Cheminade,0.5
,Ifop du 5 au 7 (WP),http://www.ifop.com/?option=com_publication&type=poll&id=3479,Ifop,,,,,1903,,Premier tour,variante_3,Nathalie Arthaud,1.0
,Ifop du 5 au 7 (WP),http://www.ifop.com/?option=com_publication&type=poll&id=3479,Ifop,,,,,1903,,Premier tour,variante_3,Philippe Poutou,1.5
,Ifop du 5 au 7 (WP),http://www.ifop.com/?option=com_publication&type=poll&id=3479,Ifop,,,,,1903,,Premier tour,variante_3,Jean-Luc Mélenchon,14.5
,Ifop du 5 au 7 (WP),http://www.ifop.com/?option=com_publication&type=poll&id=3479,Ifop,,,,,1903,,Premier tour,variante_3,Cécile Duflot,3.0
,Ifop du 5 au 7 (WP),http://www.ifop.com/?option=com_publication&type=poll&id=3479,Ifop,,,,,1903,,Premier tour,variante_3,François Hollande,15.5
,Ifop du 5 au 7 (WP),http://www.ifop.com/?option=com_publication&type=poll&id=3479,Ifop,,,,,1903,,Premier tour,variante_3,François Bayrou,12.0
,Ifop du 5 au 7 (WP),http://www.ifop.com/?option=com_publication&type=poll&id=3479,Ifop,,,,,1903,,Premier tour,variante_3,Bruno Le Maire,17.0
,Ifop du 5 au 7 (WP),http://www.ifop.com/?option=com_publication&type=poll&id=3479,Ifop,,,,,1903,,Premier tour,variante_3,Nicolas Dupont-Aignan,5.0
,Ifop du 5 au 7 (WP),http://www.ifop.com/?option=com_publication&type=poll&id=3479,Ifop,,,,,1903,,Premier tour,variante_3,Marine Le Pen,30.0
,Ifop du 5 au 7 (WP),http://www.ifop.com/?option=com_publication&type=poll&id=3479,Ifop,,,,,1903,,Premier tour,variante_4,Jacques Cheminade,0.5
,Ifop du 5 au 7 (WP),http://www.ifop.com/?option=com_publication&type=poll&id=3479,Ifop,,,,,1903,,Premier tour,variante_4,Nathalie Arthaud,1.0
,Ifop du 5 au 7 (WP),http://www.ifop.com/?option=com_publication&type=poll&id=3479,Ifop,,,,,1903,,Premier tour,variante_4,Philippe Poutou,1.5
,Ifop du 5 au 7 (WP),http://www.ifop.com/?option=com_publication&type=poll&id=3479,Ifop,,,,,1903,,Premier tour,variante_4,Jean-Luc Mélenchon,11.0
,Ifop du 5 au 7 (WP),http://www.ifop.com/?option=com_publication&type=poll&id=3479,Ifop,,,,,1903,,Premier tour,variante_4,Cécile Duflot,2.5
,Ifop du 5 au 7 (WP),http://www.ifop.com/?option=com_publication&type=poll&id=3479,Ifop,,,,,1903,,Premier tour,variante_4,Arnaud Montebourg,3.5
,Ifop du 5 au 7 (WP),http://www.ifop.com/?option=com_publication&type=poll&id=3479,Ifop,,,,,1903,,Premier tour,variante_4,François Hollande,10.0
,Ifop du 5 au 7 (WP),http://www.ifop.com/?option=com_publication&type=poll&id=3479,Ifop,,,,,1903,,Premier tour,variante_4,Emmanuel Macron,14.0
,Ifop du 5 au 7 (WP),http://www.ifop.com/?option=com_publication&type=poll&id=3479,Ifop,,,,,1903,,Premier tour,variante_4,Alain Juppé,26.0
,Ifop du 5 au 7 (WP),http://www.ifop.com/?option=com_publication&type=poll&id=3479,Ifop,,,,,1903,,Premier tour,variante_4,Nicolas Dupont-Aignan,4.0
,Ifop du 5 au 7 (WP),http://www.ifop.com/?option=com_publication&type=poll&id=3479,Ifop,,,,,1903,,Premier tour,variante_4,Marine Le Pen,26.0
,Ifop du 5 au 7 (WP),http://www.ifop.com/?option=com_publication&type=poll&id=3479,Ifop,,,,,1903,,Premier tour,variante_5,Jacques Cheminade,0.0
,Ifop du 5 au 7 (WP),http://www.ifop.com/?option=com_publication&type=poll&id=3479,Ifop,,,,,1903,,Premier tour,variante_5,Nathalie Arthaud,1.0
,Ifop du 5 au 7 (WP),http://www.ifop.com/?option=com_publication&type=poll&id=3479,Ifop,,,,,1903,,Premier tour,variante_5,Philippe Poutou,1.5
,Ifop du 5 au 7 (WP),http://www.ifop.com/?option=com_publication&type=poll&id=3479,Ifop,,,,,1903,,Premier tour,variante_5,Jean-Luc Mélenchon,11.0
,Ifop du 5 au 7 (WP),http://www.ifop.com/?option=com_publication&type=poll&id=3479,Ifop,,,,,1903,,Premier tour,variante_5,Cécile Duflot,2.5
,Ifop du 5 au 7 (WP),http://www.ifop.com/?option=com_publication&type=poll&id=3479,Ifop,,,,,1903,,Premier tour,variante_5,Arnaud Montebourg,4.0
,Ifop du 5 au 7 (WP),http://www.ifop.com/?option=com_publication&type=poll&id=3479,Ifop,,,,,1903,,Premier tour,variante_5,François Hollande,10.0
,Ifop du 5 au 7 (WP),http://www.ifop.com/?option=com_publication&type=poll&id=3479,Ifop,,,,,1903,,Premier tour,variante_5,Emmanuel Macron,15.0
,Ifop du 5 au 7 (WP),http://www.ifop.com/?option=com_publication&type=poll&id=3479,Ifop,,,,,1903,,Premier tour,variante_5,François Bayrou,9.0
,Ifop du 5 au 7 (WP),http://www.ifop.com/?option=com_publication&type=poll&id=3479,Ifop,,,,,1903,,Premier tour,variante_5,Nicolas Sarkozy,18.0
,Ifop du 5 au 7 (WP),http://www.ifop.com/?option=com_publication&type=poll&id=3479,Ifop,,,,,1903,,Premier tour,variante_5,Nicolas Dupont-Aignan,4.0
,Ifop du 5 au 7 (WP),http://www.ifop.com/?option=com_publication&type=poll&id=3479,Ifop,,,,,1903,,Premier tour,variante_5,Marine Le Pen,24.0
,Ifop du 5 au 7 (WP),http://www.ifop.com/?option=com_publication&type=poll&id=3479,Ifop,,,,,1903,,Premier tour,variante_6,Jacques Cheminade,0.5
,Ifop du 5 au 7 (WP),http://www.ifop.com/?option=com_publication&type=poll&id=3479,Ifop,,,,,1903,,Premier tour,variante_6,Nathalie Arthaud,1.0
,Ifop du 5 au 7 (WP),http://www.ifop.com/?option=com_publication&type=poll&id=3479,Ifop,,,,,1903,,Premier tour,variante_6,Philippe Poutou,1.5
,Ifop du 5 au 7 (WP),http://www.ifop.com/?option=com_publication&type=poll&id=3479,Ifop,,,,,1903,,Premier tour,variante_6,Jean-Luc Mélenchon,12.5
,Ifop du 5 au 7 (WP),http://www.ifop.com/?option=com_publication&type=poll&id=3479,Ifop,,,,,1903,,Premier tour,variante_6,Cécile Duflot,2.5
,Ifop du 5 au 7 (WP),http://www.ifop.com/?option=com_publication&type=poll&id=3479,Ifop,,,,,1903,,Premier tour,variante_6,François Hollande,10.0
,Ifop du 5 au 7 (WP),http://www.ifop.com/?option=com_publication&type=poll&id=3479,Ifop,,,,,1903,,Premier tour,variante_6,Emmanuel Macron,15.0
,Ifop du 5 au 7 (WP),http://www.ifop.com/?option=com_publication&type=poll&id=3479,Ifop,,,,,1903,,Premier tour,variante_6,Alain Juppé,27.0
,Ifop du 5 au 7 (WP),http://www.ifop.com/?option=com_publication&type=poll&id=3479,Ifop,,,,,1903,,Premier tour,variante_6,Nicolas Dupont-Aignan,4.0
,Ifop du 5 au 7 (WP),http://www.ifop.com/?option=com_publication&type=poll&id=3479,Ifop,,,,,1903,,Premier tour,variante_6,Marine Le Pen,26.0
,Ifop du 5 au 7 (WP),http://www.ifop.com/?option=com_publication&type=poll&id=3479,Ifop,,,,,1903,,Premier tour,variante_7,Jacques Cheminade,0.5
,Ifop du 5 au 7 (WP),http://www.ifop.com/?option=com_publication&type=poll&id=3479,Ifop,,,,,1903,,Premier tour,variante_7,Nathalie Arthaud,1.0
,Ifop du 5 au 7 (WP),http://www.ifop.com/?option=com_publication&type=poll&id=3479,Ifop,,,,,1903,,Premier tour,variante_7,Philippe Poutou,1.0
,Ifop du 5 au 7 (WP),http://www.ifop.com/?option=com_publication&type=poll&id=3479,Ifop,,,,,1903,,Premier tour,variante_7,Jean-Luc Mélenchon,11.5
,Ifop du 5 au 7 (WP),http://www.ifop.com/?option=com_publication&type=poll&id=3479,Ifop,,,,,1903,,Premier tour,variante_7,Cécile Duflot,3.0
,Ifop du 5 au 7 (WP),http://www.ifop.com/?option=com_publication&type=poll&id=3479,Ifop,,,,,1903,,Premier tour,variante_7,Arnaud Montebourg,5.0
,Ifop du 5 au 7 (WP),http://www.ifop.com/?option=com_publication&type=poll&id=3479,Ifop,,,,,1903,,Premier tour,variante_7,Manuel Valls,7.0
,Ifop du 5 au 7 (WP),http://www.ifop.com/?option=com_publication&type=poll&id=3479,Ifop,,,,,1903,,Premier tour,variante_7,Emmanuel Macron,14.0
,Ifop du 5 au 7 (WP),http://www.ifop.com/?option=com_publication&type=poll&id=3479,Ifop,,,,,1903,,Premier tour,variante_7,Alain Juppé,27.0
,Ifop du 5 au 7 (WP),http://www.ifop.com/?option=com_publication&type=poll&id=3479,Ifop,,,,,1903,,Premier tour,variante_7,Nicolas Dupont-Aignan,4.0
,Ifop du 5 au 7 (WP),http://www.ifop.com/?option=com_publication&type=poll&id=3479,Ifop,,,,,1903,,Premier tour,variante_7,Marine Le Pen,26.0
,Ifop du 5 au 7 (WP),http://www.ifop.com/?option=com_publication&type=poll&id=3479,Ifop,,,,,1903,,Premier tour,variante_8,Jacques Cheminade,0.5
,Ifop du 5 au 7 (WP),http://www.ifop.com/?option=com_publication&type=poll&id=3479,Ifop,,,,,1903,,Premier tour,variante_8,Nathalie Arthaud,1.0
,Ifop du 5 au 7 (WP),http://www.ifop.com/?option=com_publication&type=poll&id=3479,Ifop,,,,,1903,,Premier tour,variante_8,Philippe Poutou,1.0
,Ifop du 5 au 7 (WP),http://www.ifop.com/?option=com_publication&type=poll&id=3479,Ifop,,,,,1903,,Premier tour,variante_8,Jean-Luc Mélenchon,13.5
,Ifop du 5 au 7 (WP),http://www.ifop.com/?option=com_publication&type=poll&id=3479,Ifop,,,,,1903,,Premier tour,variante_8,Cécile Duflot,3.0
,Ifop du 5 au 7 (WP),http://www.ifop.com/?option=com_publication&type=poll&id=3479,Ifop,,,,,1903,,Premier tour,variante_8,Manuel Valls,8.0
,Ifop du 5 au 7 (WP),http://www.ifop.com/?option=com_publication&type=poll&id=3479,Ifop,,,,,1903,,Premier tour,variante_8,Emmanuel Macron,16.0
,Ifop du 5 au 7 (WP),http://www.ifop.com/?option=com_publication&type=poll&id=3479,Ifop,,,,,1903,,Premier tour,variante_8,Alain Juppé,27.0
,Ifop du 5 au 7 (WP),http://www.ifop.com/?option=com_publication&type=poll&id=3479,Ifop,,,,,1903,,Premier tour,variante_8,Nicolas Dupont-Aignan,4.0
,Ifop du 5 au 7 (WP),http://www.ifop.com/?option=com_publication&type=poll&id=3479,Ifop,,,,,1903,,Premier tour,variante_8,Marine Le Pen,26.0
,TNS Sofres du 2 au 5 (WP),http://www.youscribe.com/catalogue/tous/sondage-intentions-de-vote-des-francais-a-l-election-presidentielle-2757292,TNS Sofres,,2016-09-02,2016-09-05,,1006,,Premier tour,variante_1,Jacques Cheminade,0.5
,TNS Sofres du 2 au 5 (WP),http://www.youscribe.com/catalogue/tous/sondage-intentions-de-vote-des-francais-a-l-election-presidentielle-2757292,TNS Sofres,,2016-09-02,2016-09-05,,1006,,Premier tour,variante_1,Nathalie Arthaud,1.0
,TNS Sofres du 2 au 5 (WP),http://www.youscribe.com/catalogue/tous/sondage-intentions-de-vote-des-francais-a-l-election-presidentielle-2757292,TNS Sofres,,2016-09-02,2016-09-05,,1006,,Premier tour,variante_1,Philippe Poutou,1.0
,TNS Sofres du 2 au 5 (WP),http://www.youscribe.com/catalogue/tous/sondage-intentions-de-vote-des-francais-a-l-election-presidentielle-2757292,TNS Sofres,,2016-09-02,2016-09-05,,1006,,Premier tour,variante_1,Jean-Luc Mélenchon,11.0
,TNS Sofres du 2 au 5 (WP),http://www.youscribe.com/catalogue/tous/sondage-intentions-de-vote-des-francais-a-l-election-presidentielle-2757292,TNS Sofres,,2016-09-02,2016-09-05,,1006,,Premier tour,variante_1,Cécile Duflot,2.0
,TNS Sofres du 2 au 5 (WP),http://www.youscribe.com/catalogue/tous/sondage-intentions-de-vote-des-francais-a-l-election-presidentielle-2757292,TNS Sofres,,2016-09-02,2016-09-05,,1006,,Premier tour,variante_1,François Hollande,11.0
,TNS Sofres du 2 au 5 (WP),http://www.youscribe.com/catalogue/tous/sondage-intentions-de-vote-des-francais-a-l-election-presidentielle-2757292,TNS Sofres,,2016-09-02,2016-09-05,,1006,,Premier tour,variante_1,Emmanuel Macron,16.0
,TNS Sofres du 2 au 5 (WP),http://www.youscribe.com/catalogue/tous/sondage-intentions-de-vote-des-francais-a-l-election-presidentielle-2757292,TNS Sofres,,2016-09-02,2016-09-05,,1006,,Premier tour,variante_1,François Bayrou,9.0
,TNS Sofres du 2 au 5 (WP),http://www.youscribe.com/catalogue/tous/sondage-intentions-de-vote-des-francais-a-l-election-presidentielle-2757292,TNS Sofres,,2016-09-02,2016-09-05,,1006,,Premier tour,variante_1,Nicolas Sarkozy,20.0
,TNS Sofres du 2 au 5 (WP),http://www.youscribe.com/catalogue/tous/sondage-intentions-de-vote-des-francais-a-l-election-presidentielle-2757292,TNS Sofres,,2016-09-02,2016-09-05,,1006,,Premier tour,variante_1,Nicolas Dupont-Aignan,3.0
,TNS Sofres du 2 au 5 (WP),http://www.youscribe.com/catalogue/tous/sondage-intentions-de-vote-des-francais-a-l-election-presidentielle-2757292,TNS Sofres,,2016-09-02,2016-09-05,,1006,,Premier tour,variante_1,Marine Le Pen,26.0
,TNS Sofres du 2 au 5 (WP),http://www.youscribe.com/catalogue/tous/sondage-intentions-de-vote-des-francais-a-l-election-presidentielle-2757292,TNS Sofres,,2016-09-02,2016-09-05,,1006,,Premier tour,variante_2,Jacques Cheminade,0.5
,TNS Sofres du 2 au 5 (WP),http://www.youscribe.com/catalogue/tous/sondage-intentions-de-vote-des-francais-a-l-election-presidentielle-2757292,TNS Sofres,,2016-09-02,2016-09-05,,1006,,Premier tour,variante_2,Nathalie Arthaud,1.0
,TNS Sofres du 2 au 5 (WP),http://www.youscribe.com/catalogue/tous/sondage-intentions-de-vote-des-francais-a-l-election-presidentielle-2757292,TNS Sofres,,2016-09-02,2016-09-05,,1006,,Premier tour,variante_2,Philippe Poutou,1.0
,TNS Sofres du 2 au 5 (WP),http://www.youscribe.com/catalogue/tous/sondage-intentions-de-vote-des-francais-a-l-election-presidentielle-2757292,TNS Sofres,,2016-09-02,2016-09-05,,1006,,Premier tour,variante_2,Jean-Luc Mélenchon,12.0
,TNS Sofres du 2 au 5 (WP),http://www.youscribe.com/catalogue/tous/sondage-intentions-de-vote-des-francais-a-l-election-presidentielle-2757292,TNS Sofres,,2016-09-02,2016-09-05,,1006,,Premier tour,variante_2,Cécile Duflot,3.0
,TNS Sofres du 2 au 5 (WP),http://www.youscribe.com/catalogue/tous/sondage-intentions-de-vote-des-francais-a-l-election-presidentielle-2757292,TNS Sofres,,2016-09-02,2016-09-05,,1006,,Premier tour,variante_2,François Hollande,12.0
,TNS Sofres du 2 au 5 (WP),http://www.youscribe.com/catalogue/tous/sondage-intentions-de-vote-des-francais-a-l-election-presidentielle-2757292,TNS Sofres,,2016-09-02,2016-09-05,,1006,,Premier tour,variante_2,Emmanuel Macron,18.0
,TNS Sofres du 2 au 5 (WP),http://www.youscribe.com/catalogue/tous/sondage-intentions-de-vote-des-francais-a-l-election-presidentielle-2757292,TNS Sofres,,2016-09-02,2016-09-05,,1006,,Premier tour,variante_2,Nicolas Sarkozy,22.0
,TNS Sofres du 2 au 5 (WP),http://www.youscribe.com/catalogue/tous/sondage-intentions-de-vote-des-francais-a-l-election-presidentielle-2757292,TNS Sofres,,2016-09-02,2016-09-05,,1006,,Premier tour,variante_2,Nicolas Dupont-Aignan,4.0
,TNS Sofres du 2 au 5 (WP),http://www.youscribe.com/catalogue/tous/sondage-intentions-de-vote-des-francais-a-l-election-presidentielle-2757292,TNS Sofres,,2016-09-02,2016-09-05,,1006,,Premier tour,variante_2,Marine Le Pen,27.0
,TNS Sofres du 2 au 5 (WP),http://www.youscribe.com/catalogue/tous/sondage-intentions-de-vote-des-francais-a-l-election-presidentielle-2757292,TNS Sofres,,2016-09-02,2016-09-05,,1006,,Premier tour,variante_3,Jacques Cheminade,0.5
,TNS Sofres du 2 au 5 (WP),http://www.youscribe.com/catalogue/tous/sondage-intentions-de-vote-des-francais-a-l-election-presidentielle-2757292,TNS Sofres,,2016-09-02,2016-09-05,,1006,,Premier tour,variante_3,Nathalie Arthaud,1.0
,TNS Sofres du 2 au 5 (WP),http://www.youscribe.com/catalogue/tous/sondage-intentions-de-vote-des-francais-a-l-election-presidentielle-2757292,TNS Sofres,,2016-09-02,2016-09-05,,1006,,Premier tour,variante_3,Philippe Poutou,1.5
,TNS Sofres du 2 au 5 (WP),http://www.youscribe.com/catalogue/tous/sondage-intentions-de-vote-des-francais-a-l-election-presidentielle-2757292,TNS Sofres,,2016-09-02,2016-09-05,,1006,,Premier tour,variante_3,Jean-Luc Mélenchon,11.5
,TNS Sofres du 2 au 5 (WP),http://www.youscribe.com/catalogue/tous/sondage-intentions-de-vote-des-francais-a-l-election-presidentielle-2757292,TNS Sofres,,2016-09-02,2016-09-05,,1006,,Premier tour,variante_3,Cécile Duflot,3.0
,TNS Sofres du 2 au 5 (WP),http://www.youscribe.com/catalogue/tous/sondage-intentions-de-vote-des-francais-a-l-election-presidentielle-2757292,TNS Sofres,,2016-09-02,2016-09-05,,1006,,Premier tour,variante_3,François Hollande,11.0
,TNS Sofres du 2 au 5 (WP),http://www.youscribe.com/catalogue/tous/sondage-intentions-de-vote-des-francais-a-l-election-presidentielle-2757292,TNS Sofres,,2016-09-02,2016-09-05,,1006,,Premier tour,variante_3,Emmanuel Macron,15.0
,TNS Sofres du 2 au 5 (WP),http://www.youscribe.com/catalogue/tous/sondage-intentions-de-vote-des-francais-a-l-election-presidentielle-2757292,TNS Sofres,,2016-09-02,2016-09-05,,1006,,Premier tour,variante_3,Alain Juppé,25.0
,TNS Sofres du 2 au 5 (WP),http://www.youscribe.com/catalogue/tous/sondage-intentions-de-vote-des-francais-a-l-election-presidentielle-2757292,TNS Sofres,,2016-09-02,2016-09-05,,1006,,Premier tour,variante_3,Nicolas Dupont-Aignan,3.5
,TNS Sofres du 2 au 5 (WP),http://www.youscribe.com/catalogue/tous/sondage-intentions-de-vote-des-francais-a-l-election-presidentielle-2757292,TNS Sofres,,2016-09-02,2016-09-05,,1006,,Premier tour,variante_3,Marine Le Pen,28.5
,TNS Sofres du 2 au 5 (WP),http://www.youscribe.com/catalogue/tous/sondage-intentions-de-vote-des-francais-a-l-election-presidentielle-2757292,TNS Sofres,,2016-09-02,2016-09-05,,1006,,Premier tour,variante_4,Jacques Cheminade,0.5
,TNS Sofres du 2 au 5 (WP),http://www.youscribe.com/catalogue/tous/sondage-intentions-de-vote-des-francais-a-l-election-presidentielle-2757292,TNS Sofres,,2016-09-02,2016-09-05,,1006,,Premier tour,variante_4,Nathalie Arthaud,1.0
,TNS Sofres du 2 au 5 (WP),http://www.youscribe.com/catalogue/tous/sondage-intentions-de-vote-des-francais-a-l-election-presidentielle-2757292,TNS Sofres,,2016-09-02,2016-09-05,,1006,,Premier tour,variante_4,Philippe Poutou,2.0
,TNS Sofres du 2 au 5 (WP),http://www.youscribe.com/catalogue/tous/sondage-intentions-de-vote-des-francais-a-l-election-presidentielle-2757292,TNS Sofres,,2016-09-02,2016-09-05,,1006,,Premier tour,variante_4,Jean-Luc Mélenchon,12.0
,TNS Sofres du 2 au 5 (WP),http://www.youscribe.com/catalogue/tous/sondage-intentions-de-vote-des-francais-a-l-election-presidentielle-2757292,TNS Sofres,,2016-09-02,2016-09-05,,1006,,Premier tour,variante_4,Cécile Duflot,2.0
,TNS Sofres du 2 au 5 (WP),http://www.youscribe.com/catalogue/tous/sondage-intentions-de-vote-des-francais-a-l-election-presidentielle-2757292,TNS Sofres,,2016-09-02,2016-09-05,,1006,,Premier tour,variante_4,François Hollande,13.0
,TNS Sofres du 2 au 5 (WP),http://www.youscribe.com/catalogue/tous/sondage-intentions-de-vote-des-francais-a-l-election-presidentielle-2757292,TNS Sofres,,2016-09-02,2016-09-05,,1006,,Premier tour,variante_4,François Bayrou,13.0
,TNS Sofres du 2 au 5 (WP),http://www.youscribe.com/catalogue/tous/sondage-intentions-de-vote-des-francais-a-l-election-presidentielle-2757292,TNS Sofres,,2016-09-02,2016-09-05,,1006,,Premier tour,variante_4,Nicolas Sarkozy,25.0
,TNS Sofres du 2 au 5 (WP),http://www.youscribe.com/catalogue/tous/sondage-intentions-de-vote-des-francais-a-l-election-presidentielle-2757292,TNS Sofres,,2016-09-02,2016-09-05,,1006,,Premier tour,variante_4,Nicolas Dupont-Aignan,5.0
,TNS Sofres du 2 au 5 (WP),http://www.youscribe.com/catalogue/tous/sondage-intentions-de-vote-des-francais-a-l-election-presidentielle-2757292,TNS Sofres,,2016-09-02,2016-09-05,,1006,,Premier tour,variante_4,Marine Le Pen,27.0
,TNS Sofres du 2 au 5 (WP),http://www.youscribe.com/catalogue/tous/sondage-intentions-de-vote-des-francais-a-l-election-presidentielle-2757292,TNS Sofres,,2016-09-02,2016-09-05,,1006,,Premier tour,variante_5,Jacques Cheminade,0.5
,TNS Sofres du 2 au 5 (WP),http://www.youscribe.com/catalogue/tous/sondage-intentions-de-vote-des-francais-a-l-election-presidentielle-2757292,TNS Sofres,,2016-09-02,2016-09-05,,1006,,Premier tour,variante_5,Nathalie Arthaud,1.5
,TNS Sofres du 2 au 5 (WP),http://www.youscribe.com/catalogue/tous/sondage-intentions-de-vote-des-francais-a-l-election-presidentielle-2757292,TNS Sofres,,2016-09-02,2016-09-05,,1006,,Premier tour,variante_5,Philippe Poutou,2.5
,TNS Sofres du 2 au 5 (WP),http://www.youscribe.com/catalogue/tous/sondage-intentions-de-vote-des-francais-a-l-election-presidentielle-2757292,TNS Sofres,,2016-09-02,2016-09-05,,1006,,Premier tour,variante_5,Jean-Luc Mélenchon,13.0
,TNS Sofres du 2 au 5 (WP),http://www.youscribe.com/catalogue/tous/sondage-intentions-de-vote-des-francais-a-l-election-presidentielle-2757292,TNS Sofres,,2016-09-02,2016-09-05,,1006,,Premier tour,variante_5,Cécile Duflot,4.5
,TNS Sofres du 2 au 5 (WP),http://www.youscribe.com/catalogue/tous/sondage-intentions-de-vote-des-francais-a-l-election-presidentielle-2757292,TNS Sofres,,2016-09-02,2016-09-05,,1006,,Premier tour,variante_5,François Hollande,15.0
,TNS Sofres du 2 au 5 (WP),http://www.youscribe.com/catalogue/tous/sondage-intentions-de-vote-des-francais-a-l-election-presidentielle-2757292,TNS Sofres,,2016-09-02,2016-09-05,,1006,,Premier tour,variante_5,Nicolas Sarkozy,27.0
,TNS Sofres du 2 au 5 (WP),http://www.youscribe.com/catalogue/tous/sondage-intentions-de-vote-des-francais-a-l-election-presidentielle-2757292,TNS Sofres,,2016-09-02,2016-09-05,,1006,,Premier tour,variante_5,Nicolas Dupont-Aignan,7.0
,TNS Sofres du 2 au 5 (WP),http://www.youscribe.com/catalogue/tous/sondage-intentions-de-vote-des-francais-a-l-election-presidentielle-2757292,TNS Sofres,,2016-09-02,2016-09-05,,1006,,Premier tour,variante_5,Marine Le Pen,29.0
,TNS Sofres du 2 au 5 (WP),http://www.youscribe.com/catalogue/tous/sondage-intentions-de-vote-des-francais-a-l-election-presidentielle-2757292,TNS Sofres,,2016-09-02,2016-09-05,,1006,,Premier tour,variante_6,Jacques Cheminade,0.5
,TNS Sofres du 2 au 5 (WP),http://www.youscribe.com/catalogue/tous/sondage-intentions-de-vote-des-francais-a-l-election-presidentielle-2757292,TNS Sofres,,2016-09-02,2016-09-05,,1006,,Premier tour,variante_6,Nathalie Arthaud,1.5
,TNS Sofres du 2 au 5 (WP),http://www.youscribe.com/catalogue/tous/sondage-intentions-de-vote-des-francais-a-l-election-presidentielle-2757292,TNS Sofres,,2016-09-02,2016-09-05,,1006,,Premier tour,variante_6,Philippe Poutou,1.5
,TNS Sofres du 2 au 5 (WP),http://www.youscribe.com/catalogue/tous/sondage-intentions-de-vote-des-francais-a-l-election-presidentielle-2757292,TNS Sofres,,2016-09-02,2016-09-05,,1006,,Premier tour,variante_6,Jean-Luc Mélenchon,12.0
,TNS Sofres du 2 au 5 (WP),http://www.youscribe.com/catalogue/tous/sondage-intentions-de-vote-des-francais-a-l-election-presidentielle-2757292,TNS Sofres,,2016-09-02,2016-09-05,,1006,,Premier tour,variante_6,Cécile Duflot,3.0
,TNS Sofres du 2 au 5 (WP),http://www.youscribe.com/catalogue/tous/sondage-intentions-de-vote-des-francais-a-l-election-presidentielle-2757292,TNS Sofres,,2016-09-02,2016-09-05,,1006,,Premier tour,variante_6,François Hollande,14.0
,TNS Sofres du 2 au 5 (WP),http://www.youscribe.com/catalogue/tous/sondage-intentions-de-vote-des-francais-a-l-election-presidentielle-2757292,TNS Sofres,,2016-09-02,2016-09-05,,1006,,Premier tour,variante_6,Alain Juppé,33.0
,TNS Sofres du 2 au 5 (WP),http://www.youscribe.com/catalogue/tous/sondage-intentions-de-vote-des-francais-a-l-election-presidentielle-2757292,TNS Sofres,,2016-09-02,2016-09-05,,1006,,Premier tour,variante_6,Nicolas Dupont-Aignan,6.0
,TNS Sofres du 2 au 5 (WP),http://www.youscribe.com/catalogue/tous/sondage-intentions-de-vote-des-francais-a-l-election-presidentielle-2757292,TNS Sofres,,2016-09-02,2016-09-05,,1006,,Premier tour,variante_6,Marine Le Pen,29.0
,TNS Sofres du 2 au 5 (WP),http://www.youscribe.com/catalogue/tous/sondage-intentions-de-vote-des-francais-a-l-election-presidentielle-2757292,TNS Sofres,,2016-09-02,2016-09-05,,1006,,Premier tour,variante_7,Jacques Cheminade,0.5
,TNS Sofres du 2 au 5 (WP),http://www.youscribe.com/catalogue/tous/sondage-intentions-de-vote-des-francais-a-l-election-presidentielle-2757292,TNS Sofres,,2016-09-02,2016-09-05,,1006,,Premier tour,variante_7,Nathalie Arthaud,1.5
,TNS Sofres du 2 au 5 (WP),http://www.youscribe.com/catalogue/tous/sondage-intentions-de-vote-des-francais-a-l-election-presidentielle-2757292,TNS Sofres,,2016-09-02,2016-09-05,,1006,,Premier tour,variante_7,Philippe Poutou,1.0
,TNS Sofres du 2 au 5 (WP),http://www.youscribe.com/catalogue/tous/sondage-intentions-de-vote-des-francais-a-l-election-presidentielle-2757292,TNS Sofres,,2016-09-02,2016-09-05,,1006,,Premier tour,variante_7,Jean-Luc Mélenchon,10.0
,TNS Sofres du 2 au 5 (WP),http://www.youscribe.com/catalogue/tous/sondage-intentions-de-vote-des-francais-a-l-election-presidentielle-2757292,TNS Sofres,,2016-09-02,2016-09-05,,1006,,Premier tour,variante_7,Cécile Duflot,3.0
,TNS Sofres du 2 au 5 (WP),http://www.youscribe.com/catalogue/tous/sondage-intentions-de-vote-des-francais-a-l-election-presidentielle-2757292,TNS Sofres,,2016-09-02,2016-09-05,,1006,,Premier tour,variante_7,Arnaud Montebourg,5.0
,TNS Sofres du 2 au 5 (WP),http://www.youscribe.com/catalogue/tous/sondage-intentions-de-vote-des-francais-a-l-election-presidentielle-2757292,TNS Sofres,,2016-09-02,2016-09-05,,1006,,Premier tour,variante_7,Emmanuel Macron,18.0
,TNS Sofres du 2 au 5 (WP),http://www.youscribe.com/catalogue/tous/sondage-intentions-de-vote-des-francais-a-l-election-presidentielle-2757292,TNS Sofres,,2016-09-02,2016-09-05,,1006,,Premier tour,variante_7,François Bayrou,8.0
,TNS Sofres du 2 au 5 (WP),http://www.youscribe.com/catalogue/tous/sondage-intentions-de-vote-des-francais-a-l-election-presidentielle-2757292,TNS Sofres,,2016-09-02,2016-09-05,,1006,,Premier tour,variante_7,Nicolas Sarkozy,22.0
,TNS Sofres du 2 au 5 (WP),http://www.youscribe.com/catalogue/tous/sondage-intentions-de-vote-des-francais-a-l-election-presidentielle-2757292,TNS Sofres,,2016-09-02,2016-09-05,,1006,,Premier tour,variante_7,Nicolas Dupont-Aignan,4.0
,TNS Sofres du 2 au 5 (WP),http://www.youscribe.com/catalogue/tous/sondage-intentions-de-vote-des-francais-a-l-election-presidentielle-2757292,TNS Sofres,,2016-09-02,2016-09-05,,1006,,Premier tour,variante_7,Marine Le Pen,27.0
,TNS Sofres du 2 au 5 (WP),http://www.youscribe.com/catalogue/tous/sondage-intentions-de-vote-des-francais-a-l-election-presidentielle-2757292,TNS Sofres,,2016-09-02,2016-09-05,,1006,,Premier tour,variante_8,Jacques Cheminade,1.0
,TNS Sofres du 2 au 5 (WP),http://www.youscribe.com/catalogue/tous/sondage-intentions-de-vote-des-francais-a-l-election-presidentielle-2757292,TNS Sofres,,2016-09-02,2016-09-05,,1006,,Premier tour,variante_8,Nathalie Arthaud,2.0
,TNS Sofres du 2 au 5 (WP),http://www.youscribe.com/catalogue/tous/sondage-intentions-de-vote-des-francais-a-l-election-presidentielle-2757292,TNS Sofres,,2016-09-02,2016-09-05,,1006,,Premier tour,variante_8,Philippe Poutou,2.0
,TNS Sofres du 2 au 5 (WP),http://www.youscribe.com/catalogue/tous/sondage-intentions-de-vote-des-francais-a-l-election-presidentielle-2757292,TNS Sofres,,2016-09-02,2016-09-05,,1006,,Premier tour,variante_8,Jean-Luc Mélenchon,11.0
,TNS Sofres du 2 au 5 (WP),http://www.youscribe.com/catalogue/tous/sondage-intentions-de-vote-des-francais-a-l-election-presidentielle-2757292,TNS Sofres,,2016-09-02,2016-09-05,,1006,,Premier tour,variante_8,Cécile Duflot,4.0
,TNS Sofres du 2 au 5 (WP),http://www.youscribe.com/catalogue/tous/sondage-intentions-de-vote-des-francais-a-l-election-presidentielle-2757292,TNS Sofres,,2016-09-02,2016-09-05,,1006,,Premier tour,variante_8,Arnaud Montebourg,7.0
,TNS Sofres du 2 au 5 (WP),http://www.youscribe.com/catalogue/tous/sondage-intentions-de-vote-des-francais-a-l-election-presidentielle-2757292,TNS Sofres,,2016-09-02,2016-09-05,,1006,,Premier tour,variante_8,Emmanuel Macron,20.0
,TNS Sofres du 2 au 5 (WP),http://www.youscribe.com/catalogue/tous/sondage-intentions-de-vote-des-francais-a-l-election-presidentielle-2757292,TNS Sofres,,2016-09-02,2016-09-05,,1006,,Premier tour,variante_8,Nicolas Sarkozy,22.0
,TNS Sofres du 2 au 5 (WP),http://www.youscribe.com/catalogue/tous/sondage-intentions-de-vote-des-francais-a-l-election-presidentielle-2757292,TNS Sofres,,2016-09-02,2016-09-05,,1006,,Premier tour,variante_8,Nicolas Dupont-Aignan,4.0
,TNS Sofres du 2 au 5 (WP),http://www.youscribe.com/catalogue/tous/sondage-intentions-de-vote-des-francais-a-l-election-presidentielle-2757292,TNS Sofres,,2016-09-02,2016-09-05,,1006,,Premier tour,variante_8,Marine Le Pen,27.0
,TNS Sofres du 2 au 5 (WP),http://www.youscribe.com/catalogue/tous/sondage-intentions-de-vote-des-francais-a-l-election-presidentielle-2757292,TNS Sofres,,2016-09-02,2016-09-05,,1006,,Premier tour,variante_9,Jacques Cheminade,0.5
,TNS Sofres du 2 au 5 (WP),http://www.youscribe.com/catalogue/tous/sondage-intentions-de-vote-des-francais-a-l-election-presidentielle-2757292,TNS Sofres,,2016-09-02,2016-09-05,,1006,,Premier tour,variante_9,Nathalie Arthaud,1.5
,TNS Sofres du 2 au 5 (WP),http://www.youscribe.com/catalogue/tous/sondage-intentions-de-vote-des-francais-a-l-election-presidentielle-2757292,TNS Sofres,,2016-09-02,2016-09-05,,1006,,Premier tour,variante_9,Philippe Poutou,2.0
,TNS Sofres du 2 au 5 (WP),http://www.youscribe.com/catalogue/tous/sondage-intentions-de-vote-des-francais-a-l-election-presidentielle-2757292,TNS Sofres,,2016-09-02,2016-09-05,,1006,,Premier tour,variante_9,Jean-Luc Mélenchon,11.0
,TNS Sofres du 2 au 5 (WP),http://www.youscribe.com/catalogue/tous/sondage-intentions-de-vote-des-francais-a-l-election-presidentielle-2757292,TNS Sofres,,2016-09-02,2016-09-05,,1006,,Premier tour,variante_9,Cécile Duflot,3.5
,TNS Sofres du 2 au 5 (WP),http://www.youscribe.com/catalogue/tous/sondage-intentions-de-vote-des-francais-a-l-election-presidentielle-2757292,TNS Sofres,,2016-09-02,2016-09-05,,1006,,Premier tour,variante_9,Arnaud Montebourg,6.0
,TNS Sofres du 2 au 5 (WP),http://www.youscribe.com/catalogue/tous/sondage-intentions-de-vote-des-francais-a-l-election-presidentielle-2757292,TNS Sofres,,2016-09-02,2016-09-05,,1006,,Premier tour,variante_9,Emmanuel Macron,16.0
,TNS Sofres du 2 au 5 (WP),http://www.youscribe.com/catalogue/tous/sondage-intentions-de-vote-des-francais-a-l-election-presidentielle-2757292,TNS Sofres,,2016-09-02,2016-09-05,,1006,,Premier tour,variante_9,Alain Juppé,27.0
,TNS Sofres du 2 au 5 (WP),http://www.youscribe.com/catalogue/tous/sondage-intentions-de-vote-des-francais-a-l-election-presidentielle-2757292,TNS Sofres,,2016-09-02,2016-09-05,,1006,,Premier tour,variante_9,Nicolas Dupont-Aignan,5.0
,TNS Sofres du 2 au 5 (WP),http://www.youscribe.com/catalogue/tous/sondage-intentions-de-vote-des-francais-a-l-election-presidentielle-2757292,TNS Sofres,,2016-09-02,2016-09-05,,1006,,Premier tour,variante_9,Marine Le Pen,27.5
,BVA du 8 au 10 (WP),http://www.bva.fr/data/sondage/sondage_fiche/1888/fichier_pop2017_-_intentions_de_vote_-_vague_404553.pdf,BVA,,,,,936,,Premier tour,variante_1,Nathalie Arthaud,1.0
,BVA du 8 au 10 (WP),http://www.bva.fr/data/sondage/sondage_fiche/1888/fichier_pop2017_-_intentions_de_vote_-_vague_404553.pdf,BVA,,,,,936,,Premier tour,variante_1,Philippe Poutou,1.5
,BVA du 8 au 10 (WP),http://www.bva.fr/data/sondage/sondage_fiche/1888/fichier_pop2017_-_intentions_de_vote_-_vague_404553.pdf,BVA,,,,,936,,Premier tour,variante_1,Jean-Luc Mélenchon,13.5
,BVA du 8 au 10 (WP),http://www.bva.fr/data/sondage/sondage_fiche/1888/fichier_pop2017_-_intentions_de_vote_-_vague_404553.pdf,BVA,,,,,936,,Premier tour,variante_1,Cécile Duflot,2.0
,BVA du 8 au 10 (WP),http://www.bva.fr/data/sondage/sondage_fiche/1888/fichier_pop2017_-_intentions_de_vote_-_vague_404553.pdf,BVA,,,,,936,,Premier tour,variante_1,François Hollande,13.5
,BVA du 8 au 10 (WP),http://www.bva.fr/data/sondage/sondage_fiche/1888/fichier_pop2017_-_intentions_de_vote_-_vague_404553.pdf,BVA,,,,,936,,Premier tour,variante_1,Alain Juppé,36.0
,BVA du 8 au 10 (WP),http://www.bva.fr/data/sondage/sondage_fiche/1888/fichier_pop2017_-_intentions_de_vote_-_vague_404553.pdf,BVA,,,,,936,,Premier tour,variante_1,Nicolas Dupont-Aignan,4.5
,BVA du 8 au 10 (WP),http://www.bva.fr/data/sondage/sondage_fiche/1888/fichier_pop2017_-_intentions_de_vote_-_vague_404553.pdf,BVA,,,,,936,,Premier tour,variante_1,Marine Le Pen,28.0
,BVA du 8 au 10 (WP),http://www.bva.fr/data/sondage/sondage_fiche/1888/fichier_pop2017_-_intentions_de_vote_-_vague_404553.pdf,BVA,,,,,936,,Premier tour,variante_2,Nathalie Arthaud,1.0
,BVA du 8 au 10 (WP),http://www.bva.fr/data/sondage/sondage_fiche/1888/fichier_pop2017_-_intentions_de_vote_-_vague_404553.pdf,BVA,,,,,936,,Premier tour,variante_2,Philippe Poutou,1.0
,BVA du 8 au 10 (WP),http://www.bva.fr/data/sondage/sondage_fiche/1888/fichier_pop2017_-_intentions_de_vote_-_vague_404553.pdf,BVA,,,,,936,,Premier tour,variante_2,Jean-Luc Mélenchon,13.0
,BVA du 8 au 10 (WP),http://www.bva.fr/data/sondage/sondage_fiche/1888/fichier_pop2017_-_intentions_de_vote_-_vague_404553.pdf,BVA,,,,,936,,Premier tour,variante_2,Cécile Duflot,2.0
,BVA du 8 au 10 (WP),http://www.bva.fr/data/sondage/sondage_fiche/1888/fichier_pop2017_-_intentions_de_vote_-_vague_404553.pdf,BVA,,,,,936,,Premier tour,variante_2,François Hollande,13.0
,BVA du 8 au 10 (WP),http://www.bva.fr/data/sondage/sondage_fiche/1888/fichier_pop2017_-_intentions_de_vote_-_vague_404553.pdf,BVA,,,,,936,,Premier tour,variante_2,François Bayrou,13.0
,BVA du 8 au 10 (WP),http://www.bva.fr/data/sondage/sondage_fiche/1888/fichier_pop2017_-_intentions_de_vote_-_vague_404553.pdf,BVA,,,,,936,,Premier tour,variante_2,Nicolas Sarkozy,23.0
,BVA du 8 au 10 (WP),http://www.bva.fr/data/sondage/sondage_fiche/1888/fichier_pop2017_-_intentions_de_vote_-_vague_404553.pdf,BVA,,,,,936,,Premier tour,variante_2,Nicolas Dupont-Aignan,5.0
,BVA du 8 au 10 (WP),http://www.bva.fr/data/sondage/sondage_fiche/1888/fichier_pop2017_-_intentions_de_vote_-_vague_404553.pdf,BVA,,,,,936,,Premier tour,variante_2,Marine Le Pen,29.0
,Ifop du 14 au 17 (WP),http://www.ifop.com/media/poll/3432-1-study_file.pdf,Ifop,,,,,1858,,Premier tour,variante_2,Nathalie Arthaud,0.5
,Ifop du 14 au 17 (WP),http://www.ifop.com/media/poll/3432-1-study_file.pdf,Ifop,,,,,1858,,Premier tour,variante_2,Philippe Poutou,1.5
,Ifop du 14 au 17 (WP),http://www.ifop.com/media/poll/3432-1-study_file.pdf,Ifop,,,,,1858,,Premier tour,variante_2,Jean-Luc Mélenchon,12.5
,Ifop du 14 au 17 (WP),http://www.ifop.com/media/poll/3432-1-study_file.pdf,Ifop,,,,,1858,,Premier tour,variante_2,Cécile Duflot,2.5
,Ifop du 14 au 17 (WP),http://www.ifop.com/media/poll/3432-1-study_file.pdf,Ifop,,,,,1858,,Premier tour,variante_2,François Hollande,14.0
,Ifop du 14 au 17 (WP),http://www.ifop.com/media/poll/3432-1-study_file.pdf,Ifop,,,,,1858,,Premier tour,variante_2,Alain Juppé,35.0
,Ifop du 14 au 17 (WP),http://www.ifop.com/media/poll/3432-1-study_file.pdf,Ifop,,,,,1858,,Premier tour,variante_2,Nicolas Dupont-Aignan,4.5
,Ifop du 14 au 17 (WP),http://www.ifop.com/media/poll/3432-1-study_file.pdf,Ifop,,,,,1858,,Premier tour,variante_2,Marine Le Pen,29.0
,Ifop du 14 au 17 (WP),http://www.ifop.com/media/poll/3432-1-study_file.pdf,Ifop,,,,,1858,,Premier tour,variante_3,Nathalie Arthaud,1.0
,Ifop du 14 au 17 (WP),http://www.ifop.com/media/poll/3432-1-study_file.pdf,Ifop,,,,,1858,,Premier tour,variante_3,Philippe Poutou,1.5
,Ifop du 14 au 17 (WP),http://www.ifop.com/media/poll/3432-1-study_file.pdf,Ifop,,,,,1858,,Premier tour,variante_3,Jean-Luc Mélenchon,13.0
,Ifop du 14 au 17 (WP),http://www.ifop.com/media/poll/3432-1-study_file.pdf,Ifop,,,,,1858,,Premier tour,variante_3,Cécile Duflot,2.0
,Ifop du 14 au 17 (WP),http://www.ifop.com/media/poll/3432-1-study_file.pdf,Ifop,,,,,1858,,Premier tour,variante_3,François Hollande,15.0
,Ifop du 14 au 17 (WP),http://www.ifop.com/media/poll/3432-1-study_file.pdf,Ifop,,,,,1858,,Premier tour,variante_3,François Bayrou,12.5
,Ifop du 14 au 17 (WP),http://www.ifop.com/media/poll/3432-1-study_file.pdf,Ifop,,,,,1858,,Premier tour,variante_3,Nicolas Sarkozy,22.0
,Ifop du 14 au 17 (WP),http://www.ifop.com/media/poll/3432-1-study_file.pdf,Ifop,,,,,1858,,Premier tour,variante_3,Nicolas Dupont-Aignan,4.5
,Ifop du 14 au 17 (WP),http://www.ifop.com/media/poll/3432-1-study_file.pdf,Ifop,,,,,1858,,Premier tour,variante_3,Marine Le Pen,28.0
,Ifop du 14 au 17 (WP),http://www.ifop.com/media/poll/3432-1-study_file.pdf,Ifop,,,,,1858,,Premier tour,variante_4,Nathalie Arthaud,0.5
,Ifop du 14 au 17 (WP),http://www.ifop.com/media/poll/3432-1-study_file.pdf,Ifop,,,,,1858,,Premier tour,variante_4,Philippe Poutou,1.5
,Ifop du 14 au 17 (WP),http://www.ifop.com/media/poll/3432-1-study_file.pdf,Ifop,,,,,1858,,Premier tour,variante_4,Jean-Luc Mélenchon,14.5
,Ifop du 14 au 17 (WP),http://www.ifop.com/media/poll/3432-1-study_file.pdf,Ifop,,,,,1858,,Premier tour,variante_4,Cécile Duflot,2.5
,Ifop du 14 au 17 (WP),http://www.ifop.com/media/poll/3432-1-study_file.pdf,Ifop,,,,,1858,,Premier tour,variante_4,François Hollande,15.0
,Ifop du 14 au 17 (WP),http://www.ifop.com/media/poll/3432-1-study_file.pdf,Ifop,,,,,1858,,Premier tour,variante_4,François Bayrou,12.0
,Ifop du 14 au 17 (WP),http://www.ifop.com/media/poll/3432-1-study_file.pdf,Ifop,,,,,1858,,Premier tour,variante_4,François Fillon,18.0
,Ifop du 14 au 17 (WP),http://www.ifop.com/media/poll/3432-1-study_file.pdf,Ifop,,,,,1858,,Premier tour,variante_4,Nicolas Dupont-Aignan,5.5
,Ifop du 14 au 17 (WP),http://www.ifop.com/media/poll/3432-1-study_file.pdf,Ifop,,,,,1858,,Premier tour,variante_4,Marine Le Pen,30.0
,Ifop du 14 au 17 (WP),http://www.ifop.com/media/poll/3432-1-study_file.pdf,Ifop,,,,,1858,,Premier tour,variante_5,Nathalie Arthaud,0.5
,Ifop du 14 au 17 (WP),http://www.ifop.com/media/poll/3432-1-study_file.pdf,Ifop,,,,,1858,,Premier tour,variante_5,Philippe Poutou,1.0
,Ifop du 14 au 17 (WP),http://www.ifop.com/media/poll/3432-1-study_file.pdf,Ifop,,,,,1858,,Premier tour,variante_5,Jean-Luc Mélenchon,14.0
,Ifop du 14 au 17 (WP),http://www.ifop.com/media/poll/3432-1-study_file.pdf,Ifop,,,,,1858,,Premier tour,variante_5,Cécile Duflot,2.5
,Ifop du 14 au 17 (WP),http://www.ifop.com/media/poll/3432-1-study_file.pdf,Ifop,,,,,1858,,Premier tour,variante_5,François Hollande,16.0
,Ifop du 14 au 17 (WP),http://www.ifop.com/media/poll/3432-1-study_file.pdf,Ifop,,,,,1858,,Premier tour,variante_5,François Bayrou,12.5
,Ifop du 14 au 17 (WP),http://www.ifop.com/media/poll/3432-1-study_file.pdf,Ifop,,,,,1858,,Premier tour,variante_5,Bruno Le Maire,17.0
,Ifop du 14 au 17 (WP),http://www.ifop.com/media/poll/3432-1-study_file.pdf,Ifop,,,,,1858,,Premier tour,variante_5,Nicolas Dupont-Aignan,5.5
,Ifop du 14 au 17 (WP),http://www.ifop.com/media/poll/3432-1-study_file.pdf,Ifop,,,,,1858,,Premier tour,variante_5,Marine Le Pen,30.5
,Ifop du 14 au 17 (WP),http://www.ifop.com/media/poll/3432-1-study_file.pdf,Ifop,,,,,1858,,Premier tour,variante_6,Nathalie Arthaud,0.5
,Ifop du 14 au 17 (WP),http://www.ifop.com/media/poll/3432-1-study_file.pdf,Ifop,,,,,1858,,Premier tour,variante_6,Philippe Poutou,1.0
,Ifop du 14 au 17 (WP),http://www.ifop.com/media/poll/3432-1-study_file.pdf,Ifop,,,,,1858,,Premier tour,variante_6,Jean-Luc Mélenchon,11.5
,Ifop du 14 au 17 (WP),http://www.ifop.com/media/poll/3432-1-study_file.pdf,Ifop,,,,,1858,,Premier tour,variante_6,Cécile Duflot,2.0
,Ifop du 14 au 17 (WP),http://www.ifop.com/media/poll/3432-1-study_file.pdf,Ifop,,,,,1858,,Premier tour,variante_6,Arnaud Montebourg,4.5
,Ifop du 14 au 17 (WP),http://www.ifop.com/media/poll/3432-1-study_file.pdf,Ifop,,,,,1858,,Premier tour,variante_6,François Hollande,14.0
,Ifop du 14 au 17 (WP),http://www.ifop.com/media/poll/3432-1-study_file.pdf,Ifop,,,,,1858,,Premier tour,variante_6,Alain Juppé,34.0
,Ifop du 14 au 17 (WP),http://www.ifop.com/media/poll/3432-1-study_file.pdf,Ifop,,,,,1858,,Premier tour,variante_6,Nicolas Dupont-Aignan,4.5
,Ifop du 14 au 17 (WP),http://www.ifop.com/media/poll/3432-1-study_file.pdf,Ifop,,,,,1858,,Premier tour,variante_6,Marine Le Pen,28.0
,Ifop du 14 au 17 (WP),http://www.ifop.com/media/poll/3432-1-study_file.pdf,Ifop,,,,,1858,,Premier tour,variante_7,Nathalie Arthaud,1.0
,Ifop du 14 au 17 (WP),http://www.ifop.com/media/poll/3432-1-study_file.pdf,Ifop,,,,,1858,,Premier tour,variante_7,Philippe Poutou,1.0
,Ifop du 14 au 17 (WP),http://www.ifop.com/media/poll/3432-1-study_file.pdf,Ifop,,,,,1858,,Premier tour,variante_7,Jean-Luc Mélenchon,12.5
,Ifop du 14 au 17 (WP),http://www.ifop.com/media/poll/3432-1-study_file.pdf,Ifop,,,,,1858,,Premier tour,variante_7,Nicolas Hulot,5.5
,Ifop du 14 au 17 (WP),http://www.ifop.com/media/poll/3432-1-study_file.pdf,Ifop,,,,,1858,,Premier tour,variante_7,François Hollande,13.0
,Ifop du 14 au 17 (WP),http://www.ifop.com/media/poll/3432-1-study_file.pdf,Ifop,,,,,1858,,Premier tour,variante_7,Alain Juppé,34.0
,Ifop du 14 au 17 (WP),http://www.ifop.com/media/poll/3432-1-study_file.pdf,Ifop,,,,,1858,,Premier tour,variante_7,Nicolas Dupont-Aignan,4.5
,Ifop du 14 au 17 (WP),http://www.ifop.com/media/poll/3432-1-study_file.pdf,Ifop,,,,,1858,,Premier tour,variante_7,Marine Le Pen,28.0
,Ifop du 14 au 17 (WP),http://www.ifop.com/media/poll/3432-1-study_file.pdf,Ifop,,,,,1858,,Premier tour,variante_8,Nathalie Arthaud,1.0
,Ifop du 14 au 17 (WP),http://www.ifop.com/media/poll/3432-1-study_file.pdf,Ifop,,,,,1858,,Premier tour,variante_8,Philippe Poutou,1.0
,Ifop du 14 au 17 (WP),http://www.ifop.com/media/poll/3432-1-study_file.pdf,Ifop,,,,,1858,,Premier tour,variante_8,Jean-Luc Mélenchon,12.0
,Ifop du 14 au 17 (WP),http://www.ifop.com/media/poll/3432-1-study_file.pdf,Ifop,,,,,1858,,Premier tour,variante_8,Cécile Duflot,2.0
,Ifop du 14 au 17 (WP),http://www.ifop.com/media/poll/3432-1-study_file.pdf,Ifop,,,,,1858,,Premier tour,variante_8,Arnaud Montebourg,5.0
,Ifop du 14 au 17 (WP),http://www.ifop.com/media/poll/3432-1-study_file.pdf,Ifop,,,,,1858,,Premier tour,variante_8,Emmanuel Macron,12.0
,Ifop du 14 au 17 (WP),http://www.ifop.com/media/poll/3432-1-study_file.pdf,Ifop,,,,,1858,,Premier tour,variante_8,Alain Juppé,33.0
,Ifop du 14 au 17 (WP),http://www.ifop.com/media/poll/3432-1-study_file.pdf,Ifop,,,,,1858,,Premier tour,variante_8,Nicolas Dupont-Aignan,4.5
,Ifop du 14 au 17 (WP),http://www.ifop.com/media/poll/3432-1-study_file.pdf,Ifop,,,,,1858,,Premier tour,variante_8,Marine Le Pen,28.5
,Ifop du 14 au 17 (WP),http://www.ifop.com/media/poll/3432-1-study_file.pdf,Ifop,,,,,1858,,Premier tour,variante_9,Jacques Cheminade,0.0
,Ifop du 14 au 17 (WP),http://www.ifop.com/media/poll/3432-1-study_file.pdf,Ifop,,,,,1858,,Premier tour,variante_9,Nathalie Arthaud,0.5
,Ifop du 14 au 17 (WP),http://www.ifop.com/media/poll/3432-1-study_file.pdf,Ifop,,,,,1858,,Premier tour,variante_9,Philippe Poutou,1.0
,Ifop du 14 au 17 (WP),http://www.ifop.com/media/poll/3432-1-study_file.pdf,Ifop,,,,,1858,,Premier tour,variante_9,Jean-Luc Mélenchon,12.0
,Ifop du 14 au 17 (WP),http://www.ifop.com/media/poll/3432-1-study_file.pdf,Ifop,,,,,1858,,Premier tour,variante_9,Cécile Duflot,1.0
,Ifop du 14 au 17 (WP),http://www.ifop.com/media/poll/3432-1-study_file.pdf,Ifop,,,,,1858,,Premier tour,variante_9,Arnaud Montebourg,4.5
,Ifop du 14 au 17 (WP),http://www.ifop.com/media/poll/3432-1-study_file.pdf,Ifop,,,,,1858,,Premier tour,variante_9,François Hollande,14.5
,Ifop du 14 au 17 (WP),http://www.ifop.com/media/poll/3432-1-study_file.pdf,Ifop,,,,,1858,,Premier tour,variante_9,François Bayrou,11.0
,Ifop du 14 au 17 (WP),http://www.ifop.com/media/poll/3432-1-study_file.pdf,Ifop,,,,,1858,,Premier tour,variante_9,Nicolas Sarkozy,21.0
,Ifop du 14 au 17 (WP),http://www.ifop.com/media/poll/3432-1-study_file.pdf,Ifop,,,,,1858,,Premier tour,variante_9,Nicolas Dupont-Aignan,4.5
,Ifop du 14 au 17 (WP),http://www.ifop.com/media/poll/3432-1-study_file.pdf,Ifop,,,,,1858,,Premier tour,variante_9,Marine Le Pen,27.5
,Ifop du 14 au 17 (WP),http://www.ifop.com/media/poll/3432-1-study_file.pdf,Ifop,,,,,1858,,Premier tour,variante_9,Yade,1.0
,Ifop du 14 au 17 (WP),http://www.ifop.com/media/poll/3432-1-study_file.pdf,Ifop,,,,,1858,,Premier tour,variante_10,Nathalie Arthaud,1.0
,Ifop du 14 au 17 (WP),http://www.ifop.com/media/poll/3432-1-study_file.pdf,Ifop,,,,,1858,,Premier tour,variante_10,Jean-Luc Mélenchon,14.0
,Ifop du 14 au 17 (WP),http://www.ifop.com/media/poll/3432-1-study_file.pdf,Ifop,,,,,1858,,Premier tour,variante_10,François Hollande,15.0
,Ifop du 14 au 17 (WP),http://www.ifop.com/media/poll/3432-1-study_file.pdf,Ifop,,,,,1858,,Premier tour,variante_10,Alain Juppé,36.0
,Ifop du 14 au 17 (WP),http://www.ifop.com/media/poll/3432-1-study_file.pdf,Ifop,,,,,1858,,Premier tour,variante_10,Nicolas Dupont-Aignan,5.0
,Ifop du 14 au 17 (WP),http://www.ifop.com/media/poll/3432-1-study_file.pdf,Ifop,,,,,1858,,Premier tour,variante_10,Marine Le Pen,28.0
,BVA du 10 au 12 (WP),http://www.bva.fr/data/sondage/sondage_fiche/1872/fichier_pop2017_-_intentions_de_vote_-_vague_3ff173.pdf,BVA,,,,,910,,Premier tour,variante_1,Nathalie Arthaud,1.5
,BVA du 10 au 12 (WP),http://www.bva.fr/data/sondage/sondage_fiche/1872/fichier_pop2017_-_intentions_de_vote_-_vague_3ff173.pdf,BVA,,,,,910,,Premier tour,variante_1,Philippe Poutou,1.5
,BVA du 10 au 12 (WP),http://www.bva.fr/data/sondage/sondage_fiche/1872/fichier_pop2017_-_intentions_de_vote_-_vague_3ff173.pdf,BVA,,,,,910,,Premier tour,variante_1,Jean-Luc Mélenchon,14.0
,BVA du 10 au 12 (WP),http://www.bva.fr/data/sondage/sondage_fiche/1872/fichier_pop2017_-_intentions_de_vote_-_vague_3ff173.pdf,BVA,,,,,910,,Premier tour,variante_1,Cécile Duflot,2.0
,BVA du 10 au 12 (WP),http://www.bva.fr/data/sondage/sondage_fiche/1872/fichier_pop2017_-_intentions_de_vote_-_vague_3ff173.pdf,BVA,,,,,910,,Premier tour,variante_1,François Hollande,14.0
,BVA du 10 au 12 (WP),http://www.bva.fr/data/sondage/sondage_fiche/1872/fichier_pop2017_-_intentions_de_vote_-_vague_3ff173.pdf,BVA,,,,,910,,Premier tour,variante_1,Alain Juppé,36.0
,BVA du 10 au 12 (WP),http://www.bva.fr/data/sondage/sondage_fiche/1872/fichier_pop2017_-_intentions_de_vote_-_vague_3ff173.pdf,BVA,,,,,910,,Premier tour,variante_1,Nicolas Dupont-Aignan,5.0
,BVA du 10 au 12 (WP),http://www.bva.fr/data/sondage/sondage_fiche/1872/fichier_pop2017_-_intentions_de_vote_-_vague_3ff173.pdf,BVA,,,,,910,,Premier tour,variante_1,Marine Le Pen,26.0
,BVA du 10 au 12 (WP),http://www.bva.fr/data/sondage/sondage_fiche/1872/fichier_pop2017_-_intentions_de_vote_-_vague_3ff173.pdf,BVA,,,,,910,,Premier tour,variante_2,Nathalie Arthaud,2.0
,BVA du 10 au 12 (WP),http://www.bva.fr/data/sondage/sondage_fiche/1872/fichier_pop2017_-_intentions_de_vote_-_vague_3ff173.pdf,BVA,,,,,910,,Premier tour,variante_2,Philippe Poutou,1.0
,BVA du 10 au 12 (WP),http://www.bva.fr/data/sondage/sondage_fiche/1872/fichier_pop2017_-_intentions_de_vote_-_vague_3ff173.pdf,BVA,,,,,910,,Premier tour,variante_2,Jean-Luc Mélenchon,14.0
,BVA du 10 au 12 (WP),http://www.bva.fr/data/sondage/sondage_fiche/1872/fichier_pop2017_-_intentions_de_vote_-_vague_3ff173.pdf,BVA,,,,,910,,Premier tour,variante_2,Cécile Duflot,3.0
,BVA du 10 au 12 (WP),http://www.bva.fr/data/sondage/sondage_fiche/1872/fichier_pop2017_-_intentions_de_vote_-_vague_3ff173.pdf,BVA,,,,,910,,Premier tour,variante_2,François Hollande,13.0
,BVA du 10 au 12 (WP),http://www.bva.fr/data/sondage/sondage_fiche/1872/fichier_pop2017_-_intentions_de_vote_-_vague_3ff173.pdf,BVA,,,,,910,,Premier tour,variante_2,François Bayrou,13.0
,BVA du 10 au 12 (WP),http://www.bva.fr/data/sondage/sondage_fiche/1872/fichier_pop2017_-_intentions_de_vote_-_vague_3ff173.pdf,BVA,,,,,910,,Premier tour,variante_2,Nicolas Sarkozy,21.0
,BVA du 10 au 12 (WP),http://www.bva.fr/data/sondage/sondage_fiche/1872/fichier_pop2017_-_intentions_de_vote_-_vague_3ff173.pdf,BVA,,,,,910,,Premier tour,variante_2,Nicolas Dupont-Aignan,5.0
,BVA du 10 au 12 (WP),http://www.bva.fr/data/sondage/sondage_fiche/1872/fichier_pop2017_-_intentions_de_vote_-_vague_3ff173.pdf,BVA,,,,,910,,Premier tour,variante_2,Marine Le Pen,28.0
,BVA du 10 au 12 (WP),http://www.bva.fr/data/sondage/sondage_fiche/1872/fichier_pop2017_-_intentions_de_vote_-_vague_3ff173.pdf,BVA,,,,,910,,Premier tour,variante_3,Nathalie Arthaud,1.5
,BVA du 10 au 12 (WP),http://www.bva.fr/data/sondage/sondage_fiche/1872/fichier_pop2017_-_intentions_de_vote_-_vague_3ff173.pdf,BVA,,,,,910,,Premier tour,variante_3,Philippe Poutou,1.5
,BVA du 10 au 12 (WP),http://www.bva.fr/data/sondage/sondage_fiche/1872/fichier_pop2017_-_intentions_de_vote_-_vague_3ff173.pdf,BVA,,,,,910,,Premier tour,variante_3,Jean-Luc Mélenchon,15.0
,BVA du 10 au 12 (WP),http://www.bva.fr/data/sondage/sondage_fiche/1872/fichier_pop2017_-_intentions_de_vote_-_vague_3ff173.pdf,BVA,,,,,910,,Premier tour,variante_3,Cécile Duflot,2.0
,BVA du 10 au 12 (WP),http://www.bva.fr/data/sondage/sondage_fiche/1872/fichier_pop2017_-_intentions_de_vote_-_vague_3ff173.pdf,BVA,,,,,910,,Premier tour,variante_3,François Hollande,14.0
,BVA du 10 au 12 (WP),http://www.bva.fr/data/sondage/sondage_fiche/1872/fichier_pop2017_-_intentions_de_vote_-_vague_3ff173.pdf,BVA,,,,,910,,Premier tour,variante_3,François Bayrou,12.0
,BVA du 10 au 12 (WP),http://www.bva.fr/data/sondage/sondage_fiche/1872/fichier_pop2017_-_intentions_de_vote_-_vague_3ff173.pdf,BVA,,,,,910,,Premier tour,variante_3,François Fillon,19.0
,BVA du 10 au 12 (WP),http://www.bva.fr/data/sondage/sondage_fiche/1872/fichier_pop2017_-_intentions_de_vote_-_vague_3ff173.pdf,BVA,,,,,910,,Premier tour,variante_3,Nicolas Dupont-Aignan,6.0
,BVA du 10 au 12 (WP),http://www.bva.fr/data/sondage/sondage_fiche/1872/fichier_pop2017_-_intentions_de_vote_-_vague_3ff173.pdf,BVA,,,,,910,,Premier tour,variante_3,Marine Le Pen,29.0
,BVA du 10 au 12 (WP),http://www.bva.fr/data/sondage/sondage_fiche/1872/fichier_pop2017_-_intentions_de_vote_-_vague_3ff173.pdf,BVA,,,,,910,,Premier tour,variante_4,Nathalie Arthaud,2.0
,BVA du 10 au 12 (WP),http://www.bva.fr/data/sondage/sondage_fiche/1872/fichier_pop2017_-_intentions_de_vote_-_vague_3ff173.pdf,BVA,,,,,910,,Premier tour,variante_4,Philippe Poutou,1.0
,BVA du 10 au 12 (WP),http://www.bva.fr/data/sondage/sondage_fiche/1872/fichier_pop2017_-_intentions_de_vote_-_vague_3ff173.pdf,BVA,,,,,910,,Premier tour,variante_4,Jean-Luc Mélenchon,15.0
,BVA du 10 au 12 (WP),http://www.bva.fr/data/sondage/sondage_fiche/1872/fichier_pop2017_-_intentions_de_vote_-_vague_3ff173.pdf,BVA,,,,,910,,Premier tour,variante_4,Cécile Duflot,2.0
,BVA du 10 au 12 (WP),http://www.bva.fr/data/sondage/sondage_fiche/1872/fichier_pop2017_-_intentions_de_vote_-_vague_3ff173.pdf,BVA,,,,,910,,Premier tour,variante_4,François Hollande,15.0
,BVA du 10 au 12 (WP),http://www.bva.fr/data/sondage/sondage_fiche/1872/fichier_pop2017_-_intentions_de_vote_-_vague_3ff173.pdf,BVA,,,,,910,,Premier tour,variante_4,François Bayrou,12.0
,BVA du 10 au 12 (WP),http://www.bva.fr/data/sondage/sondage_fiche/1872/fichier_pop2017_-_intentions_de_vote_-_vague_3ff173.pdf,BVA,,,,,910,,Premier tour,variante_4,Bruno Le Maire,19.0
,BVA du 10 au 12 (WP),http://www.bva.fr/data/sondage/sondage_fiche/1872/fichier_pop2017_-_intentions_de_vote_-_vague_3ff173.pdf,BVA,,,,,910,,Premier tour,variante_4,Nicolas Dupont-Aignan,5.0
,BVA du 10 au 12 (WP),http://www.bva.fr/data/sondage/sondage_fiche/1872/fichier_pop2017_-_intentions_de_vote_-_vague_3ff173.pdf,BVA,,,,,910,,Premier tour,variante_4,Marine Le Pen,29.0
,Ipsos du 13 au 22 (WP),http://www.enef.fr/donn%C3%A9es-et-r%C3%A9sultats/,Ipsos,,,,,19455,,Premier tour,variante_1,Nathalie Arthaud,1.5
,Ipsos du 13 au 22 (WP),http://www.enef.fr/donn%C3%A9es-et-r%C3%A9sultats/,Ipsos,,,,,19455,,Premier tour,variante_1,Philippe Poutou,1.5
,Ipsos du 13 au 22 (WP),http://www.enef.fr/donn%C3%A9es-et-r%C3%A9sultats/,Ipsos,,,,,19455,,Premier tour,variante_1,Jean-Luc Mélenchon,12.0
,Ipsos du 13 au 22 (WP),http://www.enef.fr/donn%C3%A9es-et-r%C3%A9sultats/,Ipsos,,,,,19455,,Premier tour,variante_1,Cécile Duflot,3.0
,Ipsos du 13 au 22 (WP),http://www.enef.fr/donn%C3%A9es-et-r%C3%A9sultats/,Ipsos,,,,,19455,,Premier tour,variante_1,François Hollande,14.0
,Ipsos du 13 au 22 (WP),http://www.enef.fr/donn%C3%A9es-et-r%C3%A9sultats/,Ipsos,,,,,19455,,Premier tour,variante_1,François Bayrou,13.0
,Ipsos du 13 au 22 (WP),http://www.enef.fr/donn%C3%A9es-et-r%C3%A9sultats/,Ipsos,,,,,19455,,Premier tour,variante_1,Nicolas Sarkozy,21.0
,Ipsos du 13 au 22 (WP),http://www.enef.fr/donn%C3%A9es-et-r%C3%A9sultats/,Ipsos,,,,,19455,,Premier tour,variante_1,Nicolas Dupont-Aignan,6.0
,Ipsos du 13 au 22 (WP),http://www.enef.fr/donn%C3%A9es-et-r%C3%A9sultats/,Ipsos,,,,,19455,,Premier tour,variante_1,Marine Le Pen,28.0
,Ipsos du 13 au 22 (WP),http://www.enef.fr/donn%C3%A9es-et-r%C3%A9sultats/,Ipsos,,,,,19455,,Premier tour,variante_2,Nathalie Arthaud,1.5
,Ipsos du 13 au 22 (WP),http://www.enef.fr/donn%C3%A9es-et-r%C3%A9sultats/,Ipsos,,,,,19455,,Premier tour,variante_2,Philippe Poutou,1.5
,Ipsos du 13 au 22 (WP),http://www.enef.fr/donn%C3%A9es-et-r%C3%A9sultats/,Ipsos,,,,,19455,,Premier tour,variante_2,Jean-Luc Mélenchon,12.0
,Ipsos du 13 au 22 (WP),http://www.enef.fr/donn%C3%A9es-et-r%C3%A9sultats/,Ipsos,,,,,19455,,Premier tour,variante_2,Cécile Duflot,3.0
,Ipsos du 13 au 22 (WP),http://www.enef.fr/donn%C3%A9es-et-r%C3%A9sultats/,Ipsos,,,,,19455,,Premier tour,variante_2,François Hollande,14.0
,Ipsos du 13 au 22 (WP),http://www.enef.fr/donn%C3%A9es-et-r%C3%A9sultats/,Ipsos,,,,,19455,,Premier tour,variante_2,Alain Juppé,35.0
,Ipsos du 13 au 22 (WP),http://www.enef.fr/donn%C3%A9es-et-r%C3%A9sultats/,Ipsos,,,,,19455,,Premier tour,variante_2,Nicolas Dupont-Aignan,5.0
,Ipsos du 13 au 22 (WP),http://www.enef.fr/donn%C3%A9es-et-r%C3%A9sultats/,Ipsos,,,,,19455,,Premier tour,variante_2,Marine Le Pen,28.0
,BVA du 13 au 16 (WP),https://www.ouest-france.fr/elections/presidentielles/presidentielle-2017-le-pen-en-baisse-juppe-en-hausse-4238017,BVA,,,,,927,,Premier tour,variante_1,Nathalie Arthaud,0.5
,BVA du 13 au 16 (WP),https://www.ouest-france.fr/elections/presidentielles/presidentielle-2017-le-pen-en-baisse-juppe-en-hausse-4238017,BVA,,,,,927,,Premier tour,variante_1,Philippe Poutou,1.5
,BVA du 13 au 16 (WP),https://www.ouest-france.fr/elections/presidentielles/presidentielle-2017-le-pen-en-baisse-juppe-en-hausse-4238017,BVA,,,,,927,,Premier tour,variante_1,Jean-Luc Mélenchon,12.0
,BVA du 13 au 16 (WP),https://www.ouest-france.fr/elections/presidentielles/presidentielle-2017-le-pen-en-baisse-juppe-en-hausse-4238017,BVA,,,,,927,,Premier tour,variante_1,Cécile Duflot,4.0
,BVA du 13 au 16 (WP),https://www.ouest-france.fr/elections/presidentielles/presidentielle-2017-le-pen-en-baisse-juppe-en-hausse-4238017,BVA,,,,,927,,Premier tour,variante_1,François Hollande,13.5
,BVA du 13 au 16 (WP),https://www.ouest-france.fr/elections/presidentielles/presidentielle-2017-le-pen-en-baisse-juppe-en-hausse-4238017,BVA,,,,,927,,Premier tour,variante_1,Alain Juppé,38.0
,BVA du 13 au 16 (WP),https://www.ouest-france.fr/elections/presidentielles/presidentielle-2017-le-pen-en-baisse-juppe-en-hausse-4238017,BVA,,,,,927,,Premier tour,variante_1,Nicolas Dupont-Aignan,5.5
,BVA du 13 au 16 (WP),https://www.ouest-france.fr/elections/presidentielles/presidentielle-2017-le-pen-en-baisse-juppe-en-hausse-4238017,BVA,,,,,927,,Premier tour,variante_1,Marine Le Pen,25.0
,BVA du 13 au 16 (WP),https://www.ouest-france.fr/elections/presidentielles/presidentielle-2017-le-pen-en-baisse-juppe-en-hausse-4238017,BVA,,,,,927,,Premier tour,variante_2,Nathalie Arthaud,0.5
,BVA du 13 au 16 (WP),https://www.ouest-france.fr/elections/presidentielles/presidentielle-2017-le-pen-en-baisse-juppe-en-hausse-4238017,BVA,,,,,927,,Premier tour,variante_2,Philippe Poutou,1.5
,BVA du 13 au 16 (WP),https://www.ouest-france.fr/elections/presidentielles/presidentielle-2017-le-pen-en-baisse-juppe-en-hausse-4238017,BVA,,,,,927,,Premier tour,variante_2,Jean-Luc Mélenchon,12.0
,BVA du 13 au 16 (WP),https://www.ouest-france.fr/elections/presidentielles/presidentielle-2017-le-pen-en-baisse-juppe-en-hausse-4238017,BVA,,,,,927,,Premier tour,variante_2,Cécile Duflot,3.5
,BVA du 13 au 16 (WP),https://www.ouest-france.fr/elections/presidentielles/presidentielle-2017-le-pen-en-baisse-juppe-en-hausse-4238017,BVA,,,,,927,,Premier tour,variante_2,François Hollande,15.0
,BVA du 13 au 16 (WP),https://www.ouest-france.fr/elections/presidentielles/presidentielle-2017-le-pen-en-baisse-juppe-en-hausse-4238017,BVA,,,,,927,,Premier tour,variante_2,François Bayrou,13.5
,BVA du 13 au 16 (WP),https://www.ouest-france.fr/elections/presidentielles/presidentielle-2017-le-pen-en-baisse-juppe-en-hausse-4238017,BVA,,,,,927,,Premier tour,variante_2,Nicolas Sarkozy,22.0
,BVA du 13 au 16 (WP),https://www.ouest-france.fr/elections/presidentielles/presidentielle-2017-le-pen-en-baisse-juppe-en-hausse-4238017,BVA,,,,,927,,Premier tour,variante_2,Nicolas Dupont-Aignan,5.0
,BVA du 13 au 16 (WP),https://www.ouest-france.fr/elections/presidentielles/presidentielle-2017-le-pen-en-baisse-juppe-en-hausse-4238017,BVA,,,,,927,,Premier tour,variante_2,Marine Le Pen,27.0
,BVA du 13 au 16 (WP),https://www.ouest-france.fr/elections/presidentielles/presidentielle-2017-le-pen-en-baisse-juppe-en-hausse-4238017,BVA,,,,,927,,Premier tour,variante_3,Nathalie Arthaud,0.5
,BVA du 13 au 16 (WP),https://www.ouest-france.fr/elections/presidentielles/presidentielle-2017-le-pen-en-baisse-juppe-en-hausse-4238017,BVA,,,,,927,,Premier tour,variante_3,Philippe Poutou,1.5
,BVA du 13 au 16 (WP),https://www.ouest-france.fr/elections/presidentielles/presidentielle-2017-le-pen-en-baisse-juppe-en-hausse-4238017,BVA,,,,,927,,Premier tour,variante_3,Jean-Luc Mélenchon,13.0
,BVA du 13 au 16 (WP),https://www.ouest-france.fr/elections/presidentielles/presidentielle-2017-le-pen-en-baisse-juppe-en-hausse-4238017,BVA,,,,,927,,Premier tour,variante_3,Cécile Duflot,3.5
,BVA du 13 au 16 (WP),https://www.ouest-france.fr/elections/presidentielles/presidentielle-2017-le-pen-en-baisse-juppe-en-hausse-4238017,BVA,,,,,927,,Premier tour,variante_3,François Hollande,15.0
,BVA du 13 au 16 (WP),https://www.ouest-france.fr/elections/presidentielles/presidentielle-2017-le-pen-en-baisse-juppe-en-hausse-4238017,BVA,,,,,927,,Premier tour,variante_3,François Bayrou,14.0
,BVA du 13 au 16 (WP),https://www.ouest-france.fr/elections/presidentielles/presidentielle-2017-le-pen-en-baisse-juppe-en-hausse-4238017,BVA,,,,,927,,Premier tour,variante_3,François Fillon,21.0
,BVA du 13 au 16 (WP),https://www.ouest-france.fr/elections/presidentielles/presidentielle-2017-le-pen-en-baisse-juppe-en-hausse-4238017,BVA,,,,,927,,Premier tour,variante_3,Nicolas Dupont-Aignan,4.5
,BVA du 13 au 16 (WP),https://www.ouest-france.fr/elections/presidentielles/presidentielle-2017-le-pen-en-baisse-juppe-en-hausse-4238017,BVA,,,,,927,,Premier tour,variante_3,Marine Le Pen,27.0
,BVA du 13 au 16 (WP),https://www.ouest-france.fr/elections/presidentielles/presidentielle-2017-le-pen-en-baisse-juppe-en-hausse-4238017,BVA,,,,,927,,Premier tour,variante_4,Nathalie Arthaud,0.5
,BVA du 13 au 16 (WP),https://www.ouest-france.fr/elections/presidentielles/presidentielle-2017-le-pen-en-baisse-juppe-en-hausse-4238017,BVA,,,,,927,,Premier tour,variante_4,Philippe Poutou,2.0
,BVA du 13 au 16 (WP),https://www.ouest-france.fr/elections/presidentielles/presidentielle-2017-le-pen-en-baisse-juppe-en-hausse-4238017,BVA,,,,,927,,Premier tour,variante_4,Jean-Luc Mélenchon,13.0
,BVA du 13 au 16 (WP),https://www.ouest-france.fr/elections/presidentielles/presidentielle-2017-le-pen-en-baisse-juppe-en-hausse-4238017,BVA,,,,,927,,Premier tour,variante_4,Cécile Duflot,3.5
,BVA du 13 au 16 (WP),https://www.ouest-france.fr/elections/presidentielles/presidentielle-2017-le-pen-en-baisse-juppe-en-hausse-4238017,BVA,,,,,927,,Premier tour,variante_4,François Hollande,16.0
,BVA du 13 au 16 (WP),https://www.ouest-france.fr/elections/presidentielles/presidentielle-2017-le-pen-en-baisse-juppe-en-hausse-4238017,BVA,,,,,927,,Premier tour,variante_4,François Bayrou,16.0
,BVA du 13 au 16 (WP),https://www.ouest-france.fr/elections/presidentielles/presidentielle-2017-le-pen-en-baisse-juppe-en-hausse-4238017,BVA,,,,,927,,Premier tour,variante_4,Bruno Le Maire,17.0
,BVA du 13 au 16 (WP),https://www.ouest-france.fr/elections/presidentielles/presidentielle-2017-le-pen-en-baisse-juppe-en-hausse-4238017,BVA,,,,,927,,Premier tour,variante_4,Nicolas Dupont-Aignan,5.0
,BVA du 13 au 16 (WP),https://www.ouest-france.fr/elections/presidentielles/presidentielle-2017-le-pen-en-baisse-juppe-en-hausse-4238017,BVA,,,,,927,,Premier tour,variante_4,Marine Le Pen,27.0
,Ifop du 25 au 28 (WP),http://www.ifop.com/media/poll/3383-1-study_file.pdf,Ifop,,2016-04-25,2016-04-28,,1419,,Premier tour,variante_1,Nathalie Arthaud,1.0
,Ifop du 25 au 28 (WP),http://www.ifop.com/media/poll/3383-1-study_file.pdf,Ifop,,2016-04-25,2016-04-28,,1419,,Premier tour,variante_1,Philippe Poutou,1.0
,Ifop du 25 au 28 (WP),http://www.ifop.com/media/poll/3383-1-study_file.pdf,Ifop,,2016-04-25,2016-04-28,,1419,,Premier tour,variante_1,Jean-Luc Mélenchon,13.0
,Ifop du 25 au 28 (WP),http://www.ifop.com/media/poll/3383-1-study_file.pdf,Ifop,,2016-04-25,2016-04-28,,1419,,Premier tour,variante_1,Cécile Duflot,3.0
,Ifop du 25 au 28 (WP),http://www.ifop.com/media/poll/3383-1-study_file.pdf,Ifop,,2016-04-25,2016-04-28,,1419,,Premier tour,variante_1,Emmanuel Macron,22.0
,Ifop du 25 au 28 (WP),http://www.ifop.com/media/poll/3383-1-study_file.pdf,Ifop,,2016-04-25,2016-04-28,,1419,,Premier tour,variante_1,François Bayrou,10.0
,Ifop du 25 au 28 (WP),http://www.ifop.com/media/poll/3383-1-study_file.pdf,Ifop,,2016-04-25,2016-04-28,,1419,,Premier tour,variante_1,Nicolas Sarkozy,18.0
,Ifop du 25 au 28 (WP),http://www.ifop.com/media/poll/3383-1-study_file.pdf,Ifop,,2016-04-25,2016-04-28,,1419,,Premier tour,variante_1,Nicolas Dupont-Aignan,6.0
,Ifop du 25 au 28 (WP),http://www.ifop.com/media/poll/3383-1-study_file.pdf,Ifop,,2016-04-25,2016-04-28,,1419,,Premier tour,variante_1,Marine Le Pen,26.0
,Ifop du 25 au 28 (WP),http://www.ifop.com/media/poll/3383-1-study_file.pdf,Ifop,,2016-04-25,2016-04-28,,1419,,Premier tour,variante_2,Nathalie Arthaud,1.5
,Ifop du 25 au 28 (WP),http://www.ifop.com/media/poll/3383-1-study_file.pdf,Ifop,,2016-04-25,2016-04-28,,1419,,Premier tour,variante_2,Philippe Poutou,1.0
,Ifop du 25 au 28 (WP),http://www.ifop.com/media/poll/3383-1-study_file.pdf,Ifop,,2016-04-25,2016-04-28,,1419,,Premier tour,variante_2,Jean-Luc Mélenchon,14.0
,Ifop du 25 au 28 (WP),http://www.ifop.com/media/poll/3383-1-study_file.pdf,Ifop,,2016-04-25,2016-04-28,,1419,,Premier tour,variante_2,Cécile Duflot,2.5
,Ifop du 25 au 28 (WP),http://www.ifop.com/media/poll/3383-1-study_file.pdf,Ifop,,2016-04-25,2016-04-28,,1419,,Premier tour,variante_2,Emmanuel Macron,20.0
,Ifop du 25 au 28 (WP),http://www.ifop.com/media/poll/3383-1-study_file.pdf,Ifop,,2016-04-25,2016-04-28,,1419,,Premier tour,variante_2,Alain Juppé,29.0
,Ifop du 25 au 28 (WP),http://www.ifop.com/media/poll/3383-1-study_file.pdf,Ifop,,2016-04-25,2016-04-28,,1419,,Premier tour,variante_2,Nicolas Dupont-Aignan,6.0
,Ifop du 25 au 28 (WP),http://www.ifop.com/media/poll/3383-1-study_file.pdf,Ifop,,2016-04-25,2016-04-28,,1419,,Premier tour,variante_2,Marine Le Pen,26.0
,Elabe du 26 au 27 (WP),http://www.slideshare.net/fullscreen/lesechos2/sondage-elabe-les-intentions-de-vote-un-an-de-la-prsidentielle/1,Elabe,,,,,911,,Premier tour,variante_1,Nathalie Arthaud,1.0
,Elabe du 26 au 27 (WP),http://www.slideshare.net/fullscreen/lesechos2/sondage-elabe-les-intentions-de-vote-un-an-de-la-prsidentielle/1,Elabe,,,,,911,,Premier tour,variante_1,Philippe Poutou,1.0
,Elabe du 26 au 27 (WP),http://www.slideshare.net/fullscreen/lesechos2/sondage-elabe-les-intentions-de-vote-un-an-de-la-prsidentielle/1,Elabe,,,,,911,,Premier tour,variante_1,Jean-Luc Mélenchon,11.0
,Elabe du 26 au 27 (WP),http://www.slideshare.net/fullscreen/lesechos2/sondage-elabe-les-intentions-de-vote-un-an-de-la-prsidentielle/1,Elabe,,,,,911,,Premier tour,variante_1,Cécile Duflot,2.0
,Elabe du 26 au 27 (WP),http://www.slideshare.net/fullscreen/lesechos2/sondage-elabe-les-intentions-de-vote-un-an-de-la-prsidentielle/1,Elabe,,,,,911,,Premier tour,variante_1,François Hollande,15.0
,Elabe du 26 au 27 (WP),http://www.slideshare.net/fullscreen/lesechos2/sondage-elabe-les-intentions-de-vote-un-an-de-la-prsidentielle/1,Elabe,,,,,911,,Premier tour,variante_1,Alain Juppé,39.0
,Elabe du 26 au 27 (WP),http://www.slideshare.net/fullscreen/lesechos2/sondage-elabe-les-intentions-de-vote-un-an-de-la-prsidentielle/1,Elabe,,,,,911,,Premier tour,variante_1,Nicolas Dupont-Aignan,5.0
,Elabe du 26 au 27 (WP),http://www.slideshare.net/fullscreen/lesechos2/sondage-elabe-les-intentions-de-vote-un-an-de-la-prsidentielle/1,Elabe,,,,,911,,Premier tour,variante_1,Marine Le Pen,26.0
,Elabe du 26 au 27 (WP),http://www.slideshare.net/fullscreen/lesechos2/sondage-elabe-les-intentions-de-vote-un-an-de-la-prsidentielle/1,Elabe,,,,,911,,Premier tour,variante_2,Nathalie Arthaud,1.0
,Elabe du 26 au 27 (WP),http://www.slideshare.net/fullscreen/lesechos2/sondage-elabe-les-intentions-de-vote-un-an-de-la-prsidentielle/1,Elabe,,,,,911,,Premier tour,variante_2,Philippe Poutou,1.0
,Elabe du 26 au 27 (WP),http://www.slideshare.net/fullscreen/lesechos2/sondage-elabe-les-intentions-de-vote-un-an-de-la-prsidentielle/1,Elabe,,,,,911,,Premier tour,variante_2,Jean-Luc Mélenchon,10.0
,Elabe du 26 au 27 (WP),http://www.slideshare.net/fullscreen/lesechos2/sondage-elabe-les-intentions-de-vote-un-an-de-la-prsidentielle/1,Elabe,,,,,911,,Premier tour,variante_2,Cécile Duflot,2.0
,Elabe du 26 au 27 (WP),http://www.slideshare.net/fullscreen/lesechos2/sondage-elabe-les-intentions-de-vote-un-an-de-la-prsidentielle/1,Elabe,,,,,911,,Premier tour,variante_2,François Hollande,18.0
,Elabe du 26 au 27 (WP),http://www.slideshare.net/fullscreen/lesechos2/sondage-elabe-les-intentions-de-vote-un-an-de-la-prsidentielle/1,Elabe,,,,,911,,Premier tour,variante_2,François Bayrou,14.0
,Elabe du 26 au 27 (WP),http://www.slideshare.net/fullscreen/lesechos2/sondage-elabe-les-intentions-de-vote-un-an-de-la-prsidentielle/1,Elabe,,,,,911,,Premier tour,variante_2,Nicolas Sarkozy,23.0
,Elabe du 26 au 27 (WP),http://www.slideshare.net/fullscreen/lesechos2/sondage-elabe-les-intentions-de-vote-un-an-de-la-prsidentielle/1,Elabe,,,,,911,,Premier tour,variante_2,Nicolas Dupont-Aignan,5.0
,Elabe du 26 au 27 (WP),http://www.slideshare.net/fullscreen/lesechos2/sondage-elabe-les-intentions-de-vote-un-an-de-la-prsidentielle/1,Elabe,,,,,911,,Premier tour,variante_2,Marine Le Pen,26.0
,Elabe du 26 au 27 (WP),http://www.slideshare.net/fullscreen/lesechos2/sondage-elabe-les-intentions-de-vote-un-an-de-la-prsidentielle/1,Elabe,,,,,911,,Premier tour,variante_3,Nathalie Arthaud,1.0
,Elabe du 26 au 27 (WP),http://www.slideshare.net/fullscreen/lesechos2/sondage-elabe-les-intentions-de-vote-un-an-de-la-prsidentielle/1,Elabe,,,,,911,,Premier tour,variante_3,Philippe Poutou,1.0
,Elabe du 26 au 27 (WP),http://www.slideshare.net/fullscreen/lesechos2/sondage-elabe-les-intentions-de-vote-un-an-de-la-prsidentielle/1,Elabe,,,,,911,,Premier tour,variante_3,Jean-Luc Mélenchon,12.0
,Elabe du 26 au 27 (WP),http://www.slideshare.net/fullscreen/lesechos2/sondage-elabe-les-intentions-de-vote-un-an-de-la-prsidentielle/1,Elabe,,,,,911,,Premier tour,variante_3,Cécile Duflot,2.0
,Elabe du 26 au 27 (WP),http://www.slideshare.net/fullscreen/lesechos2/sondage-elabe-les-intentions-de-vote-un-an-de-la-prsidentielle/1,Elabe,,,,,911,,Premier tour,variante_3,Manuel Valls,18.5
,Elabe du 26 au 27 (WP),http://www.slideshare.net/fullscreen/lesechos2/sondage-elabe-les-intentions-de-vote-un-an-de-la-prsidentielle/1,Elabe,,,,,911,,Premier tour,variante_3,François Bayrou,13.0
,Elabe du 26 au 27 (WP),http://www.slideshare.net/fullscreen/lesechos2/sondage-elabe-les-intentions-de-vote-un-an-de-la-prsidentielle/1,Elabe,,,,,911,,Premier tour,variante_3,Nicolas Sarkozy,22.0
,Elabe du 26 au 27 (WP),http://www.slideshare.net/fullscreen/lesechos2/sondage-elabe-les-intentions-de-vote-un-an-de-la-prsidentielle/1,Elabe,,,,,911,,Premier tour,variante_3,Nicolas Dupont-Aignan,5.5
,Elabe du 26 au 27 (WP),http://www.slideshare.net/fullscreen/lesechos2/sondage-elabe-les-intentions-de-vote-un-an-de-la-prsidentielle/1,Elabe,,,,,911,,Premier tour,variante_3,Marine Le Pen,25.0
,Elabe du 26 au 27 (WP),http://www.slideshare.net/fullscreen/lesechos2/sondage-elabe-les-intentions-de-vote-un-an-de-la-prsidentielle/1,Elabe,,,,,911,,Premier tour,variante_4,Nathalie Arthaud,1.0
,Elabe du 26 au 27 (WP),http://www.slideshare.net/fullscreen/lesechos2/sondage-elabe-les-intentions-de-vote-un-an-de-la-prsidentielle/1,Elabe,,,,,911,,Premier tour,variante_4,Philippe Poutou,1.0
,Elabe du 26 au 27 (WP),http://www.slideshare.net/fullscreen/lesechos2/sondage-elabe-les-intentions-de-vote-un-an-de-la-prsidentielle/1,Elabe,,,,,911,,Premier tour,variante_4,Jean-Luc Mélenchon,11.5
,Elabe du 26 au 27 (WP),http://www.slideshare.net/fullscreen/lesechos2/sondage-elabe-les-intentions-de-vote-un-an-de-la-prsidentielle/1,Elabe,,,,,911,,Premier tour,variante_4,Cécile Duflot,2.0
,Elabe du 26 au 27 (WP),http://www.slideshare.net/fullscreen/lesechos2/sondage-elabe-les-intentions-de-vote-un-an-de-la-prsidentielle/1,Elabe,,,,,911,,Premier tour,variante_4,François Bayrou,15.5
,Elabe du 26 au 27 (WP),http://www.slideshare.net/fullscreen/lesechos2/sondage-elabe-les-intentions-de-vote-un-an-de-la-prsidentielle/1,Elabe,,,,,911,,Premier tour,variante_4,Alain Juppé,38.0
,Elabe du 26 au 27 (WP),http://www.slideshare.net/fullscreen/lesechos2/sondage-elabe-les-intentions-de-vote-un-an-de-la-prsidentielle/1,Elabe,,,,,911,,Premier tour,variante_4,Nicolas Dupont-Aignan,5.0
,Elabe du 26 au 27 (WP),http://www.slideshare.net/fullscreen/lesechos2/sondage-elabe-les-intentions-de-vote-un-an-de-la-prsidentielle/1,Elabe,,,,,911,,Premier tour,variante_4,Marine Le Pen,26.0
,Elabe du 26 au 27 (WP),http://www.slideshare.net/fullscreen/lesechos2/sondage-elabe-les-intentions-de-vote-un-an-de-la-prsidentielle/1,Elabe,,,,,911,,Premier tour,variante_5,Nathalie Arthaud,2.0
,Elabe du 26 au 27 (WP),http://www.slideshare.net/fullscreen/lesechos2/sondage-elabe-les-intentions-de-vote-un-an-de-la-prsidentielle/1,Elabe,,,,,911,,Premier tour,variante_5,Philippe Poutou,1.5
,Elabe du 26 au 27 (WP),http://www.slideshare.net/fullscreen/lesechos2/sondage-elabe-les-intentions-de-vote-un-an-de-la-prsidentielle/1,Elabe,,,,,911,,Premier tour,variante_5,Jean-Luc Mélenchon,12.0
,Elabe du 26 au 27 (WP),http://www.slideshare.net/fullscreen/lesechos2/sondage-elabe-les-intentions-de-vote-un-an-de-la-prsidentielle/1,Elabe,,,,,911,,Premier tour,variante_5,Cécile Duflot,2.5
,Elabe du 26 au 27 (WP),http://www.slideshare.net/fullscreen/lesechos2/sondage-elabe-les-intentions-de-vote-un-an-de-la-prsidentielle/1,Elabe,,,,,911,,Premier tour,variante_5,Emmanuel Macron,25.0
,Elabe du 26 au 27 (WP),http://www.slideshare.net/fullscreen/lesechos2/sondage-elabe-les-intentions-de-vote-un-an-de-la-prsidentielle/1,Elabe,,,,,911,,Premier tour,variante_5,François Bayrou,11.0
,Elabe du 26 au 27 (WP),http://www.slideshare.net/fullscreen/lesechos2/sondage-elabe-les-intentions-de-vote-un-an-de-la-prsidentielle/1,Elabe,,,,,911,,Premier tour,variante_5,Nicolas Sarkozy,18.0
,Elabe du 26 au 27 (WP),http://www.slideshare.net/fullscreen/lesechos2/sondage-elabe-les-intentions-de-vote-un-an-de-la-prsidentielle/1,Elabe,,,,,911,,Premier tour,variante_5,Nicolas Dupont-Aignan,4.0
,Elabe du 26 au 27 (WP),http://www.slideshare.net/fullscreen/lesechos2/sondage-elabe-les-intentions-de-vote-un-an-de-la-prsidentielle/1,Elabe,,,,,911,,Premier tour,variante_5,Marine Le Pen,24.0
,Elabe du 26 au 27 (WP),http://www.slideshare.net/fullscreen/lesechos2/sondage-elabe-les-intentions-de-vote-un-an-de-la-prsidentielle/1,Elabe,,,,,911,,Premier tour,variante_6,Nathalie Arthaud,1.0
,Elabe du 26 au 27 (WP),http://www.slideshare.net/fullscreen/lesechos2/sondage-elabe-les-intentions-de-vote-un-an-de-la-prsidentielle/1,Elabe,,,,,911,,Premier tour,variante_6,Philippe Poutou,1.0
,Elabe du 26 au 27 (WP),http://www.slideshare.net/fullscreen/lesechos2/sondage-elabe-les-intentions-de-vote-un-an-de-la-prsidentielle/1,Elabe,,,,,911,,Premier tour,variante_6,Jean-Luc Mélenchon,12.0
,Elabe du 26 au 27 (WP),http://www.slideshare.net/fullscreen/lesechos2/sondage-elabe-les-intentions-de-vote-un-an-de-la-prsidentielle/1,Elabe,,,,,911,,Premier tour,variante_6,Cécile Duflot,2.0
,Elabe du 26 au 27 (WP),http://www.slideshare.net/fullscreen/lesechos2/sondage-elabe-les-intentions-de-vote-un-an-de-la-prsidentielle/1,Elabe,,,,,911,,Premier tour,variante_6,Emmanuel Macron,21.0
,Elabe du 26 au 27 (WP),http://www.slideshare.net/fullscreen/lesechos2/sondage-elabe-les-intentions-de-vote-un-an-de-la-prsidentielle/1,Elabe,,,,,911,,Premier tour,variante_6,Alain Juppé,36.0
,Elabe du 26 au 27 (WP),http://www.slideshare.net/fullscreen/lesechos2/sondage-elabe-les-intentions-de-vote-un-an-de-la-prsidentielle/1,Elabe,,,,,911,,Premier tour,variante_6,Nicolas Dupont-Aignan,4.0
,Elabe du 26 au 27 (WP),http://www.slideshare.net/fullscreen/lesechos2/sondage-elabe-les-intentions-de-vote-un-an-de-la-prsidentielle/1,Elabe,,,,,911,,Premier tour,variante_6,Marine Le Pen,23.0
,Elabe du 26 au 27 (WP),http://www.slideshare.net/fullscreen/lesechos2/sondage-elabe-les-intentions-de-vote-un-an-de-la-prsidentielle/1,Elabe,,,,,911,,Premier tour,variante_7,Nathalie Arthaud,2.0
,Elabe du 26 au 27 (WP),http://www.slideshare.net/fullscreen/lesechos2/sondage-elabe-les-intentions-de-vote-un-an-de-la-prsidentielle/1,Elabe,,,,,911,,Premier tour,variante_7,Philippe Poutou,1.5
,Elabe du 26 au 27 (WP),http://www.slideshare.net/fullscreen/lesechos2/sondage-elabe-les-intentions-de-vote-un-an-de-la-prsidentielle/1,Elabe,,,,,911,,Premier tour,variante_7,Jean-Luc Mélenchon,12.0
,Elabe du 26 au 27 (WP),http://www.slideshare.net/fullscreen/lesechos2/sondage-elabe-les-intentions-de-vote-un-an-de-la-prsidentielle/1,Elabe,,,,,911,,Premier tour,variante_7,Cécile Duflot,2.0
,Elabe du 26 au 27 (WP),http://www.slideshare.net/fullscreen/lesechos2/sondage-elabe-les-intentions-de-vote-un-an-de-la-prsidentielle/1,Elabe,,,,,911,,Premier tour,variante_7,Manuel Valls,19.0
,Elabe du 26 au 27 (WP),http://www.slideshare.net/fullscreen/lesechos2/sondage-elabe-les-intentions-de-vote-un-an-de-la-prsidentielle/1,Elabe,,,,,911,,Premier tour,variante_7,François Bayrou,12.0
,Elabe du 26 au 27 (WP),http://www.slideshare.net/fullscreen/lesechos2/sondage-elabe-les-intentions-de-vote-un-an-de-la-prsidentielle/1,Elabe,,,,,911,,Premier tour,variante_7,François Fillon,19.0
,Elabe du 26 au 27 (WP),http://www.slideshare.net/fullscreen/lesechos2/sondage-elabe-les-intentions-de-vote-un-an-de-la-prsidentielle/1,Elabe,,,,,911,,Premier tour,variante_7,Nicolas Dupont-Aignan,4.0
,Elabe du 26 au 27 (WP),http://www.slideshare.net/fullscreen/lesechos2/sondage-elabe-les-intentions-de-vote-un-an-de-la-prsidentielle/1,Elabe,,,,,911,,Premier tour,variante_7,Marine Le Pen,28.5
,Elabe du 26 au 27 (WP),http://www.slideshare.net/fullscreen/lesechos2/sondage-elabe-les-intentions-de-vote-un-an-de-la-prsidentielle/1,Elabe,,,,,911,,Premier tour,variante_8,Jacques Cheminade,1.0
,Elabe du 26 au 27 (WP),http://www.slideshare.net/fullscreen/lesechos2/sondage-elabe-les-intentions-de-vote-un-an-de-la-prsidentielle/1,Elabe,,,,,911,,Premier tour,variante_8,Nathalie Arthaud,1.5
,Elabe du 26 au 27 (WP),http://www.slideshare.net/fullscreen/lesechos2/sondage-elabe-les-intentions-de-vote-un-an-de-la-prsidentielle/1,Elabe,,,,,911,,Premier tour,variante_8,Philippe Poutou,2.5
,Elabe du 26 au 27 (WP),http://www.slideshare.net/fullscreen/lesechos2/sondage-elabe-les-intentions-de-vote-un-an-de-la-prsidentielle/1,Elabe,,,,,911,,Premier tour,variante_8,Jean-Luc Mélenchon,11.5
,Elabe du 26 au 27 (WP),http://www.slideshare.net/fullscreen/lesechos2/sondage-elabe-les-intentions-de-vote-un-an-de-la-prsidentielle/1,Elabe,,,,,911,,Premier tour,variante_8,Emmanuel Macron,25.5
,Elabe du 26 au 27 (WP),http://www.slideshare.net/fullscreen/lesechos2/sondage-elabe-les-intentions-de-vote-un-an-de-la-prsidentielle/1,Elabe,,,,,911,,Premier tour,variante_8,François Bayrou,11.5
,Elabe du 26 au 27 (WP),http://www.slideshare.net/fullscreen/lesechos2/sondage-elabe-les-intentions-de-vote-un-an-de-la-prsidentielle/1,Elabe,,,,,911,,Premier tour,variante_8,Bruno Le Maire,18.0
,Elabe du 26 au 27 (WP),http://www.slideshare.net/fullscreen/lesechos2/sondage-elabe-les-intentions-de-vote-un-an-de-la-prsidentielle/1,Elabe,,,,,911,,Premier tour,variante_8,Nicolas Dupont-Aignan,3.5
,Elabe du 26 au 27 (WP),http://www.slideshare.net/fullscreen/lesechos2/sondage-elabe-les-intentions-de-vote-un-an-de-la-prsidentielle/1,Elabe,,,,,911,,Premier tour,variante_8,Marine Le Pen,25.0
,BVA du 15 au 17 (WP),http://www.bva.fr/data/sondage/sondage_fiche/1849/fichier_pop2017_-_intentions_de_vote_-_vague_1_-_210416c60cf.pdf,BVA,,,,,949,,Premier tour,variante_2,Nathalie Arthaud,1.0
,BVA du 15 au 17 (WP),http://www.bva.fr/data/sondage/sondage_fiche/1849/fichier_pop2017_-_intentions_de_vote_-_vague_1_-_210416c60cf.pdf,BVA,,,,,949,,Premier tour,variante_2,Philippe Poutou,2.0
,BVA du 15 au 17 (WP),http://www.bva.fr/data/sondage/sondage_fiche/1849/fichier_pop2017_-_intentions_de_vote_-_vague_1_-_210416c60cf.pdf,BVA,,,,,949,,Premier tour,variante_2,Jean-Luc Mélenchon,13.5
,BVA du 15 au 17 (WP),http://www.bva.fr/data/sondage/sondage_fiche/1849/fichier_pop2017_-_intentions_de_vote_-_vague_1_-_210416c60cf.pdf,BVA,,,,,949,,Premier tour,variante_2,Cécile Duflot,3.0
,BVA du 15 au 17 (WP),http://www.bva.fr/data/sondage/sondage_fiche/1849/fichier_pop2017_-_intentions_de_vote_-_vague_1_-_210416c60cf.pdf,BVA,,,,,949,,Premier tour,variante_2,François Hollande,13.5
,BVA du 15 au 17 (WP),http://www.bva.fr/data/sondage/sondage_fiche/1849/fichier_pop2017_-_intentions_de_vote_-_vague_1_-_210416c60cf.pdf,BVA,,,,,949,,Premier tour,variante_2,Alain Juppé,35.0
,BVA du 15 au 17 (WP),http://www.bva.fr/data/sondage/sondage_fiche/1849/fichier_pop2017_-_intentions_de_vote_-_vague_1_-_210416c60cf.pdf,BVA,,,,,949,,Premier tour,variante_2,Nicolas Dupont-Aignan,5.0
,BVA du 15 au 17 (WP),http://www.bva.fr/data/sondage/sondage_fiche/1849/fichier_pop2017_-_intentions_de_vote_-_vague_1_-_210416c60cf.pdf,BVA,,,,,949,,Premier tour,variante_2,Marine Le Pen,27.0
,BVA du 15 au 17 (WP),http://www.bva.fr/data/sondage/sondage_fiche/1849/fichier_pop2017_-_intentions_de_vote_-_vague_1_-_210416c60cf.pdf,BVA,,,,,949,,Premier tour,variante_3,Nathalie Arthaud,1.0
,BVA du 15 au 17 (WP),http://www.bva.fr/data/sondage/sondage_fiche/1849/fichier_pop2017_-_intentions_de_vote_-_vague_1_-_210416c60cf.pdf,BVA,,,,,949,,Premier tour,variante_3,Philippe Poutou,2.0
,BVA du 15 au 17 (WP),http://www.bva.fr/data/sondage/sondage_fiche/1849/fichier_pop2017_-_intentions_de_vote_-_vague_1_-_210416c60cf.pdf,BVA,,,,,949,,Premier tour,variante_3,Jean-Luc Mélenchon,12.0
,BVA du 15 au 17 (WP),http://www.bva.fr/data/sondage/sondage_fiche/1849/fichier_pop2017_-_intentions_de_vote_-_vague_1_-_210416c60cf.pdf,BVA,,,,,949,,Premier tour,variante_3,Cécile Duflot,3.0
,BVA du 15 au 17 (WP),http://www.bva.fr/data/sondage/sondage_fiche/1849/fichier_pop2017_-_intentions_de_vote_-_vague_1_-_210416c60cf.pdf,BVA,,,,,949,,Premier tour,variante_3,François Hollande,14.0
,BVA du 15 au 17 (WP),http://www.bva.fr/data/sondage/sondage_fiche/1849/fichier_pop2017_-_intentions_de_vote_-_vague_1_-_210416c60cf.pdf,BVA,,,,,949,,Premier tour,variante_3,François Bayrou,12.0
,BVA du 15 au 17 (WP),http://www.bva.fr/data/sondage/sondage_fiche/1849/fichier_pop2017_-_intentions_de_vote_-_vague_1_-_210416c60cf.pdf,BVA,,,,,949,,Premier tour,variante_3,Nicolas Sarkozy,22.0
,BVA du 15 au 17 (WP),http://www.bva.fr/data/sondage/sondage_fiche/1849/fichier_pop2017_-_intentions_de_vote_-_vague_1_-_210416c60cf.pdf,BVA,,,,,949,,Premier tour,variante_3,Nicolas Dupont-Aignan,6.0
,BVA du 15 au 17 (WP),http://www.bva.fr/data/sondage/sondage_fiche/1849/fichier_pop2017_-_intentions_de_vote_-_vague_1_-_210416c60cf.pdf,BVA,,,,,949,,Premier tour,variante_3,Marine Le Pen,27.0
,BVA du 15 au 17 (WP),http://www.bva.fr/data/sondage/sondage_fiche/1849/fichier_pop2017_-_intentions_de_vote_-_vague_1_-_210416c60cf.pdf,BVA,,,,,949,,Premier tour,variante_4,Nathalie Arthaud,1.5
,BVA du 15 au 17 (WP),http://www.bva.fr/data/sondage/sondage_fiche/1849/fichier_pop2017_-_intentions_de_vote_-_vague_1_-_210416c60cf.pdf,BVA,,,,,949,,Premier tour,variante_4,Philippe Poutou,2.5
,BVA du 15 au 17 (WP),http://www.bva.fr/data/sondage/sondage_fiche/1849/fichier_pop2017_-_intentions_de_vote_-_vague_1_-_210416c60cf.pdf,BVA,,,,,949,,Premier tour,variante_4,Jean-Luc Mélenchon,13.0
,BVA du 15 au 17 (WP),http://www.bva.fr/data/sondage/sondage_fiche/1849/fichier_pop2017_-_intentions_de_vote_-_vague_1_-_210416c60cf.pdf,BVA,,,,,949,,Premier tour,variante_4,Cécile Duflot,3.0
,BVA du 15 au 17 (WP),http://www.bva.fr/data/sondage/sondage_fiche/1849/fichier_pop2017_-_intentions_de_vote_-_vague_1_-_210416c60cf.pdf,BVA,,,,,949,,Premier tour,variante_4,François Hollande,14.0
,BVA du 15 au 17 (WP),http://www.bva.fr/data/sondage/sondage_fiche/1849/fichier_pop2017_-_intentions_de_vote_-_vague_1_-_210416c60cf.pdf,BVA,,,,,949,,Premier tour,variante_4,François Bayrou,11.0
,BVA du 15 au 17 (WP),http://www.bva.fr/data/sondage/sondage_fiche/1849/fichier_pop2017_-_intentions_de_vote_-_vague_1_-_210416c60cf.pdf,BVA,,,,,949,,Premier tour,variante_4,François Fillon,21.0
,BVA du 15 au 17 (WP),http://www.bva.fr/data/sondage/sondage_fiche/1849/fichier_pop2017_-_intentions_de_vote_-_vague_1_-_210416c60cf.pdf,BVA,,,,,949,,Premier tour,variante_4,Nicolas Dupont-Aignan,4.0
,BVA du 15 au 17 (WP),http://www.bva.fr/data/sondage/sondage_fiche/1849/fichier_pop2017_-_intentions_de_vote_-_vague_1_-_210416c60cf.pdf,BVA,,,,,949,,Premier tour,variante_4,Marine Le Pen,29.0
,BVA du 15 au 17 (WP),http://www.bva.fr/data/sondage/sondage_fiche/1849/fichier_pop2017_-_intentions_de_vote_-_vague_1_-_210416c60cf.pdf,BVA,,,,,949,,Premier tour,variante_5,Nathalie Arthaud,2.0
,BVA du 15 au 17 (WP),http://www.bva.fr/data/sondage/sondage_fiche/1849/fichier_pop2017_-_intentions_de_vote_-_vague_1_-_210416c60cf.pdf,BVA,,,,,949,,Premier tour,variante_5,Philippe Poutou,2.0
,BVA du 15 au 17 (WP),http://www.bva.fr/data/sondage/sondage_fiche/1849/fichier_pop2017_-_intentions_de_vote_-_vague_1_-_210416c60cf.pdf,BVA,,,,,949,,Premier tour,variante_5,Jean-Luc Mélenchon,13.0
,BVA du 15 au 17 (WP),http://www.bva.fr/data/sondage/sondage_fiche/1849/fichier_pop2017_-_intentions_de_vote_-_vague_1_-_210416c60cf.pdf,BVA,,,,,949,,Premier tour,variante_5,Cécile Duflot,3.0
,BVA du 15 au 17 (WP),http://www.bva.fr/data/sondage/sondage_fiche/1849/fichier_pop2017_-_intentions_de_vote_-_vague_1_-_210416c60cf.pdf,BVA,,,,,949,,Premier tour,variante_5,François Hollande,15.0
,BVA du 15 au 17 (WP),http://www.bva.fr/data/sondage/sondage_fiche/1849/fichier_pop2017_-_intentions_de_vote_-_vague_1_-_210416c60cf.pdf,BVA,,,,,949,,Premier tour,variante_5,François Bayrou,11.0
,BVA du 15 au 17 (WP),http://www.bva.fr/data/sondage/sondage_fiche/1849/fichier_pop2017_-_intentions_de_vote_-_vague_1_-_210416c60cf.pdf,BVA,,,,,949,,Premier tour,variante_5,Bruno Le Maire,18.0
,BVA du 15 au 17 (WP),http://www.bva.fr/data/sondage/sondage_fiche/1849/fichier_pop2017_-_intentions_de_vote_-_vague_1_-_210416c60cf.pdf,BVA,,,,,949,,Premier tour,variante_5,Nicolas Dupont-Aignan,6.0
,BVA du 15 au 17 (WP),http://www.bva.fr/data/sondage/sondage_fiche/1849/fichier_pop2017_-_intentions_de_vote_-_vague_1_-_210416c60cf.pdf,BVA,,,,,949,,Premier tour,variante_5,Marine Le Pen,30.0
,TNS Sofres du 15 au 16 (WP),http://www.tns-sofres.com/publications/presidentielle-2017-intentions-de-vote-17-avril-2016,TNS Sofres,,,,,1000,,Premier tour,variante_1,Nathalie Arthaud,1.5
,TNS Sofres du 15 au 16 (WP),http://www.tns-sofres.com/publications/presidentielle-2017-intentions-de-vote-17-avril-2016,TNS Sofres,,,,,1000,,Premier tour,variante_1,Philippe Poutou,2.5
,TNS Sofres du 15 au 16 (WP),http://www.tns-sofres.com/publications/presidentielle-2017-intentions-de-vote-17-avril-2016,TNS Sofres,,,,,1000,,Premier tour,variante_1,Jean-Luc Mélenchon,13.0
,TNS Sofres du 15 au 16 (WP),http://www.tns-sofres.com/publications/presidentielle-2017-intentions-de-vote-17-avril-2016,TNS Sofres,,,,,1000,,Premier tour,variante_1,Cécile Duflot,3.0
,TNS Sofres du 15 au 16 (WP),http://www.tns-sofres.com/publications/presidentielle-2017-intentions-de-vote-17-avril-2016,TNS Sofres,,,,,1000,,Premier tour,variante_1,François Hollande,14.0
,TNS Sofres du 15 au 16 (WP),http://www.tns-sofres.com/publications/presidentielle-2017-intentions-de-vote-17-avril-2016,TNS Sofres,,,,,1000,,Premier tour,variante_1,François Bayrou,12.0
,TNS Sofres du 15 au 16 (WP),http://www.tns-sofres.com/publications/presidentielle-2017-intentions-de-vote-17-avril-2016,TNS Sofres,,,,,1000,,Premier tour,variante_1,Nicolas Sarkozy,23.0
,TNS Sofres du 15 au 16 (WP),http://www.tns-sofres.com/publications/presidentielle-2017-intentions-de-vote-17-avril-2016,TNS Sofres,,,,,1000,,Premier tour,variante_1,Nicolas Dupont-Aignan,6.0
,TNS Sofres du 15 au 16 (WP),http://www.tns-sofres.com/publications/presidentielle-2017-intentions-de-vote-17-avril-2016,TNS Sofres,,,,,1000,,Premier tour,variante_1,Marine Le Pen,25.0
,TNS Sofres du 15 au 16 (WP),http://www.tns-sofres.com/publications/presidentielle-2017-intentions-de-vote-17-avril-2016,TNS Sofres,,,,,1000,,Premier tour,variante_2,Nathalie Arthaud,2.0
,TNS Sofres du 15 au 16 (WP),http://www.tns-sofres.com/publications/presidentielle-2017-intentions-de-vote-17-avril-2016,TNS Sofres,,,,,1000,,Premier tour,variante_2,Philippe Poutou,3.0
,TNS Sofres du 15 au 16 (WP),http://www.tns-sofres.com/publications/presidentielle-2017-intentions-de-vote-17-avril-2016,TNS Sofres,,,,,1000,,Premier tour,variante_2,Jean-Luc Mélenchon,14.0
,TNS Sofres du 15 au 16 (WP),http://www.tns-sofres.com/publications/presidentielle-2017-intentions-de-vote-17-avril-2016,TNS Sofres,,,,,1000,,Premier tour,variante_2,Cécile Duflot,4.0
,TNS Sofres du 15 au 16 (WP),http://www.tns-sofres.com/publications/presidentielle-2017-intentions-de-vote-17-avril-2016,TNS Sofres,,,,,1000,,Premier tour,variante_2,François Hollande,16.0
,TNS Sofres du 15 au 16 (WP),http://www.tns-sofres.com/publications/presidentielle-2017-intentions-de-vote-17-avril-2016,TNS Sofres,,,,,1000,,Premier tour,variante_2,Nicolas Sarkozy,24.0
,TNS Sofres du 15 au 16 (WP),http://www.tns-sofres.com/publications/presidentielle-2017-intentions-de-vote-17-avril-2016,TNS Sofres,,,,,1000,,Premier tour,variante_2,Nicolas Dupont-Aignan,8.0
,TNS Sofres du 15 au 16 (WP),http://www.tns-sofres.com/publications/presidentielle-2017-intentions-de-vote-17-avril-2016,TNS Sofres,,,,,1000,,Premier tour,variante_2,Marine Le Pen,29.0
,TNS Sofres du 15 au 16 (WP),http://www.tns-sofres.com/publications/presidentielle-2017-intentions-de-vote-17-avril-2016,TNS Sofres,,,,,1000,,Premier tour,variante_3,Nathalie Arthaud,2.0
,TNS Sofres du 15 au 16 (WP),http://www.tns-sofres.com/publications/presidentielle-2017-intentions-de-vote-17-avril-2016,TNS Sofres,,,,,1000,,Premier tour,variante_3,Philippe Poutou,2.0
,TNS Sofres du 15 au 16 (WP),http://www.tns-sofres.com/publications/presidentielle-2017-intentions-de-vote-17-avril-2016,TNS Sofres,,,,,1000,,Premier tour,variante_3,Jean-Luc Mélenchon,12.0
,TNS Sofres du 15 au 16 (WP),http://www.tns-sofres.com/publications/presidentielle-2017-intentions-de-vote-17-avril-2016,TNS Sofres,,,,,1000,,Premier tour,variante_3,Cécile Duflot,4.0
,TNS Sofres du 15 au 16 (WP),http://www.tns-sofres.com/publications/presidentielle-2017-intentions-de-vote-17-avril-2016,TNS Sofres,,,,,1000,,Premier tour,variante_3,François Hollande,13.0
,TNS Sofres du 15 au 16 (WP),http://www.tns-sofres.com/publications/presidentielle-2017-intentions-de-vote-17-avril-2016,TNS Sofres,,,,,1000,,Premier tour,variante_3,Alain Juppé,35.0
,TNS Sofres du 15 au 16 (WP),http://www.tns-sofres.com/publications/presidentielle-2017-intentions-de-vote-17-avril-2016,TNS Sofres,,,,,1000,,Premier tour,variante_3,Nicolas Dupont-Aignan,6.0
,TNS Sofres du 15 au 16 (WP),http://www.tns-sofres.com/publications/presidentielle-2017-intentions-de-vote-17-avril-2016,TNS Sofres,,,,,1000,,Premier tour,variante_3,Marine Le Pen,26.0
,TNS Sofres du 15 au 16 (WP),http://www.tns-sofres.com/publications/presidentielle-2017-intentions-de-vote-17-avril-2016,TNS Sofres,,,,,1000,,Premier tour,variante_4,Nathalie Arthaud,2.0
,TNS Sofres du 15 au 16 (WP),http://www.tns-sofres.com/publications/presidentielle-2017-intentions-de-vote-17-avril-2016,TNS Sofres,,,,,1000,,Premier tour,variante_4,Philippe Poutou,3.0
,TNS Sofres du 15 au 16 (WP),http://www.tns-sofres.com/publications/presidentielle-2017-intentions-de-vote-17-avril-2016,TNS Sofres,,,,,1000,,Premier tour,variante_4,Jean-Luc Mélenchon,14.0
,TNS Sofres du 15 au 16 (WP),http://www.tns-sofres.com/publications/presidentielle-2017-intentions-de-vote-17-avril-2016,TNS Sofres,,,,,1000,,Premier tour,variante_4,Cécile Duflot,4.0
,TNS Sofres du 15 au 16 (WP),http://www.tns-sofres.com/publications/presidentielle-2017-intentions-de-vote-17-avril-2016,TNS Sofres,,,,,1000,,Premier tour,variante_4,François Hollande,14.0
,TNS Sofres du 15 au 16 (WP),http://www.tns-sofres.com/publications/presidentielle-2017-intentions-de-vote-17-avril-2016,TNS Sofres,,,,,1000,,Premier tour,variante_4,François Fillon,23.0
,TNS Sofres du 15 au 16 (WP),http://www.tns-sofres.com/publications/presidentielle-2017-intentions-de-vote-17-avril-2016,TNS Sofres,,,,,1000,,Premier tour,variante_4,Nicolas Dupont-Aignan,8.0
,TNS Sofres du 15 au 16 (WP),http://www.tns-sofres.com/publications/presidentielle-2017-intentions-de-vote-17-avril-2016,TNS Sofres,,,,,1000,,Premier tour,variante_4,Marine Le Pen,32.0
,TNS Sofres du 15 au 16 (WP),http://www.tns-sofres.com/publications/presidentielle-2017-intentions-de-vote-17-avril-2016,TNS Sofres,,,,,1000,,Premier tour,variante_5,Nathalie Arthaud,2.0
,TNS Sofres du 15 au 16 (WP),http://www.tns-sofres.com/publications/presidentielle-2017-intentions-de-vote-17-avril-2016,TNS Sofres,,,,,1000,,Premier tour,variante_5,Philippe Poutou,3.0
,TNS Sofres du 15 au 16 (WP),http://www.tns-sofres.com/publications/presidentielle-2017-intentions-de-vote-17-avril-2016,TNS Sofres,,,,,1000,,Premier tour,variante_5,Jean-Luc Mélenchon,16.0
,TNS Sofres du 15 au 16 (WP),http://www.tns-sofres.com/publications/presidentielle-2017-intentions-de-vote-17-avril-2016,TNS Sofres,,,,,1000,,Premier tour,variante_5,Cécile Duflot,5.0
,TNS Sofres du 15 au 16 (WP),http://www.tns-sofres.com/publications/presidentielle-2017-intentions-de-vote-17-avril-2016,TNS Sofres,,,,,1000,,Premier tour,variante_5,François Hollande,15.0
,TNS Sofres du 15 au 16 (WP),http://www.tns-sofres.com/publications/presidentielle-2017-intentions-de-vote-17-avril-2016,TNS Sofres,,,,,1000,,Premier tour,variante_5,Bruno Le Maire,21.0
,TNS Sofres du 15 au 16 (WP),http://www.tns-sofres.com/publications/presidentielle-2017-intentions-de-vote-17-avril-2016,TNS Sofres,,,,,1000,,Premier tour,variante_5,Nicolas Dupont-Aignan,8.0
,TNS Sofres du 15 au 16 (WP),http://www.tns-sofres.com/publications/presidentielle-2017-intentions-de-vote-17-avril-2016,TNS Sofres,,,,,1000,,Premier tour,variante_5,Marine Le Pen,30.0
,Ifop du 12 au 14 (WP),http://www.ifop.com/media/poll/3363-1-study_file.pdf,Ifop,,,,,1876,,Premier tour,variante_2,Nathalie Arthaud,1.0
,Ifop du 12 au 14 (WP),http://www.ifop.com/media/poll/3363-1-study_file.pdf,Ifop,,,,,1876,,Premier tour,variante_2,Philippe Poutou,1.0
,Ifop du 12 au 14 (WP),http://www.ifop.com/media/poll/3363-1-study_file.pdf,Ifop,,,,,1876,,Premier tour,variante_2,Jean-Luc Mélenchon,11.0
,Ifop du 12 au 14 (WP),http://www.ifop.com/media/poll/3363-1-study_file.pdf,Ifop,,,,,1876,,Premier tour,variante_2,Cécile Duflot,1.0
,Ifop du 12 au 14 (WP),http://www.ifop.com/media/poll/3363-1-study_file.pdf,Ifop,,,,,1876,,Premier tour,variante_2,François Hollande,14.0
,Ifop du 12 au 14 (WP),http://www.ifop.com/media/poll/3363-1-study_file.pdf,Ifop,,,,,1876,,Premier tour,variante_2,François Bayrou,7.0
,Ifop du 12 au 14 (WP),http://www.ifop.com/media/poll/3363-1-study_file.pdf,Ifop,,,,,1876,,Premier tour,variante_2,Alain Juppé,34.0
,Ifop du 12 au 14 (WP),http://www.ifop.com/media/poll/3363-1-study_file.pdf,Ifop,,,,,1876,,Premier tour,variante_2,Nicolas Dupont-Aignan,4.0
,Ifop du 12 au 14 (WP),http://www.ifop.com/media/poll/3363-1-study_file.pdf,Ifop,,,,,1876,,Premier tour,variante_2,Marine Le Pen,26.5
,Ifop du 12 au 14 (WP),http://www.ifop.com/media/poll/3363-1-study_file.pdf,Ifop,,,,,1876,,Premier tour,variante_3,Nathalie Arthaud,1.0
,Ifop du 12 au 14 (WP),http://www.ifop.com/media/poll/3363-1-study_file.pdf,Ifop,,,,,1876,,Premier tour,variante_3,Philippe Poutou,1.0
,Ifop du 12 au 14 (WP),http://www.ifop.com/media/poll/3363-1-study_file.pdf,Ifop,,,,,1876,,Premier tour,variante_3,Jean-Luc Mélenchon,12.5
,Ifop du 12 au 14 (WP),http://www.ifop.com/media/poll/3363-1-study_file.pdf,Ifop,,,,,1876,,Premier tour,variante_3,Cécile Duflot,1.5
,Ifop du 12 au 14 (WP),http://www.ifop.com/media/poll/3363-1-study_file.pdf,Ifop,,,,,1876,,Premier tour,variante_3,François Hollande,16.0
,Ifop du 12 au 14 (WP),http://www.ifop.com/media/poll/3363-1-study_file.pdf,Ifop,,,,,1876,,Premier tour,variante_3,François Bayrou,12.0
,Ifop du 12 au 14 (WP),http://www.ifop.com/media/poll/3363-1-study_file.pdf,Ifop,,,,,1876,,Premier tour,variante_3,Nicolas Sarkozy,21.0
,Ifop du 12 au 14 (WP),http://www.ifop.com/media/poll/3363-1-study_file.pdf,Ifop,,,,,1876,,Premier tour,variante_3,Nicolas Dupont-Aignan,5.0
,Ifop du 12 au 14 (WP),http://www.ifop.com/media/poll/3363-1-study_file.pdf,Ifop,,,,,1876,,Premier tour,variante_3,Marine Le Pen,27.5
,Ifop du 12 au 14 (WP),http://www.ifop.com/media/poll/3363-1-study_file.pdf,Ifop,,,,,1876,,Premier tour,variante_4,Nathalie Arthaud,1.0
,Ifop du 12 au 14 (WP),http://www.ifop.com/media/poll/3363-1-study_file.pdf,Ifop,,,,,1876,,Premier tour,variante_4,Philippe Poutou,1.5
,Ifop du 12 au 14 (WP),http://www.ifop.com/media/poll/3363-1-study_file.pdf,Ifop,,,,,1876,,Premier tour,variante_4,Jean-Luc Mélenchon,12.5
,Ifop du 12 au 14 (WP),http://www.ifop.com/media/poll/3363-1-study_file.pdf,Ifop,,,,,1876,,Premier tour,variante_4,Cécile Duflot,1.5
,Ifop du 12 au 14 (WP),http://www.ifop.com/media/poll/3363-1-study_file.pdf,Ifop,,,,,1876,,Premier tour,variante_4,François Hollande,16.0
,Ifop du 12 au 14 (WP),http://www.ifop.com/media/poll/3363-1-study_file.pdf,Ifop,,,,,1876,,Premier tour,variante_4,François Bayrou,12.0
,Ifop du 12 au 14 (WP),http://www.ifop.com/media/poll/3363-1-study_file.pdf,Ifop,,,,,1876,,Premier tour,variante_4,François Fillon,21.0
,Ifop du 12 au 14 (WP),http://www.ifop.com/media/poll/3363-1-study_file.pdf,Ifop,,,,,1876,,Premier tour,variante_4,Nicolas Dupont-Aignan,6.0
,Ifop du 12 au 14 (WP),http://www.ifop.com/media/poll/3363-1-study_file.pdf,Ifop,,,,,1876,,Premier tour,variante_4,Marine Le Pen,28.0
,Ifop du 12 au 14 (WP),http://www.ifop.com/media/poll/3363-1-study_file.pdf,Ifop,,,,,1876,,Premier tour,variante_5,Nathalie Arthaud,1.0
,Ifop du 12 au 14 (WP),http://www.ifop.com/media/poll/3363-1-study_file.pdf,Ifop,,,,,1876,,Premier tour,variante_5,Philippe Poutou,1.0
,Ifop du 12 au 14 (WP),http://www.ifop.com/media/poll/3363-1-study_file.pdf,Ifop,,,,,1876,,Premier tour,variante_5,Jean-Luc Mélenchon,13.5
,Ifop du 12 au 14 (WP),http://www.ifop.com/media/poll/3363-1-study_file.pdf,Ifop,,,,,1876,,Premier tour,variante_5,Cécile Duflot,1.5
,Ifop du 12 au 14 (WP),http://www.ifop.com/media/poll/3363-1-study_file.pdf,Ifop,,,,,1876,,Premier tour,variante_5,François Hollande,16.0
,Ifop du 12 au 14 (WP),http://www.ifop.com/media/poll/3363-1-study_file.pdf,Ifop,,,,,1876,,Premier tour,variante_5,François Bayrou,13.0
,Ifop du 12 au 14 (WP),http://www.ifop.com/media/poll/3363-1-study_file.pdf,Ifop,,,,,1876,,Premier tour,variante_5,Bruno Le Maire,20.0
,Ifop du 12 au 14 (WP),http://www.ifop.com/media/poll/3363-1-study_file.pdf,Ifop,,,,,1876,,Premier tour,variante_5,Nicolas Dupont-Aignan,5.5
,Ifop du 12 au 14 (WP),http://www.ifop.com/media/poll/3363-1-study_file.pdf,Ifop,,,,,1876,,Premier tour,variante_5,Marine Le Pen,28.0
,Ifop du 12 au 14 (WP),http://www.ifop.com/media/poll/3363-1-study_file.pdf,Ifop,,,,,1876,,Premier tour,variante_6,Nathalie Arthaud,1.0
,Ifop du 12 au 14 (WP),http://www.ifop.com/media/poll/3363-1-study_file.pdf,Ifop,,,,,1876,,Premier tour,variante_6,Philippe Poutou,1.0
,Ifop du 12 au 14 (WP),http://www.ifop.com/media/poll/3363-1-study_file.pdf,Ifop,,,,,1876,,Premier tour,variante_6,Jean-Luc Mélenchon,12.0
,Ifop du 12 au 14 (WP),http://www.ifop.com/media/poll/3363-1-study_file.pdf,Ifop,,,,,1876,,Premier tour,variante_6,Cécile Duflot,1.5
,Ifop du 12 au 14 (WP),http://www.ifop.com/media/poll/3363-1-study_file.pdf,Ifop,,,,,1876,,Premier tour,variante_6,François Hollande,15.0
,Ifop du 12 au 14 (WP),http://www.ifop.com/media/poll/3363-1-study_file.pdf,Ifop,,,,,1876,,Premier tour,variante_6,Alain Juppé,37.0
,Ifop du 12 au 14 (WP),http://www.ifop.com/media/poll/3363-1-study_file.pdf,Ifop,,,,,1876,,Premier tour,variante_6,Nicolas Dupont-Aignan,5.0
,Ifop du 12 au 14 (WP),http://www.ifop.com/media/poll/3363-1-study_file.pdf,Ifop,,,,,1876,,Premier tour,variante_6,Marine Le Pen,27.0
,Ifop du 12 au 14 (WP),http://www.ifop.com/media/poll/3363-1-study_file.pdf,Ifop,,,,,1876,,Premier tour,variante_7,Nathalie Arthaud,1.0
,Ifop du 12 au 14 (WP),http://www.ifop.com/media/poll/3363-1-study_file.pdf,Ifop,,,,,1876,,Premier tour,variante_7,Philippe Poutou,1.0
,Ifop du 12 au 14 (WP),http://www.ifop.com/media/poll/3363-1-study_file.pdf,Ifop,,,,,1876,,Premier tour,variante_7,Jean-Luc Mélenchon,13.5
,Ifop du 12 au 14 (WP),http://www.ifop.com/media/poll/3363-1-study_file.pdf,Ifop,,,,,1876,,Premier tour,variante_7,Cécile Duflot,1.5
,Ifop du 12 au 14 (WP),http://www.ifop.com/media/poll/3363-1-study_file.pdf,Ifop,,,,,1876,,Premier tour,variante_7,Manuel Valls,17.0
,Ifop du 12 au 14 (WP),http://www.ifop.com/media/poll/3363-1-study_file.pdf,Ifop,,,,,1876,,Premier tour,variante_7,François Bayrou,12.5
,Ifop du 12 au 14 (WP),http://www.ifop.com/media/poll/3363-1-study_file.pdf,Ifop,,,,,1876,,Premier tour,variante_7,Nicolas Sarkozy,21.0
,Ifop du 12 au 14 (WP),http://www.ifop.com/media/poll/3363-1-study_file.pdf,Ifop,,,,,1876,,Premier tour,variante_7,Nicolas Dupont-Aignan,5.0
,Ifop du 12 au 14 (WP),http://www.ifop.com/media/poll/3363-1-study_file.pdf,Ifop,,,,,1876,,Premier tour,variante_7,Marine Le Pen,27.0
,Ifop du 12 au 14 (WP),http://www.ifop.com/media/poll/3363-1-study_file.pdf,Ifop,,,,,1876,,Premier tour,variante_8,Nathalie Arthaud,1.0
,Ifop du 12 au 14 (WP),http://www.ifop.com/media/poll/3363-1-study_file.pdf,Ifop,,,,,1876,,Premier tour,variante_8,Philippe Poutou,1.0
,Ifop du 12 au 14 (WP),http://www.ifop.com/media/poll/3363-1-study_file.pdf,Ifop,,,,,1876,,Premier tour,variante_8,Jean-Luc Mélenchon,12.5
,Ifop du 12 au 14 (WP),http://www.ifop.com/media/poll/3363-1-study_file.pdf,Ifop,,,,,1876,,Premier tour,variante_8,Cécile Duflot,1.5
,Ifop du 12 au 14 (WP),http://www.ifop.com/media/poll/3363-1-study_file.pdf,Ifop,,,,,1876,,Premier tour,variante_8,Manuel Valls,16.0
,Ifop du 12 au 14 (WP),http://www.ifop.com/media/poll/3363-1-study_file.pdf,Ifop,,,,,1876,,Premier tour,variante_8,Alain Juppé,36.0
,Ifop du 12 au 14 (WP),http://www.ifop.com/media/poll/3363-1-study_file.pdf,Ifop,,,,,1876,,Premier tour,variante_8,Nicolas Dupont-Aignan,4.5
,Ifop du 12 au 14 (WP),http://www.ifop.com/media/poll/3363-1-study_file.pdf,Ifop,,,,,1876,,Premier tour,variante_8,Marine Le Pen,27.0
,Ifop du 12 au 14 (WP),http://www.ifop.com/media/poll/3363-1-study_file.pdf,Ifop,,,,,1876,,Premier tour,variante_9,Nathalie Arthaud,0.5
,Ifop du 12 au 14 (WP),http://www.ifop.com/media/poll/3363-1-study_file.pdf,Ifop,,,,,1876,,Premier tour,variante_9,Philippe Poutou,1.5
,Ifop du 12 au 14 (WP),http://www.ifop.com/media/poll/3363-1-study_file.pdf,Ifop,,,,,1876,,Premier tour,variante_9,Jean-Luc Mélenchon,10.5
,Ifop du 12 au 14 (WP),http://www.ifop.com/media/poll/3363-1-study_file.pdf,Ifop,,,,,1876,,Premier tour,variante_9,Nicolas Hulot,7.0
,Ifop du 12 au 14 (WP),http://www.ifop.com/media/poll/3363-1-study_file.pdf,Ifop,,,,,1876,,Premier tour,variante_9,François Hollande,14.0
,Ifop du 12 au 14 (WP),http://www.ifop.com/media/poll/3363-1-study_file.pdf,Ifop,,,,,1876,,Premier tour,variante_9,Alain Juppé,36.0
,Ifop du 12 au 14 (WP),http://www.ifop.com/media/poll/3363-1-study_file.pdf,Ifop,,,,,1876,,Premier tour,variante_9,Nicolas Dupont-Aignan,4.0
,Ifop du 12 au 14 (WP),http://www.ifop.com/media/poll/3363-1-study_file.pdf,Ifop,,,,,1876,,Premier tour,variante_9,Marine Le Pen,26.0
,Ifop du 12 au 14 (WP),http://www.ifop.com/media/poll/3363-1-study_file.pdf,Ifop,,,,,1876,,Premier tour,variante_10,Nathalie Arthaud,1.0
,Ifop du 12 au 14 (WP),http://www.ifop.com/media/poll/3363-1-study_file.pdf,Ifop,,,,,1876,,Premier tour,variante_10,Philippe Poutou,1.0
,Ifop du 12 au 14 (WP),http://www.ifop.com/media/poll/3363-1-study_file.pdf,Ifop,,,,,1876,,Premier tour,variante_10,Jean-Luc Mélenchon,11.0
,Ifop du 12 au 14 (WP),http://www.ifop.com/media/poll/3363-1-study_file.pdf,Ifop,,,,,1876,,Premier tour,variante_10,Cécile Duflot,1.0
,Ifop du 12 au 14 (WP),http://www.ifop.com/media/poll/3363-1-study_file.pdf,Ifop,,,,,1876,,Premier tour,variante_10,Arnaud Montebourg,3.5
,Ifop du 12 au 14 (WP),http://www.ifop.com/media/poll/3363-1-study_file.pdf,Ifop,,,,,1876,,Premier tour,variante_10,François Hollande,14.0
,Ifop du 12 au 14 (WP),http://www.ifop.com/media/poll/3363-1-study_file.pdf,Ifop,,,,,1876,,Premier tour,variante_10,Alain Juppé,36.0
,Ifop du 12 au 14 (WP),http://www.ifop.com/media/poll/3363-1-study_file.pdf,Ifop,,,,,1876,,Premier tour,variante_10,Nicolas Dupont-Aignan,5.0
,Ifop du 12 au 14 (WP),http://www.ifop.com/media/poll/3363-1-study_file.pdf,Ifop,,,,,1876,,Premier tour,variante_10,Marine Le Pen,27.0
,Ifop du 12 au 14 (WP),http://www.ifop.com/media/poll/3363-1-study_file.pdf,Ifop,,,,,1876,,Premier tour,variante_11,Nathalie Arthaud,1.0
,Ifop du 12 au 14 (WP),http://www.ifop.com/media/poll/3363-1-study_file.pdf,Ifop,,,,,1876,,Premier tour,variante_11,Philippe Poutou,2.0
,Ifop du 12 au 14 (WP),http://www.ifop.com/media/poll/3363-1-study_file.pdf,Ifop,,,,,1876,,Premier tour,variante_11,Jean-Luc Mélenchon,12.0
,Ifop du 12 au 14 (WP),http://www.ifop.com/media/poll/3363-1-study_file.pdf,Ifop,,,,,1876,,Premier tour,variante_11,Cécile Duflot,1.0
,Ifop du 12 au 14 (WP),http://www.ifop.com/media/poll/3363-1-study_file.pdf,Ifop,,,,,1876,,Premier tour,variante_11,Arnaud Montebourg,4.0
,Ifop du 12 au 14 (WP),http://www.ifop.com/media/poll/3363-1-study_file.pdf,Ifop,,,,,1876,,Premier tour,variante_11,Emmanuel Macron,16.0
,Ifop du 12 au 14 (WP),http://www.ifop.com/media/poll/3363-1-study_file.pdf,Ifop,,,,,1876,,Premier tour,variante_11,Alain Juppé,33.0
,Ifop du 12 au 14 (WP),http://www.ifop.com/media/poll/3363-1-study_file.pdf,Ifop,,,,,1876,,Premier tour,variante_11,Nicolas Dupont-Aignan,4.5
,Ifop du 12 au 14 (WP),http://www.ifop.com/media/poll/3363-1-study_file.pdf,Ifop,,,,,1876,,Premier tour,variante_11,Marine Le Pen,26.0
,Harris Interactive du 11 au 13 (WP),http://harris-interactive.fr/wp-content/uploads/sites/6/2016/04/Rapport-Harris-Le-regard-des-Fran%C3%A7ais-sur-lavenir-politique-de-Nicolas-Hulot-We-Demain.pdf,Harris Interactive,,,,,1535,,Premier tour,variante_1,Nathalie Arthaud,1.0
,Harris Interactive du 11 au 13 (WP),http://harris-interactive.fr/wp-content/uploads/sites/6/2016/04/Rapport-Harris-Le-regard-des-Fran%C3%A7ais-sur-lavenir-politique-de-Nicolas-Hulot-We-Demain.pdf,Harris Interactive,,,,,1535,,Premier tour,variante_1,Philippe Poutou,1.0
,Harris Interactive du 11 au 13 (WP),http://harris-interactive.fr/wp-content/uploads/sites/6/2016/04/Rapport-Harris-Le-regard-des-Fran%C3%A7ais-sur-lavenir-politique-de-Nicolas-Hulot-We-Demain.pdf,Harris Interactive,,,,,1535,,Premier tour,variante_1,Jean-Luc Mélenchon,10.0
,Harris Interactive du 11 au 13 (WP),http://harris-interactive.fr/wp-content/uploads/sites/6/2016/04/Rapport-Harris-Le-regard-des-Fran%C3%A7ais-sur-lavenir-politique-de-Nicolas-Hulot-We-Demain.pdf,Harris Interactive,,,,,1535,,Premier tour,variante_1,Cécile Duflot,1.0
,Harris Interactive du 11 au 13 (WP),http://harris-interactive.fr/wp-content/uploads/sites/6/2016/04/Rapport-Harris-Le-regard-des-Fran%C3%A7ais-sur-lavenir-politique-de-Nicolas-Hulot-We-Demain.pdf,Harris Interactive,,,,,1535,,Premier tour,variante_1,Nicolas Hulot,9.0
,Harris Interactive du 11 au 13 (WP),http://harris-interactive.fr/wp-content/uploads/sites/6/2016/04/Rapport-Harris-Le-regard-des-Fran%C3%A7ais-sur-lavenir-politique-de-Nicolas-Hulot-We-Demain.pdf,Harris Interactive,,,,,1535,,Premier tour,variante_1,François Hollande,14.0
,Harris Interactive du 11 au 13 (WP),http://harris-interactive.fr/wp-content/uploads/sites/6/2016/04/Rapport-Harris-Le-regard-des-Fran%C3%A7ais-sur-lavenir-politique-de-Nicolas-Hulot-We-Demain.pdf,Harris Interactive,,,,,1535,,Premier tour,variante_1,François Bayrou,12.0
,Harris Interactive du 11 au 13 (WP),http://harris-interactive.fr/wp-content/uploads/sites/6/2016/04/Rapport-Harris-Le-regard-des-Fran%C3%A7ais-sur-lavenir-politique-de-Nicolas-Hulot-We-Demain.pdf,Harris Interactive,,,,,1535,,Premier tour,variante_1,Nicolas Sarkozy,19.0
,Harris Interactive du 11 au 13 (WP),http://harris-interactive.fr/wp-content/uploads/sites/6/2016/04/Rapport-Harris-Le-regard-des-Fran%C3%A7ais-sur-lavenir-politique-de-Nicolas-Hulot-We-Demain.pdf,Harris Interactive,,,,,1535,,Premier tour,variante_1,Nicolas Dupont-Aignan,6.0
,Harris Interactive du 11 au 13 (WP),http://harris-interactive.fr/wp-content/uploads/sites/6/2016/04/Rapport-Harris-Le-regard-des-Fran%C3%A7ais-sur-lavenir-politique-de-Nicolas-Hulot-We-Demain.pdf,Harris Interactive,,,,,1535,,Premier tour,variante_1,Marine Le Pen,27.0
,Harris Interactive du 11 au 13 (WP),http://harris-interactive.fr/wp-content/uploads/sites/6/2016/04/Rapport-Harris-Le-regard-des-Fran%C3%A7ais-sur-lavenir-politique-de-Nicolas-Hulot-We-Demain.pdf,Harris Interactive,,,,,1535,,Premier tour,variante_2,Nathalie Arthaud,2.0
,Harris Interactive du 11 au 13 (WP),http://harris-interactive.fr/wp-content/uploads/sites/6/2016/04/Rapport-Harris-Le-regard-des-Fran%C3%A7ais-sur-lavenir-politique-de-Nicolas-Hulot-We-Demain.pdf,Harris Interactive,,,,,1535,,Premier tour,variante_2,Philippe Poutou,1.0
,Harris Interactive du 11 au 13 (WP),http://harris-interactive.fr/wp-content/uploads/sites/6/2016/04/Rapport-Harris-Le-regard-des-Fran%C3%A7ais-sur-lavenir-politique-de-Nicolas-Hulot-We-Demain.pdf,Harris Interactive,,,,,1535,,Premier tour,variante_2,Jean-Luc Mélenchon,11.0
,Harris Interactive du 11 au 13 (WP),http://harris-interactive.fr/wp-content/uploads/sites/6/2016/04/Rapport-Harris-Le-regard-des-Fran%C3%A7ais-sur-lavenir-politique-de-Nicolas-Hulot-We-Demain.pdf,Harris Interactive,,,,,1535,,Premier tour,variante_2,Cécile Duflot,2.0
,Harris Interactive du 11 au 13 (WP),http://harris-interactive.fr/wp-content/uploads/sites/6/2016/04/Rapport-Harris-Le-regard-des-Fran%C3%A7ais-sur-lavenir-politique-de-Nicolas-Hulot-We-Demain.pdf,Harris Interactive,,,,,1535,,Premier tour,variante_2,Nicolas Hulot,11.0
,Harris Interactive du 11 au 13 (WP),http://harris-interactive.fr/wp-content/uploads/sites/6/2016/04/Rapport-Harris-Le-regard-des-Fran%C3%A7ais-sur-lavenir-politique-de-Nicolas-Hulot-We-Demain.pdf,Harris Interactive,,,,,1535,,Premier tour,variante_2,François Hollande,13.0
,Harris Interactive du 11 au 13 (WP),http://harris-interactive.fr/wp-content/uploads/sites/6/2016/04/Rapport-Harris-Le-regard-des-Fran%C3%A7ais-sur-lavenir-politique-de-Nicolas-Hulot-We-Demain.pdf,Harris Interactive,,,,,1535,,Premier tour,variante_2,Alain Juppé,26.0
,Harris Interactive du 11 au 13 (WP),http://harris-interactive.fr/wp-content/uploads/sites/6/2016/04/Rapport-Harris-Le-regard-des-Fran%C3%A7ais-sur-lavenir-politique-de-Nicolas-Hulot-We-Demain.pdf,Harris Interactive,,,,,1535,,Premier tour,variante_2,Nicolas Dupont-Aignan,5.0
,Harris Interactive du 11 au 13 (WP),http://harris-interactive.fr/wp-content/uploads/sites/6/2016/04/Rapport-Harris-Le-regard-des-Fran%C3%A7ais-sur-lavenir-politique-de-Nicolas-Hulot-We-Demain.pdf,Harris Interactive,,,,,1535,,Premier tour,variante_2,Marine Le Pen,29.0
,Ipsos du 11 au 20 (WP),http://www.enef.fr/données-et-résultats/,Ipsos,,,,,20319,,Premier tour,variante_1,Nathalie Arthaud,1.5
,Ipsos du 11 au 20 (WP),http://www.enef.fr/données-et-résultats/,Ipsos,,,,,20319,,Premier tour,variante_1,Philippe Poutou,1.5
,Ipsos du 11 au 20 (WP),http://www.enef.fr/données-et-résultats/,Ipsos,,,,,20319,,Premier tour,variante_1,Jean-Luc Mélenchon,11.0
,Ipsos du 11 au 20 (WP),http://www.enef.fr/données-et-résultats/,Ipsos,,,,,20319,,Premier tour,variante_1,Cécile Duflot,3.0
,Ipsos du 11 au 20 (WP),http://www.enef.fr/données-et-résultats/,Ipsos,,,,,20319,,Premier tour,variante_1,François Hollande,16.0
,Ipsos du 11 au 20 (WP),http://www.enef.fr/données-et-résultats/,Ipsos,,,,,20319,,Premier tour,variante_1,François Bayrou,13.0
,Ipsos du 11 au 20 (WP),http://www.enef.fr/données-et-résultats/,Ipsos,,,,,20319,,Premier tour,variante_1,Nicolas Sarkozy,21.0
,Ipsos du 11 au 20 (WP),http://www.enef.fr/données-et-résultats/,Ipsos,,,,,20319,,Premier tour,variante_1,Nicolas Dupont-Aignan,6.0
,Ipsos du 11 au 20 (WP),http://www.enef.fr/données-et-résultats/,Ipsos,,,,,20319,,Premier tour,variante_1,Marine Le Pen,27.0
,Ipsos du 11 au 20 (WP),http://www.enef.fr/données-et-résultats/,Ipsos,,,,,20319,,Premier tour,variante_2,Nathalie Arthaud,1.5
,Ipsos du 11 au 20 (WP),http://www.enef.fr/données-et-résultats/,Ipsos,,,,,20319,,Premier tour,variante_2,Philippe Poutou,1.5
,Ipsos du 11 au 20 (WP),http://www.enef.fr/données-et-résultats/,Ipsos,,,,,20319,,Premier tour,variante_2,Jean-Luc Mélenchon,10.0
,Ipsos du 11 au 20 (WP),http://www.enef.fr/données-et-résultats/,Ipsos,,,,,20319,,Premier tour,variante_2,Cécile Duflot,3.0
,Ipsos du 11 au 20 (WP),http://www.enef.fr/données-et-résultats/,Ipsos,,,,,20319,,Premier tour,variante_2,François Hollande,14.0
,Ipsos du 11 au 20 (WP),http://www.enef.fr/données-et-résultats/,Ipsos,,,,,20319,,Premier tour,variante_2,François Bayrou,8.0
,Ipsos du 11 au 20 (WP),http://www.enef.fr/données-et-résultats/,Ipsos,,,,,20319,,Premier tour,variante_2,Alain Juppé,31.0
,Ipsos du 11 au 20 (WP),http://www.enef.fr/données-et-résultats/,Ipsos,,,,,20319,,Premier tour,variante_2,Nicolas Dupont-Aignan,5.0
,Ipsos du 11 au 20 (WP),http://www.enef.fr/données-et-résultats/,Ipsos,,,,,20319,,Premier tour,variante_2,Marine Le Pen,26.0
,Ipsos du 11 au 20 (WP),http://www.enef.fr/données-et-résultats/,Ipsos,,,,,20319,,Premier tour,variante_3,Nathalie Arthaud,1.5
,Ipsos du 11 au 20 (WP),http://www.enef.fr/données-et-résultats/,Ipsos,,,,,20319,,Premier tour,variante_3,Philippe Poutou,1.5
,Ipsos du 11 au 20 (WP),http://www.enef.fr/données-et-résultats/,Ipsos,,,,,20319,,Premier tour,variante_3,Jean-Luc Mélenchon,11.0
,Ipsos du 11 au 20 (WP),http://www.enef.fr/données-et-résultats/,Ipsos,,,,,20319,,Premier tour,variante_3,Cécile Duflot,3.0
,Ipsos du 11 au 20 (WP),http://www.enef.fr/données-et-résultats/,Ipsos,,,,,20319,,Premier tour,variante_3,François Hollande,15.0
,Ipsos du 11 au 20 (WP),http://www.enef.fr/données-et-résultats/,Ipsos,,,,,20319,,Premier tour,variante_3,Alain Juppé,36.0
,Ipsos du 11 au 20 (WP),http://www.enef.fr/données-et-résultats/,Ipsos,,,,,20319,,Premier tour,variante_3,Nicolas Dupont-Aignan,5.0
,Ipsos du 11 au 20 (WP),http://www.enef.fr/données-et-résultats/,Ipsos,,,,,20319,,Premier tour,variante_3,Marine Le Pen,27.0
,Ifop du 11 au 14 (WP),http://www.ifop.com/media/poll/3327-1-study_file.pdf,Ifop,,,,,1026,,Premier tour,variante_1,Nathalie Arthaud,1.0
,Ifop du 11 au 14 (WP),http://www.ifop.com/media/poll/3327-1-study_file.pdf,Ifop,,,,,1026,,Premier tour,variante_1,Philippe Poutou,2.0
,Ifop du 11 au 14 (WP),http://www.ifop.com/media/poll/3327-1-study_file.pdf,Ifop,,,,,1026,,Premier tour,variante_1,Jean-Luc Mélenchon,15.0
,Ifop du 11 au 14 (WP),http://www.ifop.com/media/poll/3327-1-study_file.pdf,Ifop,,,,,1026,,Premier tour,variante_1,Cécile Duflot,2.5
,Ifop du 11 au 14 (WP),http://www.ifop.com/media/poll/3327-1-study_file.pdf,Ifop,,,,,1026,,Premier tour,variante_1,Emmanuel Macron,17.0
,Ifop du 11 au 14 (WP),http://www.ifop.com/media/poll/3327-1-study_file.pdf,Ifop,,,,,1026,,Premier tour,variante_1,François Bayrou,11.0
,Ifop du 11 au 14 (WP),http://www.ifop.com/media/poll/3327-1-study_file.pdf,Ifop,,,,,1026,,Premier tour,variante_1,Nicolas Sarkozy,19.0
,Ifop du 11 au 14 (WP),http://www.ifop.com/media/poll/3327-1-study_file.pdf,Ifop,,,,,1026,,Premier tour,variante_1,Nicolas Dupont-Aignan,4.5
,Ifop du 11 au 14 (WP),http://www.ifop.com/media/poll/3327-1-study_file.pdf,Ifop,,,,,1026,,Premier tour,variante_1,Marine Le Pen,28.0
,Ifop du 11 au 14 (WP),http://www.ifop.com/media/poll/3327-1-study_file.pdf,Ifop,,,,,1026,,Premier tour,variante_2,Nathalie Arthaud,1.5
,Ifop du 11 au 14 (WP),http://www.ifop.com/media/poll/3327-1-study_file.pdf,Ifop,,,,,1026,,Premier tour,variante_2,Philippe Poutou,2.5
,Ifop du 11 au 14 (WP),http://www.ifop.com/media/poll/3327-1-study_file.pdf,Ifop,,,,,1026,,Premier tour,variante_2,Jean-Luc Mélenchon,15.0
,Ifop du 11 au 14 (WP),http://www.ifop.com/media/poll/3327-1-study_file.pdf,Ifop,,,,,1026,,Premier tour,variante_2,Cécile Duflot,2.5
,Ifop du 11 au 14 (WP),http://www.ifop.com/media/poll/3327-1-study_file.pdf,Ifop,,,,,1026,,Premier tour,variante_2,Emmanuel Macron,14.0
,Ifop du 11 au 14 (WP),http://www.ifop.com/media/poll/3327-1-study_file.pdf,Ifop,,,,,1026,,Premier tour,variante_2,Alain Juppé,32.0
,Ifop du 11 au 14 (WP),http://www.ifop.com/media/poll/3327-1-study_file.pdf,Ifop,,,,,1026,,Premier tour,variante_2,Nicolas Dupont-Aignan,3.0
,Ifop du 11 au 14 (WP),http://www.ifop.com/media/poll/3327-1-study_file.pdf,Ifop,,,,,1026,,Premier tour,variante_2,Marine Le Pen,29.5
,Ifop du 17 au 19 (WP),http://www.parismatch.com/Actu/Politique/Presidentielle-2017-les-scenarios-du-premier-tour-918511,Ifop,,,,,1843,,Premier tour,variante_1,Nathalie Arthaud,1.0
,Ifop du 17 au 19 (WP),http://www.parismatch.com/Actu/Politique/Presidentielle-2017-les-scenarios-du-premier-tour-918511,Ifop,,,,,1843,,Premier tour,variante_1,Philippe Poutou,1.5
,Ifop du 17 au 19 (WP),http://www.parismatch.com/Actu/Politique/Presidentielle-2017-les-scenarios-du-premier-tour-918511,Ifop,,,,,1843,,Premier tour,variante_1,Jean-Luc Mélenchon,11.5
,Ifop du 17 au 19 (WP),http://www.parismatch.com/Actu/Politique/Presidentielle-2017-les-scenarios-du-premier-tour-918511,Ifop,,,,,1843,,Premier tour,variante_1,Cécile Duflot,2.0
,Ifop du 17 au 19 (WP),http://www.parismatch.com/Actu/Politique/Presidentielle-2017-les-scenarios-du-premier-tour-918511,Ifop,,,,,1843,,Premier tour,variante_1,François Hollande,18.0
,Ifop du 17 au 19 (WP),http://www.parismatch.com/Actu/Politique/Presidentielle-2017-les-scenarios-du-premier-tour-918511,Ifop,,,,,1843,,Premier tour,variante_1,François Bayrou,15.0
,Ifop du 17 au 19 (WP),http://www.parismatch.com/Actu/Politique/Presidentielle-2017-les-scenarios-du-premier-tour-918511,Ifop,,,,,1843,,Premier tour,variante_1,Nicolas Sarkozy,21.0
,Ifop du 17 au 19 (WP),http://www.parismatch.com/Actu/Politique/Presidentielle-2017-les-scenarios-du-premier-tour-918511,Ifop,,,,,1843,,Premier tour,variante_1,Nicolas Dupont-Aignan,5.0
,Ifop du 17 au 19 (WP),http://www.parismatch.com/Actu/Politique/Presidentielle-2017-les-scenarios-du-premier-tour-918511,Ifop,,,,,1843,,Premier tour,variante_1,Marine Le Pen,25.0
,Ifop du 17 au 19 (WP),http://www.parismatch.com/Actu/Politique/Presidentielle-2017-les-scenarios-du-premier-tour-918511,Ifop,,,,,1843,,Premier tour,variante_2,Nathalie Arthaud,1.0
,Ifop du 17 au 19 (WP),http://www.parismatch.com/Actu/Politique/Presidentielle-2017-les-scenarios-du-premier-tour-918511,Ifop,,,,,1843,,Premier tour,variante_2,Philippe Poutou,1.0
,Ifop du 17 au 19 (WP),http://www.parismatch.com/Actu/Politique/Presidentielle-2017-les-scenarios-du-premier-tour-918511,Ifop,,,,,1843,,Premier tour,variante_2,Jean-Luc Mélenchon,10.0
,Ifop du 17 au 19 (WP),http://www.parismatch.com/Actu/Politique/Presidentielle-2017-les-scenarios-du-premier-tour-918511,Ifop,,,,,1843,,Premier tour,variante_2,Cécile Duflot,2.5
,Ifop du 17 au 19 (WP),http://www.parismatch.com/Actu/Politique/Presidentielle-2017-les-scenarios-du-premier-tour-918511,Ifop,,,,,1843,,Premier tour,variante_2,François Hollande,16.0
,Ifop du 17 au 19 (WP),http://www.parismatch.com/Actu/Politique/Presidentielle-2017-les-scenarios-du-premier-tour-918511,Ifop,,,,,1843,,Premier tour,variante_2,François Bayrou,8.5
,Ifop du 17 au 19 (WP),http://www.parismatch.com/Actu/Politique/Presidentielle-2017-les-scenarios-du-premier-tour-918511,Ifop,,,,,1843,,Premier tour,variante_2,Alain Juppé,30.0
,Ifop du 17 au 19 (WP),http://www.parismatch.com/Actu/Politique/Presidentielle-2017-les-scenarios-du-premier-tour-918511,Ifop,,,,,1843,,Premier tour,variante_2,Nicolas Dupont-Aignan,4.0
,Ifop du 17 au 19 (WP),http://www.parismatch.com/Actu/Politique/Presidentielle-2017-les-scenarios-du-premier-tour-918511,Ifop,,,,,1843,,Premier tour,variante_2,Marine Le Pen,27.0
,Ifop du 17 au 19 (WP),http://www.parismatch.com/Actu/Politique/Presidentielle-2017-les-scenarios-du-premier-tour-918511,Ifop,,,,,1843,,Premier tour,variante_3,Nathalie Arthaud,1.0
,Ifop du 17 au 19 (WP),http://www.parismatch.com/Actu/Politique/Presidentielle-2017-les-scenarios-du-premier-tour-918511,Ifop,,,,,1843,,Premier tour,variante_3,Philippe Poutou,1.0
,Ifop du 17 au 19 (WP),http://www.parismatch.com/Actu/Politique/Presidentielle-2017-les-scenarios-du-premier-tour-918511,Ifop,,,,,1843,,Premier tour,variante_3,Jean-Luc Mélenchon,12.0
,Ifop du 17 au 19 (WP),http://www.parismatch.com/Actu/Politique/Presidentielle-2017-les-scenarios-du-premier-tour-918511,Ifop,,,,,1843,,Premier tour,variante_3,Cécile Duflot,2.5
,Ifop du 17 au 19 (WP),http://www.parismatch.com/Actu/Politique/Presidentielle-2017-les-scenarios-du-premier-tour-918511,Ifop,,,,,1843,,Premier tour,variante_3,François Hollande,18.0
,Ifop du 17 au 19 (WP),http://www.parismatch.com/Actu/Politique/Presidentielle-2017-les-scenarios-du-premier-tour-918511,Ifop,,,,,1843,,Premier tour,variante_3,François Bayrou,14.5
,Ifop du 17 au 19 (WP),http://www.parismatch.com/Actu/Politique/Presidentielle-2017-les-scenarios-du-premier-tour-918511,Ifop,,,,,1843,,Premier tour,variante_3,François Fillon,18.0
,Ifop du 17 au 19 (WP),http://www.parismatch.com/Actu/Politique/Presidentielle-2017-les-scenarios-du-premier-tour-918511,Ifop,,,,,1843,,Premier tour,variante_3,Nicolas Dupont-Aignan,5.0
,Ifop du 17 au 19 (WP),http://www.parismatch.com/Actu/Politique/Presidentielle-2017-les-scenarios-du-premier-tour-918511,Ifop,,,,,1843,,Premier tour,variante_3,Marine Le Pen,28.0
,Ifop du 17 au 19 (WP),http://www.parismatch.com/Actu/Politique/Presidentielle-2017-les-scenarios-du-premier-tour-918511,Ifop,,,,,1843,,Premier tour,variante_4,Nathalie Arthaud,1.0
,Ifop du 17 au 19 (WP),http://www.parismatch.com/Actu/Politique/Presidentielle-2017-les-scenarios-du-premier-tour-918511,Ifop,,,,,1843,,Premier tour,variante_4,Philippe Poutou,1.0
,Ifop du 17 au 19 (WP),http://www.parismatch.com/Actu/Politique/Presidentielle-2017-les-scenarios-du-premier-tour-918511,Ifop,,,,,1843,,Premier tour,variante_4,Jean-Luc Mélenchon,12.0
,Ifop du 17 au 19 (WP),http://www.parismatch.com/Actu/Politique/Presidentielle-2017-les-scenarios-du-premier-tour-918511,Ifop,,,,,1843,,Premier tour,variante_4,Cécile Duflot,3.0
,Ifop du 17 au 19 (WP),http://www.parismatch.com/Actu/Politique/Presidentielle-2017-les-scenarios-du-premier-tour-918511,Ifop,,,,,1843,,Premier tour,variante_4,François Hollande,18.0
,Ifop du 17 au 19 (WP),http://www.parismatch.com/Actu/Politique/Presidentielle-2017-les-scenarios-du-premier-tour-918511,Ifop,,,,,1843,,Premier tour,variante_4,François Bayrou,15.0
,Ifop du 17 au 19 (WP),http://www.parismatch.com/Actu/Politique/Presidentielle-2017-les-scenarios-du-premier-tour-918511,Ifop,,,,,1843,,Premier tour,variante_4,Bruno Le Maire,17.0
,Ifop du 17 au 19 (WP),http://www.parismatch.com/Actu/Politique/Presidentielle-2017-les-scenarios-du-premier-tour-918511,Ifop,,,,,1843,,Premier tour,variante_4,Nicolas Dupont-Aignan,5.0
,Ifop du 17 au 19 (WP),http://www.parismatch.com/Actu/Politique/Presidentielle-2017-les-scenarios-du-premier-tour-918511,Ifop,,,,,1843,,Premier tour,variante_4,Marine Le Pen,28.0
,Ifop du 17 au 19 (WP),http://www.parismatch.com/Actu/Politique/Presidentielle-2017-les-scenarios-du-premier-tour-918511,Ifop,,,,,1843,,Premier tour,variante_5,Nathalie Arthaud,1.0
,Ifop du 17 au 19 (WP),http://www.parismatch.com/Actu/Politique/Presidentielle-2017-les-scenarios-du-premier-tour-918511,Ifop,,,,,1843,,Premier tour,variante_5,Philippe Poutou,1.0
,Ifop du 17 au 19 (WP),http://www.parismatch.com/Actu/Politique/Presidentielle-2017-les-scenarios-du-premier-tour-918511,Ifop,,,,,1843,,Premier tour,variante_5,Jean-Luc Mélenchon,11.0
,Ifop du 17 au 19 (WP),http://www.parismatch.com/Actu/Politique/Presidentielle-2017-les-scenarios-du-premier-tour-918511,Ifop,,,,,1843,,Premier tour,variante_5,Cécile Duflot,2.0
,Ifop du 17 au 19 (WP),http://www.parismatch.com/Actu/Politique/Presidentielle-2017-les-scenarios-du-premier-tour-918511,Ifop,,,,,1843,,Premier tour,variante_5,François Hollande,18.0
,Ifop du 17 au 19 (WP),http://www.parismatch.com/Actu/Politique/Presidentielle-2017-les-scenarios-du-premier-tour-918511,Ifop,,,,,1843,,Premier tour,variante_5,Alain Juppé,35.0
,Ifop du 17 au 19 (WP),http://www.parismatch.com/Actu/Politique/Presidentielle-2017-les-scenarios-du-premier-tour-918511,Ifop,,,,,1843,,Premier tour,variante_5,Nicolas Dupont-Aignan,4.0
,Ifop du 17 au 19 (WP),http://www.parismatch.com/Actu/Politique/Presidentielle-2017-les-scenarios-du-premier-tour-918511,Ifop,,,,,1843,,Premier tour,variante_5,Marine Le Pen,28.0
,Ifop du 17 au 19 (WP),http://www.parismatch.com/Actu/Politique/Presidentielle-2017-les-scenarios-du-premier-tour-918511,Ifop,,,,,1843,,Premier tour,variante_6,Nathalie Arthaud,1.0
,Ifop du 17 au 19 (WP),http://www.parismatch.com/Actu/Politique/Presidentielle-2017-les-scenarios-du-premier-tour-918511,Ifop,,,,,1843,,Premier tour,variante_6,Philippe Poutou,1.5
,Ifop du 17 au 19 (WP),http://www.parismatch.com/Actu/Politique/Presidentielle-2017-les-scenarios-du-premier-tour-918511,Ifop,,,,,1843,,Premier tour,variante_6,Jean-Luc Mélenchon,12.0
,Ifop du 17 au 19 (WP),http://www.parismatch.com/Actu/Politique/Presidentielle-2017-les-scenarios-du-premier-tour-918511,Ifop,,,,,1843,,Premier tour,variante_6,François Hollande,18.0
,Ifop du 17 au 19 (WP),http://www.parismatch.com/Actu/Politique/Presidentielle-2017-les-scenarios-du-premier-tour-918511,Ifop,,,,,1843,,Premier tour,variante_6,François Bayrou,15.5
,Ifop du 17 au 19 (WP),http://www.parismatch.com/Actu/Politique/Presidentielle-2017-les-scenarios-du-premier-tour-918511,Ifop,,,,,1843,,Premier tour,variante_6,Nicolas Sarkozy,21.0
,Ifop du 17 au 19 (WP),http://www.parismatch.com/Actu/Politique/Presidentielle-2017-les-scenarios-du-premier-tour-918511,Ifop,,,,,1843,,Premier tour,variante_6,Nicolas Dupont-Aignan,5.0
,Ifop du 17 au 19 (WP),http://www.parismatch.com/Actu/Politique/Presidentielle-2017-les-scenarios-du-premier-tour-918511,Ifop,,,,,1843,,Premier tour,variante_6,Marine Le Pen,26.0
,Ifop du 17 au 19 (WP),http://www.parismatch.com/Actu/Politique/Presidentielle-2017-les-scenarios-du-premier-tour-918511,Ifop,,,,,1843,,Premier tour,variante_7,Nathalie Arthaud,2.0
,Ifop du 17 au 19 (WP),http://www.parismatch.com/Actu/Politique/Presidentielle-2017-les-scenarios-du-premier-tour-918511,Ifop,,,,,1843,,Premier tour,variante_7,Philippe Poutou,3.5
,Ifop du 17 au 19 (WP),http://www.parismatch.com/Actu/Politique/Presidentielle-2017-les-scenarios-du-premier-tour-918511,Ifop,,,,,1843,,Premier tour,variante_7,François Hollande,22.0
,Ifop du 17 au 19 (WP),http://www.parismatch.com/Actu/Politique/Presidentielle-2017-les-scenarios-du-premier-tour-918511,Ifop,,,,,1843,,Premier tour,variante_7,François Bayrou,18.0
,Ifop du 17 au 19 (WP),http://www.parismatch.com/Actu/Politique/Presidentielle-2017-les-scenarios-du-premier-tour-918511,Ifop,,,,,1843,,Premier tour,variante_7,Nicolas Sarkozy,21.5
,Ifop du 17 au 19 (WP),http://www.parismatch.com/Actu/Politique/Presidentielle-2017-les-scenarios-du-premier-tour-918511,Ifop,,,,,1843,,Premier tour,variante_7,Nicolas Dupont-Aignan,5.0
,Ifop du 17 au 19 (WP),http://www.parismatch.com/Actu/Politique/Presidentielle-2017-les-scenarios-du-premier-tour-918511,Ifop,,,,,1843,,Premier tour,variante_7,Marine Le Pen,28.0
,Ipsos du 22 au 31 (WP),http://www.ipsos.fr/decrypter-societe/2016-02-09-alain-juppe-en-position-force-avant-primaire-et-presidentielle/,Ipsos,,,,,21326,,Premier tour,variante_1,Nathalie Arthaud,1.5
,Ipsos du 22 au 31 (WP),http://www.ipsos.fr/decrypter-societe/2016-02-09-alain-juppe-en-position-force-avant-primaire-et-presidentielle/,Ipsos,,,,,21326,,Premier tour,variante_1,Philippe Poutou,1.5
,Ipsos du 22 au 31 (WP),http://www.ipsos.fr/decrypter-societe/2016-02-09-alain-juppe-en-position-force-avant-primaire-et-presidentielle/,Ipsos,,,,,21326,,Premier tour,variante_1,Jean-Luc Mélenchon,9.0
,Ipsos du 22 au 31 (WP),http://www.ipsos.fr/decrypter-societe/2016-02-09-alain-juppe-en-position-force-avant-primaire-et-presidentielle/,Ipsos,,,,,21326,,Premier tour,variante_1,Cécile Duflot,3.0
,Ipsos du 22 au 31 (WP),http://www.ipsos.fr/decrypter-societe/2016-02-09-alain-juppe-en-position-force-avant-primaire-et-presidentielle/,Ipsos,,,,,21326,,Premier tour,variante_1,François Hollande,20.0
,Ipsos du 22 au 31 (WP),http://www.ipsos.fr/decrypter-societe/2016-02-09-alain-juppe-en-position-force-avant-primaire-et-presidentielle/,Ipsos,,,,,21326,,Premier tour,variante_1,François Bayrou,13.0
,Ipsos du 22 au 31 (WP),http://www.ipsos.fr/decrypter-societe/2016-02-09-alain-juppe-en-position-force-avant-primaire-et-presidentielle/,Ipsos,,,,,21326,,Premier tour,variante_1,Nicolas Sarkozy,21.0
,Ipsos du 22 au 31 (WP),http://www.ipsos.fr/decrypter-societe/2016-02-09-alain-juppe-en-position-force-avant-primaire-et-presidentielle/,Ipsos,,,,,21326,,Premier tour,variante_1,Nicolas Dupont-Aignan,5.0
,Ipsos du 22 au 31 (WP),http://www.ipsos.fr/decrypter-societe/2016-02-09-alain-juppe-en-position-force-avant-primaire-et-presidentielle/,Ipsos,,,,,21326,,Premier tour,variante_1,Marine Le Pen,26.0
,Ipsos du 22 au 31 (WP),http://www.ipsos.fr/decrypter-societe/2016-02-09-alain-juppe-en-position-force-avant-primaire-et-presidentielle/,Ipsos,,,,,21326,,Premier tour,variante_2,Nathalie Arthaud,1.5
,Ipsos du 22 au 31 (WP),http://www.ipsos.fr/decrypter-societe/2016-02-09-alain-juppe-en-position-force-avant-primaire-et-presidentielle/,Ipsos,,,,,21326,,Premier tour,variante_2,Philippe Poutou,1.5
,Ipsos du 22 au 31 (WP),http://www.ipsos.fr/decrypter-societe/2016-02-09-alain-juppe-en-position-force-avant-primaire-et-presidentielle/,Ipsos,,,,,21326,,Premier tour,variante_2,Jean-Luc Mélenchon,8.5
,Ipsos du 22 au 31 (WP),http://www.ipsos.fr/decrypter-societe/2016-02-09-alain-juppe-en-position-force-avant-primaire-et-presidentielle/,Ipsos,,,,,21326,,Premier tour,variante_2,Cécile Duflot,2.5
,Ipsos du 22 au 31 (WP),http://www.ipsos.fr/decrypter-societe/2016-02-09-alain-juppe-en-position-force-avant-primaire-et-presidentielle/,Ipsos,,,,,21326,,Premier tour,variante_2,François Hollande,18.0
,Ipsos du 22 au 31 (WP),http://www.ipsos.fr/decrypter-societe/2016-02-09-alain-juppe-en-position-force-avant-primaire-et-presidentielle/,Ipsos,,,,,21326,,Premier tour,variante_2,François Bayrou,8.0
,Ipsos du 22 au 31 (WP),http://www.ipsos.fr/decrypter-societe/2016-02-09-alain-juppe-en-position-force-avant-primaire-et-presidentielle/,Ipsos,,,,,21326,,Premier tour,variante_2,Alain Juppé,31.0
,Ipsos du 22 au 31 (WP),http://www.ipsos.fr/decrypter-societe/2016-02-09-alain-juppe-en-position-force-avant-primaire-et-presidentielle/,Ipsos,,,,,21326,,Premier tour,variante_2,Nicolas Dupont-Aignan,4.0
,Ipsos du 22 au 31 (WP),http://www.ipsos.fr/decrypter-societe/2016-02-09-alain-juppe-en-position-force-avant-primaire-et-presidentielle/,Ipsos,,,,,21326,,Premier tour,variante_2,Marine Le Pen,25.0
,Ipsos du 22 au 31 (WP),http://www.ipsos.fr/decrypter-societe/2016-02-09-alain-juppe-en-position-force-avant-primaire-et-presidentielle/,Ipsos,,,,,21326,,Premier tour,variante_3,Nathalie Arthaud,1.5
,Ipsos du 22 au 31 (WP),http://www.ipsos.fr/decrypter-societe/2016-02-09-alain-juppe-en-position-force-avant-primaire-et-presidentielle/,Ipsos,,,,,21326,,Premier tour,variante_3,Philippe Poutou,1.5
,Ipsos du 22 au 31 (WP),http://www.ipsos.fr/decrypter-societe/2016-02-09-alain-juppe-en-position-force-avant-primaire-et-presidentielle/,Ipsos,,,,,21326,,Premier tour,variante_3,Jean-Luc Mélenchon,9.0
,Ipsos du 22 au 31 (WP),http://www.ipsos.fr/decrypter-societe/2016-02-09-alain-juppe-en-position-force-avant-primaire-et-presidentielle/,Ipsos,,,,,21326,,Premier tour,variante_3,Cécile Duflot,3.0
,Ipsos du 22 au 31 (WP),http://www.ipsos.fr/decrypter-societe/2016-02-09-alain-juppe-en-position-force-avant-primaire-et-presidentielle/,Ipsos,,,,,21326,,Premier tour,variante_3,François Hollande,20.0
,Ipsos du 22 au 31 (WP),http://www.ipsos.fr/decrypter-societe/2016-02-09-alain-juppe-en-position-force-avant-primaire-et-presidentielle/,Ipsos,,,,,21326,,Premier tour,variante_3,François Bayrou,12.0
,Ipsos du 22 au 31 (WP),http://www.ipsos.fr/decrypter-societe/2016-02-09-alain-juppe-en-position-force-avant-primaire-et-presidentielle/,Ipsos,,,,,21326,,Premier tour,variante_3,François Fillon,19.0
,Ipsos du 22 au 31 (WP),http://www.ipsos.fr/decrypter-societe/2016-02-09-alain-juppe-en-position-force-avant-primaire-et-presidentielle/,Ipsos,,,,,21326,,Premier tour,variante_3,Nicolas Dupont-Aignan,5.0
,Ipsos du 22 au 31 (WP),http://www.ipsos.fr/decrypter-societe/2016-02-09-alain-juppe-en-position-force-avant-primaire-et-presidentielle/,Ipsos,,,,,21326,,Premier tour,variante_3,Marine Le Pen,29.0
,Ifop 14 au 17 décembre 2015 (WP),http://www.atlantico.fr/decryptage/quand-sapin-fait-boum-sondage-2017-qui-va-faire-trembler-droite-avant-noel-jerome-fourquet-2498970.html,Ifop,,2015-12-14,2015-12-17,2015-12-17,1913,,Premier tour,variante_1,Nathalie Arthaud,1.0
,Ifop 14 au 17 décembre 2015 (WP),http://www.atlantico.fr/decryptage/quand-sapin-fait-boum-sondage-2017-qui-va-faire-trembler-droite-avant-noel-jerome-fourquet-2498970.html,Ifop,,2015-12-14,2015-12-17,2015-12-17,1913,,Premier tour,variante_1,Philippe Poutou,1.0
,Ifop 14 au 17 décembre 2015 (WP),http://www.atlantico.fr/decryptage/quand-sapin-fait-boum-sondage-2017-qui-va-faire-trembler-droite-avant-noel-jerome-fourquet-2498970.html,Ifop,,2015-12-14,2015-12-17,2015-12-17,1913,,Premier tour,variante_1,Jean-Luc Mélenchon,9.0
,Ifop 14 au 17 décembre 2015 (WP),http://www.atlantico.fr/decryptage/quand-sapin-fait-boum-sondage-2017-qui-va-faire-trembler-droite-avant-noel-jerome-fourquet-2498970.html,Ifop,,2015-12-14,2015-12-17,2015-12-17,1913,,Premier tour,variante_1,Cécile Duflot,2.0
,Ifop 14 au 17 décembre 2015 (WP),http://www.atlantico.fr/decryptage/quand-sapin-fait-boum-sondage-2017-qui-va-faire-trembler-droite-avant-noel-jerome-fourquet-2498970.html,Ifop,,2015-12-14,2015-12-17,2015-12-17,1913,,Premier tour,variante_1,François Hollande,22.0
,Ifop 14 au 17 décembre 2015 (WP),http://www.atlantico.fr/decryptage/quand-sapin-fait-boum-sondage-2017-qui-va-faire-trembler-droite-avant-noel-jerome-fourquet-2498970.html,Ifop,,2015-12-14,2015-12-17,2015-12-17,1913,,Premier tour,variante_1,François Bayrou,12.0
,Ifop 14 au 17 décembre 2015 (WP),http://www.atlantico.fr/decryptage/quand-sapin-fait-boum-sondage-2017-qui-va-faire-trembler-droite-avant-noel-jerome-fourquet-2498970.html,Ifop,,2015-12-14,2015-12-17,2015-12-17,1913,,Premier tour,variante_1,Nicolas Sarkozy,21.0
,Ifop 14 au 17 décembre 2015 (WP),http://www.atlantico.fr/decryptage/quand-sapin-fait-boum-sondage-2017-qui-va-faire-trembler-droite-avant-noel-jerome-fourquet-2498970.html,Ifop,,2015-12-14,2015-12-17,2015-12-17,1913,,Premier tour,variante_1,Nicolas Dupont-Aignan,5.0
,Ifop 14 au 17 décembre 2015 (WP),http://www.atlantico.fr/decryptage/quand-sapin-fait-boum-sondage-2017-qui-va-faire-trembler-droite-avant-noel-jerome-fourquet-2498970.html,Ifop,,2015-12-14,2015-12-17,2015-12-17,1913,,Premier tour,variante_1,Marine Le Pen,27.0
,Ifop 14 au 17 décembre 2015 (WP),http://www.atlantico.fr/decryptage/quand-sapin-fait-boum-sondage-2017-qui-va-faire-trembler-droite-avant-noel-jerome-fourquet-2498970.html,Ifop,,2015-12-14,2015-12-17,2015-12-17,1913,,Premier tour,variante_2,Nathalie Arthaud,1.0
,Ifop 14 au 17 décembre 2015 (WP),http://www.atlantico.fr/decryptage/quand-sapin-fait-boum-sondage-2017-qui-va-faire-trembler-droite-avant-noel-jerome-fourquet-2498970.html,Ifop,,2015-12-14,2015-12-17,2015-12-17,1913,,Premier tour,variante_2,Philippe Poutou,1.5
,Ifop 14 au 17 décembre 2015 (WP),http://www.atlantico.fr/decryptage/quand-sapin-fait-boum-sondage-2017-qui-va-faire-trembler-droite-avant-noel-jerome-fourquet-2498970.html,Ifop,,2015-12-14,2015-12-17,2015-12-17,1913,,Premier tour,variante_2,Jean-Luc Mélenchon,8.5
,Ifop 14 au 17 décembre 2015 (WP),http://www.atlantico.fr/decryptage/quand-sapin-fait-boum-sondage-2017-qui-va-faire-trembler-droite-avant-noel-jerome-fourquet-2498970.html,Ifop,,2015-12-14,2015-12-17,2015-12-17,1913,,Premier tour,variante_2,Cécile Duflot,2.0
,Ifop 14 au 17 décembre 2015 (WP),http://www.atlantico.fr/decryptage/quand-sapin-fait-boum-sondage-2017-qui-va-faire-trembler-droite-avant-noel-jerome-fourquet-2498970.html,Ifop,,2015-12-14,2015-12-17,2015-12-17,1913,,Premier tour,variante_2,François Hollande,20.5
,Ifop 14 au 17 décembre 2015 (WP),http://www.atlantico.fr/decryptage/quand-sapin-fait-boum-sondage-2017-qui-va-faire-trembler-droite-avant-noel-jerome-fourquet-2498970.html,Ifop,,2015-12-14,2015-12-17,2015-12-17,1913,,Premier tour,variante_2,François Bayrou,6.5
,Ifop 14 au 17 décembre 2015 (WP),http://www.atlantico.fr/decryptage/quand-sapin-fait-boum-sondage-2017-qui-va-faire-trembler-droite-avant-noel-jerome-fourquet-2498970.html,Ifop,,2015-12-14,2015-12-17,2015-12-17,1913,,Premier tour,variante_2,Alain Juppé,30.0
,Ifop 14 au 17 décembre 2015 (WP),http://www.atlantico.fr/decryptage/quand-sapin-fait-boum-sondage-2017-qui-va-faire-trembler-droite-avant-noel-jerome-fourquet-2498970.html,Ifop,,2015-12-14,2015-12-17,2015-12-17,1913,,Premier tour,variante_2,Nicolas Dupont-Aignan,4.5
,Ifop 14 au 17 décembre 2015 (WP),http://www.atlantico.fr/decryptage/quand-sapin-fait-boum-sondage-2017-qui-va-faire-trembler-droite-avant-noel-jerome-fourquet-2498970.html,Ifop,,2015-12-14,2015-12-17,2015-12-17,1913,,Premier tour,variante_2,Marine Le Pen,26.0
,Ifop 14 au 17 décembre 2015 (WP),http://www.atlantico.fr/decryptage/quand-sapin-fait-boum-sondage-2017-qui-va-faire-trembler-droite-avant-noel-jerome-fourquet-2498970.html,Ifop,,2015-12-14,2015-12-17,2015-12-17,1913,,Premier tour,variante_3,Nathalie Arthaud,1.0
,Ifop 14 au 17 décembre 2015 (WP),http://www.atlantico.fr/decryptage/quand-sapin-fait-boum-sondage-2017-qui-va-faire-trembler-droite-avant-noel-jerome-fourquet-2498970.html,Ifop,,2015-12-14,2015-12-17,2015-12-17,1913,,Premier tour,variante_3,Philippe Poutou,1.0
,Ifop 14 au 17 décembre 2015 (WP),http://www.atlantico.fr/decryptage/quand-sapin-fait-boum-sondage-2017-qui-va-faire-trembler-droite-avant-noel-jerome-fourquet-2498970.html,Ifop,,2015-12-14,2015-12-17,2015-12-17,1913,,Premier tour,variante_3,Jean-Luc Mélenchon,9.5
,Ifop 14 au 17 décembre 2015 (WP),http://www.atlantico.fr/decryptage/quand-sapin-fait-boum-sondage-2017-qui-va-faire-trembler-droite-avant-noel-jerome-fourquet-2498970.html,Ifop,,2015-12-14,2015-12-17,2015-12-17,1913,,Premier tour,variante_3,Cécile Duflot,2.5
,Ifop 14 au 17 décembre 2015 (WP),http://www.atlantico.fr/decryptage/quand-sapin-fait-boum-sondage-2017-qui-va-faire-trembler-droite-avant-noel-jerome-fourquet-2498970.html,Ifop,,2015-12-14,2015-12-17,2015-12-17,1913,,Premier tour,variante_3,François Hollande,20.5
,Ifop 14 au 17 décembre 2015 (WP),http://www.atlantico.fr/decryptage/quand-sapin-fait-boum-sondage-2017-qui-va-faire-trembler-droite-avant-noel-jerome-fourquet-2498970.html,Ifop,,2015-12-14,2015-12-17,2015-12-17,1913,,Premier tour,variante_3,Alain Juppé,34.0
,Ifop 14 au 17 décembre 2015 (WP),http://www.atlantico.fr/decryptage/quand-sapin-fait-boum-sondage-2017-qui-va-faire-trembler-droite-avant-noel-jerome-fourquet-2498970.html,Ifop,,2015-12-14,2015-12-17,2015-12-17,1913,,Premier tour,variante_3,Nicolas Dupont-Aignan,5.0
,Ifop 14 au 17 décembre 2015 (WP),http://www.atlantico.fr/decryptage/quand-sapin-fait-boum-sondage-2017-qui-va-faire-trembler-droite-avant-noel-jerome-fourquet-2498970.html,Ifop,,2015-12-14,2015-12-17,2015-12-17,1913,,Premier tour,variante_3,Marine Le Pen,26.5
,Ifop 14 au 17 décembre 2015 (WP),http://www.atlantico.fr/decryptage/quand-sapin-fait-boum-sondage-2017-qui-va-faire-trembler-droite-avant-noel-jerome-fourquet-2498970.html,Ifop,,2015-12-14,2015-12-17,2015-12-17,1913,,Premier tour,variante_4,Nathalie Arthaud,1.0
,Ifop 14 au 17 décembre 2015 (WP),http://www.atlantico.fr/decryptage/quand-sapin-fait-boum-sondage-2017-qui-va-faire-trembler-droite-avant-noel-jerome-fourquet-2498970.html,Ifop,,2015-12-14,2015-12-17,2015-12-17,1913,,Premier tour,variante_4,Philippe Poutou,1.0
,Ifop 14 au 17 décembre 2015 (WP),http://www.atlantico.fr/decryptage/quand-sapin-fait-boum-sondage-2017-qui-va-faire-trembler-droite-avant-noel-jerome-fourquet-2498970.html,Ifop,,2015-12-14,2015-12-17,2015-12-17,1913,,Premier tour,variante_4,Jean-Luc Mélenchon,9.0
,Ifop 14 au 17 décembre 2015 (WP),http://www.atlantico.fr/decryptage/quand-sapin-fait-boum-sondage-2017-qui-va-faire-trembler-droite-avant-noel-jerome-fourquet-2498970.html,Ifop,,2015-12-14,2015-12-17,2015-12-17,1913,,Premier tour,variante_4,Cécile Duflot,2.0
,Ifop 14 au 17 décembre 2015 (WP),http://www.atlantico.fr/decryptage/quand-sapin-fait-boum-sondage-2017-qui-va-faire-trembler-droite-avant-noel-jerome-fourquet-2498970.html,Ifop,,2015-12-14,2015-12-17,2015-12-17,1913,,Premier tour,variante_4,François Hollande,22.5
,Ifop 14 au 17 décembre 2015 (WP),http://www.atlantico.fr/decryptage/quand-sapin-fait-boum-sondage-2017-qui-va-faire-trembler-droite-avant-noel-jerome-fourquet-2498970.html,Ifop,,2015-12-14,2015-12-17,2015-12-17,1913,,Premier tour,variante_4,François Bayrou,12.0
,Ifop 14 au 17 décembre 2015 (WP),http://www.atlantico.fr/decryptage/quand-sapin-fait-boum-sondage-2017-qui-va-faire-trembler-droite-avant-noel-jerome-fourquet-2498970.html,Ifop,,2015-12-14,2015-12-17,2015-12-17,1913,,Premier tour,variante_4,Nicolas Sarkozy,22.0
,Ifop 14 au 17 décembre 2015 (WP),http://www.atlantico.fr/decryptage/quand-sapin-fait-boum-sondage-2017-qui-va-faire-trembler-droite-avant-noel-jerome-fourquet-2498970.html,Ifop,,2015-12-14,2015-12-17,2015-12-17,1913,,Premier tour,variante_4,Philippe de Villiers,3.0
,Ifop 14 au 17 décembre 2015 (WP),http://www.atlantico.fr/decryptage/quand-sapin-fait-boum-sondage-2017-qui-va-faire-trembler-droite-avant-noel-jerome-fourquet-2498970.html,Ifop,,2015-12-14,2015-12-17,2015-12-17,1913,,Premier tour,variante_4,Marine Le Pen,27.5
,TNS Sofres 14 et 15 décembre 2015 (WP),http://www.tns-sofres.com/etudes-et-points-de-vue/presidentielle-2017-intentions-de-vote-15-decembre-2015#,TNS Sofres,,,,,1000,,Premier tour,variante_1,Nathalie Arthaud,1.0
,TNS Sofres 14 et 15 décembre 2015 (WP),http://www.tns-sofres.com/etudes-et-points-de-vue/presidentielle-2017-intentions-de-vote-15-decembre-2015#,TNS Sofres,,,,,1000,,Premier tour,variante_1,Philippe Poutou,1.5
,TNS Sofres 14 et 15 décembre 2015 (WP),http://www.tns-sofres.com/etudes-et-points-de-vue/presidentielle-2017-intentions-de-vote-15-decembre-2015#,TNS Sofres,,,,,1000,,Premier tour,variante_1,Jean-Luc Mélenchon,10.5
,TNS Sofres 14 et 15 décembre 2015 (WP),http://www.tns-sofres.com/etudes-et-points-de-vue/presidentielle-2017-intentions-de-vote-15-decembre-2015#,TNS Sofres,,,,,1000,,Premier tour,variante_1,Cécile Duflot,3.0
,TNS Sofres 14 et 15 décembre 2015 (WP),http://www.tns-sofres.com/etudes-et-points-de-vue/presidentielle-2017-intentions-de-vote-15-decembre-2015#,TNS Sofres,,,,,1000,,Premier tour,variante_1,François Hollande,19.0
,TNS Sofres 14 et 15 décembre 2015 (WP),http://www.tns-sofres.com/etudes-et-points-de-vue/presidentielle-2017-intentions-de-vote-15-decembre-2015#,TNS Sofres,,,,,1000,,Premier tour,variante_1,François Bayrou,10.5
,TNS Sofres 14 et 15 décembre 2015 (WP),http://www.tns-sofres.com/etudes-et-points-de-vue/presidentielle-2017-intentions-de-vote-15-decembre-2015#,TNS Sofres,,,,,1000,,Premier tour,variante_1,Nicolas Sarkozy,24.0
,TNS Sofres 14 et 15 décembre 2015 (WP),http://www.tns-sofres.com/etudes-et-points-de-vue/presidentielle-2017-intentions-de-vote-15-decembre-2015#,TNS Sofres,,,,,1000,,Premier tour,variante_1,Nicolas Dupont-Aignan,4.5
,TNS Sofres 14 et 15 décembre 2015 (WP),http://www.tns-sofres.com/etudes-et-points-de-vue/presidentielle-2017-intentions-de-vote-15-decembre-2015#,TNS Sofres,,,,,1000,,Premier tour,variante_1,Marine Le Pen,26.0
,TNS Sofres 14 et 15 décembre 2015 (WP),http://www.tns-sofres.com/etudes-et-points-de-vue/presidentielle-2017-intentions-de-vote-15-decembre-2015#,TNS Sofres,,,,,1000,,Premier tour,variante_2,Nathalie Arthaud,1.0
,TNS Sofres 14 et 15 décembre 2015 (WP),http://www.tns-sofres.com/etudes-et-points-de-vue/presidentielle-2017-intentions-de-vote-15-decembre-2015#,TNS Sofres,,,,,1000,,Premier tour,variante_2,Philippe Poutou,1.5
,TNS Sofres 14 et 15 décembre 2015 (WP),http://www.tns-sofres.com/etudes-et-points-de-vue/presidentielle-2017-intentions-de-vote-15-decembre-2015#,TNS Sofres,,,,,1000,,Premier tour,variante_2,Jean-Luc Mélenchon,12.0
,TNS Sofres 14 et 15 décembre 2015 (WP),http://www.tns-sofres.com/etudes-et-points-de-vue/presidentielle-2017-intentions-de-vote-15-decembre-2015#,TNS Sofres,,,,,1000,,Premier tour,variante_2,Cécile Duflot,3.0
,TNS Sofres 14 et 15 décembre 2015 (WP),http://www.tns-sofres.com/etudes-et-points-de-vue/presidentielle-2017-intentions-de-vote-15-decembre-2015#,TNS Sofres,,,,,1000,,Premier tour,variante_2,François Hollande,22.0
,TNS Sofres 14 et 15 décembre 2015 (WP),http://www.tns-sofres.com/etudes-et-points-de-vue/presidentielle-2017-intentions-de-vote-15-decembre-2015#,TNS Sofres,,,,,1000,,Premier tour,variante_2,Nicolas Sarkozy,26.0
,TNS Sofres 14 et 15 décembre 2015 (WP),http://www.tns-sofres.com/etudes-et-points-de-vue/presidentielle-2017-intentions-de-vote-15-decembre-2015#,TNS Sofres,,,,,1000,,Premier tour,variante_2,Nicolas Dupont-Aignan,7.0
,TNS Sofres 14 et 15 décembre 2015 (WP),http://www.tns-sofres.com/etudes-et-points-de-vue/presidentielle-2017-intentions-de-vote-15-decembre-2015#,TNS Sofres,,,,,1000,,Premier tour,variante_2,Marine Le Pen,27.5
,TNS Sofres 14 et 15 décembre 2015 (WP),http://www.tns-sofres.com/etudes-et-points-de-vue/presidentielle-2017-intentions-de-vote-15-decembre-2015#,TNS Sofres,,,,,1000,,Premier tour,variante_3,Nathalie Arthaud,1.0
,TNS Sofres 14 et 15 décembre 2015 (WP),http://www.tns-sofres.com/etudes-et-points-de-vue/presidentielle-2017-intentions-de-vote-15-decembre-2015#,TNS Sofres,,,,,1000,,Premier tour,variante_3,Philippe Poutou,1.5
,TNS Sofres 14 et 15 décembre 2015 (WP),http://www.tns-sofres.com/etudes-et-points-de-vue/presidentielle-2017-intentions-de-vote-15-decembre-2015#,TNS Sofres,,,,,1000,,Premier tour,variante_3,Jean-Luc Mélenchon,11.0
,TNS Sofres 14 et 15 décembre 2015 (WP),http://www.tns-sofres.com/etudes-et-points-de-vue/presidentielle-2017-intentions-de-vote-15-decembre-2015#,TNS Sofres,,,,,1000,,Premier tour,variante_3,Cécile Duflot,3.0
,TNS Sofres 14 et 15 décembre 2015 (WP),http://www.tns-sofres.com/etudes-et-points-de-vue/presidentielle-2017-intentions-de-vote-15-decembre-2015#,TNS Sofres,,,,,1000,,Premier tour,variante_3,François Hollande,20.0
,TNS Sofres 14 et 15 décembre 2015 (WP),http://www.tns-sofres.com/etudes-et-points-de-vue/presidentielle-2017-intentions-de-vote-15-decembre-2015#,TNS Sofres,,,,,1000,,Premier tour,variante_3,Alain Juppé,31.0
,TNS Sofres 14 et 15 décembre 2015 (WP),http://www.tns-sofres.com/etudes-et-points-de-vue/presidentielle-2017-intentions-de-vote-15-decembre-2015#,TNS Sofres,,,,,1000,,Premier tour,variante_3,Nicolas Dupont-Aignan,4.5
,TNS Sofres 14 et 15 décembre 2015 (WP),http://www.tns-sofres.com/etudes-et-points-de-vue/presidentielle-2017-intentions-de-vote-15-decembre-2015#,TNS Sofres,,,,,1000,,Premier tour,variante_3,Marine Le Pen,28.0
,Harris Interactive 13 décembre 2015 (WP),http://harris-interactive.fr/wp-content/uploads/sites/6/2015/12/Rapport-Harris-R%C3%A9gionales-2015-Etude-Soir-du-vote-du-2nd-tour-M6.pdf,Harris Interactive,,2015-12-13,2015-12-13,2015-12-13,4017,,Premier tour,variante_1,Nathalie Arthaud,1.0
,Harris Interactive 13 décembre 2015 (WP),http://harris-interactive.fr/wp-content/uploads/sites/6/2015/12/Rapport-Harris-R%C3%A9gionales-2015-Etude-Soir-du-vote-du-2nd-tour-M6.pdf,Harris Interactive,,2015-12-13,2015-12-13,2015-12-13,4017,,Premier tour,variante_1,Philippe Poutou,1.0
,Harris Interactive 13 décembre 2015 (WP),http://harris-interactive.fr/wp-content/uploads/sites/6/2015/12/Rapport-Harris-R%C3%A9gionales-2015-Etude-Soir-du-vote-du-2nd-tour-M6.pdf,Harris Interactive,,2015-12-13,2015-12-13,2015-12-13,4017,,Premier tour,variante_1,Jean-Luc Mélenchon,10.0
,Harris Interactive 13 décembre 2015 (WP),http://harris-interactive.fr/wp-content/uploads/sites/6/2015/12/Rapport-Harris-R%C3%A9gionales-2015-Etude-Soir-du-vote-du-2nd-tour-M6.pdf,Harris Interactive,,2015-12-13,2015-12-13,2015-12-13,4017,,Premier tour,variante_1,Cécile Duflot,3.0
,Harris Interactive 13 décembre 2015 (WP),http://harris-interactive.fr/wp-content/uploads/sites/6/2015/12/Rapport-Harris-R%C3%A9gionales-2015-Etude-Soir-du-vote-du-2nd-tour-M6.pdf,Harris Interactive,,2015-12-13,2015-12-13,2015-12-13,4017,,Premier tour,variante_1,François Hollande,21.0
,Harris Interactive 13 décembre 2015 (WP),http://harris-interactive.fr/wp-content/uploads/sites/6/2015/12/Rapport-Harris-R%C3%A9gionales-2015-Etude-Soir-du-vote-du-2nd-tour-M6.pdf,Harris Interactive,,2015-12-13,2015-12-13,2015-12-13,4017,,Premier tour,variante_1,François Bayrou,12.0
,Harris Interactive 13 décembre 2015 (WP),http://harris-interactive.fr/wp-content/uploads/sites/6/2015/12/Rapport-Harris-R%C3%A9gionales-2015-Etude-Soir-du-vote-du-2nd-tour-M6.pdf,Harris Interactive,,2015-12-13,2015-12-13,2015-12-13,4017,,Premier tour,variante_1,Nicolas Sarkozy,21.0
,Harris Interactive 13 décembre 2015 (WP),http://harris-interactive.fr/wp-content/uploads/sites/6/2015/12/Rapport-Harris-R%C3%A9gionales-2015-Etude-Soir-du-vote-du-2nd-tour-M6.pdf,Harris Interactive,,2015-12-13,2015-12-13,2015-12-13,4017,,Premier tour,variante_1,Nicolas Dupont-Aignan,4.0
,Harris Interactive 13 décembre 2015 (WP),http://harris-interactive.fr/wp-content/uploads/sites/6/2015/12/Rapport-Harris-R%C3%A9gionales-2015-Etude-Soir-du-vote-du-2nd-tour-M6.pdf,Harris Interactive,,2015-12-13,2015-12-13,2015-12-13,4017,,Premier tour,variante_1,Marine Le Pen,27.0
,Harris Interactive 13 décembre 2015 (WP),http://harris-interactive.fr/wp-content/uploads/sites/6/2015/12/Rapport-Harris-R%C3%A9gionales-2015-Etude-Soir-du-vote-du-2nd-tour-M6.pdf,Harris Interactive,,2015-12-13,2015-12-13,2015-12-13,4017,,Premier tour,variante_2,Nathalie Arthaud,1.0
,Harris Interactive 13 décembre 2015 (WP),http://harris-interactive.fr/wp-content/uploads/sites/6/2015/12/Rapport-Harris-R%C3%A9gionales-2015-Etude-Soir-du-vote-du-2nd-tour-M6.pdf,Harris Interactive,,2015-12-13,2015-12-13,2015-12-13,4017,,Premier tour,variante_2,Philippe Poutou,1.0
,Harris Interactive 13 décembre 2015 (WP),http://harris-interactive.fr/wp-content/uploads/sites/6/2015/12/Rapport-Harris-R%C3%A9gionales-2015-Etude-Soir-du-vote-du-2nd-tour-M6.pdf,Harris Interactive,,2015-12-13,2015-12-13,2015-12-13,4017,,Premier tour,variante_2,Jean-Luc Mélenchon,10.0
,Harris Interactive 13 décembre 2015 (WP),http://harris-interactive.fr/wp-content/uploads/sites/6/2015/12/Rapport-Harris-R%C3%A9gionales-2015-Etude-Soir-du-vote-du-2nd-tour-M6.pdf,Harris Interactive,,2015-12-13,2015-12-13,2015-12-13,4017,,Premier tour,variante_2,Cécile Duflot,3.0
,Harris Interactive 13 décembre 2015 (WP),http://harris-interactive.fr/wp-content/uploads/sites/6/2015/12/Rapport-Harris-R%C3%A9gionales-2015-Etude-Soir-du-vote-du-2nd-tour-M6.pdf,Harris Interactive,,2015-12-13,2015-12-13,2015-12-13,4017,,Premier tour,variante_2,François Hollande,22.0
,Harris Interactive 13 décembre 2015 (WP),http://harris-interactive.fr/wp-content/uploads/sites/6/2015/12/Rapport-Harris-R%C3%A9gionales-2015-Etude-Soir-du-vote-du-2nd-tour-M6.pdf,Harris Interactive,,2015-12-13,2015-12-13,2015-12-13,4017,,Premier tour,variante_2,Alain Juppé,29.0
,Harris Interactive 13 décembre 2015 (WP),http://harris-interactive.fr/wp-content/uploads/sites/6/2015/12/Rapport-Harris-R%C3%A9gionales-2015-Etude-Soir-du-vote-du-2nd-tour-M6.pdf,Harris Interactive,,2015-12-13,2015-12-13,2015-12-13,4017,,Premier tour,variante_2,Nicolas Dupont-Aignan,7.0
,Harris Interactive 13 décembre 2015 (WP),http://harris-interactive.fr/wp-content/uploads/sites/6/2015/12/Rapport-Harris-R%C3%A9gionales-2015-Etude-Soir-du-vote-du-2nd-tour-M6.pdf,Harris Interactive,,2015-12-13,2015-12-13,2015-12-13,4017,,Premier tour,variante_2,Marine Le Pen,27.0
,Ifop 31 octobre au 4 novembre 2015 (WP),http://www.electograph.com/2015/11/france-presidential-november-2015.html,Ifop,,2015-10-31,2015-11-04,2015-11-04,1005,,Premier tour,variante_1,Nathalie Arthaud,1.0
,Ifop 31 octobre au 4 novembre 2015 (WP),http://www.electograph.com/2015/11/france-presidential-november-2015.html,Ifop,,2015-10-31,2015-11-04,2015-11-04,1005,,Premier tour,variante_1,Philippe Poutou,1.5
,Ifop 31 octobre au 4 novembre 2015 (WP),http://www.electograph.com/2015/11/france-presidential-november-2015.html,Ifop,,2015-10-31,2015-11-04,2015-11-04,1005,,Premier tour,variante_1,Jean-Luc Mélenchon,8.0
,Ifop 31 octobre au 4 novembre 2015 (WP),http://www.electograph.com/2015/11/france-presidential-november-2015.html,Ifop,,2015-10-31,2015-11-04,2015-11-04,1005,,Premier tour,variante_1,Cécile Duflot,2.0
,Ifop 31 octobre au 4 novembre 2015 (WP),http://www.electograph.com/2015/11/france-presidential-november-2015.html,Ifop,,2015-10-31,2015-11-04,2015-11-04,1005,,Premier tour,variante_1,François Hollande,21.0
,Ifop 31 octobre au 4 novembre 2015 (WP),http://www.electograph.com/2015/11/france-presidential-november-2015.html,Ifop,,2015-10-31,2015-11-04,2015-11-04,1005,,Premier tour,variante_1,François Bayrou,12.0
,Ifop 31 octobre au 4 novembre 2015 (WP),http://www.electograph.com/2015/11/france-presidential-november-2015.html,Ifop,,2015-10-31,2015-11-04,2015-11-04,1005,,Premier tour,variante_1,Nicolas Sarkozy,23.0
,Ifop 31 octobre au 4 novembre 2015 (WP),http://www.electograph.com/2015/11/france-presidential-november-2015.html,Ifop,,2015-10-31,2015-11-04,2015-11-04,1005,,Premier tour,variante_1,Nicolas Dupont-Aignan,3.5
,Ifop 31 octobre au 4 novembre 2015 (WP),http://www.electograph.com/2015/11/france-presidential-november-2015.html,Ifop,,2015-10-31,2015-11-04,2015-11-04,1005,,Premier tour,variante_1,Marine Le Pen,28.0
,Ifop 31 octobre au 4 novembre 2015 (WP),http://www.electograph.com/2015/11/france-presidential-november-2015.html,Ifop,,2015-10-31,2015-11-04,2015-11-04,1005,,Premier tour,variante_2,Nathalie Arthaud,1.0
,Ifop 31 octobre au 4 novembre 2015 (WP),http://www.electograph.com/2015/11/france-presidential-november-2015.html,Ifop,,2015-10-31,2015-11-04,2015-11-04,1005,,Premier tour,variante_2,Philippe Poutou,2.0
,Ifop 31 octobre au 4 novembre 2015 (WP),http://www.electograph.com/2015/11/france-presidential-november-2015.html,Ifop,,2015-10-31,2015-11-04,2015-11-04,1005,,Premier tour,variante_2,Jean-Luc Mélenchon,8.0
,Ifop 31 octobre au 4 novembre 2015 (WP),http://www.electograph.com/2015/11/france-presidential-november-2015.html,Ifop,,2015-10-31,2015-11-04,2015-11-04,1005,,Premier tour,variante_2,Cécile Duflot,2.0
,Ifop 31 octobre au 4 novembre 2015 (WP),http://www.electograph.com/2015/11/france-presidential-november-2015.html,Ifop,,2015-10-31,2015-11-04,2015-11-04,1005,,Premier tour,variante_2,François Hollande,19.0
,Ifop 31 octobre au 4 novembre 2015 (WP),http://www.electograph.com/2015/11/france-presidential-november-2015.html,Ifop,,2015-10-31,2015-11-04,2015-11-04,1005,,Premier tour,variante_2,François Bayrou,9.0
,Ifop 31 octobre au 4 novembre 2015 (WP),http://www.electograph.com/2015/11/france-presidential-november-2015.html,Ifop,,2015-10-31,2015-11-04,2015-11-04,1005,,Premier tour,variante_2,Alain Juppé,27.0
,Ifop 31 octobre au 4 novembre 2015 (WP),http://www.electograph.com/2015/11/france-presidential-november-2015.html,Ifop,,2015-10-31,2015-11-04,2015-11-04,1005,,Premier tour,variante_2,Nicolas Dupont-Aignan,3.0
,Ifop 31 octobre au 4 novembre 2015 (WP),http://www.electograph.com/2015/11/france-presidential-november-2015.html,Ifop,,2015-10-31,2015-11-04,2015-11-04,1005,,Premier tour,variante_2,Marine Le Pen,29.0
,Ifop 31 octobre au 4 novembre 2015 (WP),http://www.electograph.com/2015/11/france-presidential-november-2015.html,Ifop,,2015-10-31,2015-11-04,2015-11-04,1005,,Premier tour,variante_3,Nathalie Arthaud,1.0
,Ifop 31 octobre au 4 novembre 2015 (WP),http://www.electograph.com/2015/11/france-presidential-november-2015.html,Ifop,,2015-10-31,2015-11-04,2015-11-04,1005,,Premier tour,variante_3,Philippe Poutou,2.0
,Ifop 31 octobre au 4 novembre 2015 (WP),http://www.electograph.com/2015/11/france-presidential-november-2015.html,Ifop,,2015-10-31,2015-11-04,2015-11-04,1005,,Premier tour,variante_3,Jean-Luc Mélenchon,9.0
,Ifop 31 octobre au 4 novembre 2015 (WP),http://www.electograph.com/2015/11/france-presidential-november-2015.html,Ifop,,2015-10-31,2015-11-04,2015-11-04,1005,,Premier tour,variante_3,Cécile Duflot,3.0
,Ifop 31 octobre au 4 novembre 2015 (WP),http://www.electograph.com/2015/11/france-presidential-november-2015.html,Ifop,,2015-10-31,2015-11-04,2015-11-04,1005,,Premier tour,variante_3,François Hollande,20.5
,Ifop 31 octobre au 4 novembre 2015 (WP),http://www.electograph.com/2015/11/france-presidential-november-2015.html,Ifop,,2015-10-31,2015-11-04,2015-11-04,1005,,Premier tour,variante_3,Alain Juppé,31.5
,Ifop 31 octobre au 4 novembre 2015 (WP),http://www.electograph.com/2015/11/france-presidential-november-2015.html,Ifop,,2015-10-31,2015-11-04,2015-11-04,1005,,Premier tour,variante_3,Nicolas Dupont-Aignan,4.0
,Ifop 31 octobre au 4 novembre 2015 (WP),http://www.electograph.com/2015/11/france-presidential-november-2015.html,Ifop,,2015-10-31,2015-11-04,2015-11-04,1005,,Premier tour,variante_3,Marine Le Pen,29.0
,Ifop 3 et 4 septembre 2015 (WP),http://www.youscribe.com/catalogue/tous/actualite-et-debat-de-societe/politique/sondage-2650686,Ifop,,,,,1002,,Premier tour,variante_1,Nathalie Arthaud,1.0
,Ifop 3 et 4 septembre 2015 (WP),http://www.youscribe.com/catalogue/tous/actualite-et-debat-de-societe/politique/sondage-2650686,Ifop,,,,,1002,,Premier tour,variante_1,Philippe Poutou,1.5
,Ifop 3 et 4 septembre 2015 (WP),http://www.youscribe.com/catalogue/tous/actualite-et-debat-de-societe/politique/sondage-2650686,Ifop,,,,,1002,,Premier tour,variante_1,Jean-Luc Mélenchon,10.0
,Ifop 3 et 4 septembre 2015 (WP),http://www.youscribe.com/catalogue/tous/actualite-et-debat-de-societe/politique/sondage-2650686,Ifop,,,,,1002,,Premier tour,variante_1,Cécile Duflot,2.0
,Ifop 3 et 4 septembre 2015 (WP),http://www.youscribe.com/catalogue/tous/actualite-et-debat-de-societe/politique/sondage-2650686,Ifop,,,,,1002,,Premier tour,variante_1,François Hollande,19.0
,Ifop 3 et 4 septembre 2015 (WP),http://www.youscribe.com/catalogue/tous/actualite-et-debat-de-societe/politique/sondage-2650686,Ifop,,,,,1002,,Premier tour,variante_1,François Bayrou,11.5
,Ifop 3 et 4 septembre 2015 (WP),http://www.youscribe.com/catalogue/tous/actualite-et-debat-de-societe/politique/sondage-2650686,Ifop,,,,,1002,,Premier tour,variante_1,Nicolas Sarkozy,25.0
,Ifop 3 et 4 septembre 2015 (WP),http://www.youscribe.com/catalogue/tous/actualite-et-debat-de-societe/politique/sondage-2650686,Ifop,,,,,1002,,Premier tour,variante_1,Nicolas Dupont-Aignan,3.0
,Ifop 3 et 4 septembre 2015 (WP),http://www.youscribe.com/catalogue/tous/actualite-et-debat-de-societe/politique/sondage-2650686,Ifop,,,,,1002,,Premier tour,variante_1,Marine Le Pen,27.0
,Ifop 3 et 4 septembre 2015 (WP),http://www.youscribe.com/catalogue/tous/actualite-et-debat-de-societe/politique/sondage-2650686,Ifop,,,,,1002,,Premier tour,variante_2,Nathalie Arthaud,1.0
,Ifop 3 et 4 septembre 2015 (WP),http://www.youscribe.com/catalogue/tous/actualite-et-debat-de-societe/politique/sondage-2650686,Ifop,,,,,1002,,Premier tour,variante_2,Philippe Poutou,1.0
,Ifop 3 et 4 septembre 2015 (WP),http://www.youscribe.com/catalogue/tous/actualite-et-debat-de-societe/politique/sondage-2650686,Ifop,,,,,1002,,Premier tour,variante_2,Jean-Luc Mélenchon,10.0
,Ifop 3 et 4 septembre 2015 (WP),http://www.youscribe.com/catalogue/tous/actualite-et-debat-de-societe/politique/sondage-2650686,Ifop,,,,,1002,,Premier tour,variante_2,Cécile Duflot,2.0
,Ifop 3 et 4 septembre 2015 (WP),http://www.youscribe.com/catalogue/tous/actualite-et-debat-de-societe/politique/sondage-2650686,Ifop,,,,,1002,,Premier tour,variante_2,François Hollande,19.0
,Ifop 3 et 4 septembre 2015 (WP),http://www.youscribe.com/catalogue/tous/actualite-et-debat-de-societe/politique/sondage-2650686,Ifop,,,,,1002,,Premier tour,variante_2,François Bayrou,10.0
,Ifop 3 et 4 septembre 2015 (WP),http://www.youscribe.com/catalogue/tous/actualite-et-debat-de-societe/politique/sondage-2650686,Ifop,,,,,1002,,Premier tour,variante_2,Alain Juppé,25.0
,Ifop 3 et 4 septembre 2015 (WP),http://www.youscribe.com/catalogue/tous/actualite-et-debat-de-societe/politique/sondage-2650686,Ifop,,,,,1002,,Premier tour,variante_2,Nicolas Dupont-Aignan,3.0
,Ifop 3 et 4 septembre 2015 (WP),http://www.youscribe.com/catalogue/tous/actualite-et-debat-de-societe/politique/sondage-2650686,Ifop,,,,,1002,,Premier tour,variante_2,Marine Le Pen,29.0
,Ifop 17 au 19 août 2015 (WP),http://www.ifop.fr/media/poll/3109-1-study_file.pdf,Ifop,,2015-08-17,2015-08-19,2015-08-19,950,,Premier tour,variante_1,Nathalie Arthaud,1.5
,Ifop 17 au 19 août 2015 (WP),http://www.ifop.fr/media/poll/3109-1-study_file.pdf,Ifop,,2015-08-17,2015-08-19,2015-08-19,950,,Premier tour,variante_1,Philippe Poutou,1.5
,Ifop 17 au 19 août 2015 (WP),http://www.ifop.fr/media/poll/3109-1-study_file.pdf,Ifop,,2015-08-17,2015-08-19,2015-08-19,950,,Premier tour,variante_1,Jean-Luc Mélenchon,9.0
,Ifop 17 au 19 août 2015 (WP),http://www.ifop.fr/media/poll/3109-1-study_file.pdf,Ifop,,2015-08-17,2015-08-19,2015-08-19,950,,Premier tour,variante_1,Cécile Duflot,3.0
,Ifop 17 au 19 août 2015 (WP),http://www.ifop.fr/media/poll/3109-1-study_file.pdf,Ifop,,2015-08-17,2015-08-19,2015-08-19,950,,Premier tour,variante_1,François Hollande,20.0
,Ifop 17 au 19 août 2015 (WP),http://www.ifop.fr/media/poll/3109-1-study_file.pdf,Ifop,,2015-08-17,2015-08-19,2015-08-19,950,,Premier tour,variante_1,François Bayrou,11.0
,Ifop 17 au 19 août 2015 (WP),http://www.ifop.fr/media/poll/3109-1-study_file.pdf,Ifop,,2015-08-17,2015-08-19,2015-08-19,950,,Premier tour,variante_1,Nicolas Sarkozy,24.0
,Ifop 17 au 19 août 2015 (WP),http://www.ifop.fr/media/poll/3109-1-study_file.pdf,Ifop,,2015-08-17,2015-08-19,2015-08-19,950,,Premier tour,variante_1,Nicolas Dupont-Aignan,4.0
,Ifop 17 au 19 août 2015 (WP),http://www.ifop.fr/media/poll/3109-1-study_file.pdf,Ifop,,2015-08-17,2015-08-19,2015-08-19,950,,Premier tour,variante_1,Marine Le Pen,26.0
,Ifop 17 au 19 août 2015 (WP),http://www.ifop.fr/media/poll/3109-1-study_file.pdf,Ifop,,2015-08-17,2015-08-19,2015-08-19,950,,Premier tour,variante_2,Nathalie Arthaud,1.0
,Ifop 17 au 19 août 2015 (WP),http://www.ifop.fr/media/poll/3109-1-study_file.pdf,Ifop,,2015-08-17,2015-08-19,2015-08-19,950,,Premier tour,variante_2,Philippe Poutou,1.0
,Ifop 17 au 19 août 2015 (WP),http://www.ifop.fr/media/poll/3109-1-study_file.pdf,Ifop,,2015-08-17,2015-08-19,2015-08-19,950,,Premier tour,variante_2,Jean-Luc Mélenchon,13.0
,Ifop 17 au 19 août 2015 (WP),http://www.ifop.fr/media/poll/3109-1-study_file.pdf,Ifop,,2015-08-17,2015-08-19,2015-08-19,950,,Premier tour,variante_2,Cécile Duflot,4.0
,Ifop 17 au 19 août 2015 (WP),http://www.ifop.fr/media/poll/3109-1-study_file.pdf,Ifop,,2015-08-17,2015-08-19,2015-08-19,950,,Premier tour,variante_2,Arnaud Montebourg,8.0
,Ifop 17 au 19 août 2015 (WP),http://www.ifop.fr/media/poll/3109-1-study_file.pdf,Ifop,,2015-08-17,2015-08-19,2015-08-19,950,,Premier tour,variante_2,François Bayrou,17.0
,Ifop 17 au 19 août 2015 (WP),http://www.ifop.fr/media/poll/3109-1-study_file.pdf,Ifop,,2015-08-17,2015-08-19,2015-08-19,950,,Premier tour,variante_2,Nicolas Sarkozy,25.0
,Ifop 17 au 19 août 2015 (WP),http://www.ifop.fr/media/poll/3109-1-study_file.pdf,Ifop,,2015-08-17,2015-08-19,2015-08-19,950,,Premier tour,variante_2,Nicolas Dupont-Aignan,4.0
,Ifop 17 au 19 août 2015 (WP),http://www.ifop.fr/media/poll/3109-1-study_file.pdf,Ifop,,2015-08-17,2015-08-19,2015-08-19,950,,Premier tour,variante_2,Marine Le Pen,27.0
,Ifop 17 au 19 août 2015 (WP),http://www.ifop.fr/media/poll/3109-1-study_file.pdf,Ifop,,2015-08-17,2015-08-19,2015-08-19,950,,Premier tour,variante_3,Nathalie Arthaud,1.5
,Ifop 17 au 19 août 2015 (WP),http://www.ifop.fr/media/poll/3109-1-study_file.pdf,Ifop,,2015-08-17,2015-08-19,2015-08-19,950,,Premier tour,variante_3,Philippe Poutou,1.5
,Ifop 17 au 19 août 2015 (WP),http://www.ifop.fr/media/poll/3109-1-study_file.pdf,Ifop,,2015-08-17,2015-08-19,2015-08-19,950,,Premier tour,variante_3,Jean-Luc Mélenchon,10.0
,Ifop 17 au 19 août 2015 (WP),http://www.ifop.fr/media/poll/3109-1-study_file.pdf,Ifop,,2015-08-17,2015-08-19,2015-08-19,950,,Premier tour,variante_3,Cécile Duflot,2.0
,Ifop 17 au 19 août 2015 (WP),http://www.ifop.fr/media/poll/3109-1-study_file.pdf,Ifop,,2015-08-17,2015-08-19,2015-08-19,950,,Premier tour,variante_3,Manuel Valls,22.0
,Ifop 17 au 19 août 2015 (WP),http://www.ifop.fr/media/poll/3109-1-study_file.pdf,Ifop,,2015-08-17,2015-08-19,2015-08-19,950,,Premier tour,variante_3,François Bayrou,11.0
,Ifop 17 au 19 août 2015 (WP),http://www.ifop.fr/media/poll/3109-1-study_file.pdf,Ifop,,2015-08-17,2015-08-19,2015-08-19,950,,Premier tour,variante_3,Nicolas Sarkozy,23.0
,Ifop 17 au 19 août 2015 (WP),http://www.ifop.fr/media/poll/3109-1-study_file.pdf,Ifop,,2015-08-17,2015-08-19,2015-08-19,950,,Premier tour,variante_3,Nicolas Dupont-Aignan,3.0
,Ifop 17 au 19 août 2015 (WP),http://www.ifop.fr/media/poll/3109-1-study_file.pdf,Ifop,,2015-08-17,2015-08-19,2015-08-19,950,,Premier tour,variante_3,Marine Le Pen,26.0
,Ifop 17 au 21 juillet 2015 (WP),http://www.ifop.fr/media/poll/3099-1-study_file.pdf,Ifop,,2015-07-17,2015-07-21,2015-07-21,944,,Premier tour,variante_1,Nathalie Arthaud,1.0
,Ifop 17 au 21 juillet 2015 (WP),http://www.ifop.fr/media/poll/3099-1-study_file.pdf,Ifop,,2015-07-17,2015-07-21,2015-07-21,944,,Premier tour,variante_1,Philippe Poutou,1.0
,Ifop 17 au 21 juillet 2015 (WP),http://www.ifop.fr/media/poll/3099-1-study_file.pdf,Ifop,,2015-07-17,2015-07-21,2015-07-21,944,,Premier tour,variante_1,Jean-Luc Mélenchon,9.0
,Ifop 17 au 21 juillet 2015 (WP),http://www.ifop.fr/media/poll/3099-1-study_file.pdf,Ifop,,2015-07-17,2015-07-21,2015-07-21,944,,Premier tour,variante_1,Cécile Duflot,3.0
,Ifop 17 au 21 juillet 2015 (WP),http://www.ifop.fr/media/poll/3099-1-study_file.pdf,Ifop,,2015-07-17,2015-07-21,2015-07-21,944,,Premier tour,variante_1,François Hollande,21.0
,Ifop 17 au 21 juillet 2015 (WP),http://www.ifop.fr/media/poll/3099-1-study_file.pdf,Ifop,,2015-07-17,2015-07-21,2015-07-21,944,,Premier tour,variante_1,François Bayrou,12.0
,Ifop 17 au 21 juillet 2015 (WP),http://www.ifop.fr/media/poll/3099-1-study_file.pdf,Ifop,,2015-07-17,2015-07-21,2015-07-21,944,,Premier tour,variante_1,Alain Juppé,23.0
,Ifop 17 au 21 juillet 2015 (WP),http://www.ifop.fr/media/poll/3099-1-study_file.pdf,Ifop,,2015-07-17,2015-07-21,2015-07-21,944,,Premier tour,variante_1,Nicolas Dupont-Aignan,3.0
,Ifop 17 au 21 juillet 2015 (WP),http://www.ifop.fr/media/poll/3099-1-study_file.pdf,Ifop,,2015-07-17,2015-07-21,2015-07-21,944,,Premier tour,variante_1,Marine Le Pen,27.0
,Ifop 17 au 21 juillet 2015 (WP),http://www.ifop.fr/media/poll/3099-1-study_file.pdf,Ifop,,2015-07-17,2015-07-21,2015-07-21,944,,Premier tour,variante_2,Nathalie Arthaud,1.0
,Ifop 17 au 21 juillet 2015 (WP),http://www.ifop.fr/media/poll/3099-1-study_file.pdf,Ifop,,2015-07-17,2015-07-21,2015-07-21,944,,Premier tour,variante_2,Philippe Poutou,1.0
,Ifop 17 au 21 juillet 2015 (WP),http://www.ifop.fr/media/poll/3099-1-study_file.pdf,Ifop,,2015-07-17,2015-07-21,2015-07-21,944,,Premier tour,variante_2,Jean-Luc Mélenchon,9.0
,Ifop 17 au 21 juillet 2015 (WP),http://www.ifop.fr/media/poll/3099-1-study_file.pdf,Ifop,,2015-07-17,2015-07-21,2015-07-21,944,,Premier tour,variante_2,Cécile Duflot,3.0
,Ifop 17 au 21 juillet 2015 (WP),http://www.ifop.fr/media/poll/3099-1-study_file.pdf,Ifop,,2015-07-17,2015-07-21,2015-07-21,944,,Premier tour,variante_2,François Hollande,18.0
,Ifop 17 au 21 juillet 2015 (WP),http://www.ifop.fr/media/poll/3099-1-study_file.pdf,Ifop,,2015-07-17,2015-07-21,2015-07-21,944,,Premier tour,variante_2,François Bayrou,9.0
,Ifop 17 au 21 juillet 2015 (WP),http://www.ifop.fr/media/poll/3099-1-study_file.pdf,Ifop,,2015-07-17,2015-07-21,2015-07-21,944,,Premier tour,variante_2,Nicolas Sarkozy,28.0
,Ifop 17 au 21 juillet 2015 (WP),http://www.ifop.fr/media/poll/3099-1-study_file.pdf,Ifop,,2015-07-17,2015-07-21,2015-07-21,944,,Premier tour,variante_2,Nicolas Dupont-Aignan,4.0
,Ifop 17 au 21 juillet 2015 (WP),http://www.ifop.fr/media/poll/3099-1-study_file.pdf,Ifop,,2015-07-17,2015-07-21,2015-07-21,944,,Premier tour,variante_2,Marine Le Pen,27.0
,Odoxa 21 et 22 mai 2015 (WP),http://www.odoxa.fr/wp-content/uploads/2015/05/Odoxa-pour-le-Parisien-Aujourdhui-en-France-2017-lhypothèse-Juppé.pdf,Odoxa,,,,,1021,,Premier tour,variante_1,Nathalie Arthaud,1.0
,Odoxa 21 et 22 mai 2015 (WP),http://www.odoxa.fr/wp-content/uploads/2015/05/Odoxa-pour-le-Parisien-Aujourdhui-en-France-2017-lhypothèse-Juppé.pdf,Odoxa,,,,,1021,,Premier tour,variante_1,Philippe Poutou,1.0
,Odoxa 21 et 22 mai 2015 (WP),http://www.odoxa.fr/wp-content/uploads/2015/05/Odoxa-pour-le-Parisien-Aujourdhui-en-France-2017-lhypothèse-Juppé.pdf,Odoxa,,,,,1021,,Premier tour,variante_1,Jean-Luc Mélenchon,10.0
,Odoxa 21 et 22 mai 2015 (WP),http://www.odoxa.fr/wp-content/uploads/2015/05/Odoxa-pour-le-Parisien-Aujourdhui-en-France-2017-lhypothèse-Juppé.pdf,Odoxa,,,,,1021,,Premier tour,variante_1,Cécile Duflot,2.0
,Odoxa 21 et 22 mai 2015 (WP),http://www.odoxa.fr/wp-content/uploads/2015/05/Odoxa-pour-le-Parisien-Aujourdhui-en-France-2017-lhypothèse-Juppé.pdf,Odoxa,,,,,1021,,Premier tour,variante_1,François Hollande,17.0
,Odoxa 21 et 22 mai 2015 (WP),http://www.odoxa.fr/wp-content/uploads/2015/05/Odoxa-pour-le-Parisien-Aujourdhui-en-France-2017-lhypothèse-Juppé.pdf,Odoxa,,,,,1021,,Premier tour,variante_1,François Bayrou,12.0
,Odoxa 21 et 22 mai 2015 (WP),http://www.odoxa.fr/wp-content/uploads/2015/05/Odoxa-pour-le-Parisien-Aujourdhui-en-France-2017-lhypothèse-Juppé.pdf,Odoxa,,,,,1021,,Premier tour,variante_1,Nicolas Sarkozy,25.0
,Odoxa 21 et 22 mai 2015 (WP),http://www.odoxa.fr/wp-content/uploads/2015/05/Odoxa-pour-le-Parisien-Aujourdhui-en-France-2017-lhypothèse-Juppé.pdf,Odoxa,,,,,1021,,Premier tour,variante_1,Nicolas Dupont-Aignan,2.0
,Odoxa 21 et 22 mai 2015 (WP),http://www.odoxa.fr/wp-content/uploads/2015/05/Odoxa-pour-le-Parisien-Aujourdhui-en-France-2017-lhypothèse-Juppé.pdf,Odoxa,,,,,1021,,Premier tour,variante_1,Marine Le Pen,30.0
,Odoxa 21 et 22 mai 2015 (WP),http://www.odoxa.fr/wp-content/uploads/2015/05/Odoxa-pour-le-Parisien-Aujourdhui-en-France-2017-lhypothèse-Juppé.pdf,Odoxa,,,,,1021,,Premier tour,variante_2,Nathalie Arthaud,1.0
,Odoxa 21 et 22 mai 2015 (WP),http://www.odoxa.fr/wp-content/uploads/2015/05/Odoxa-pour-le-Parisien-Aujourdhui-en-France-2017-lhypothèse-Juppé.pdf,Odoxa,,,,,1021,,Premier tour,variante_2,Philippe Poutou,2.0
,Odoxa 21 et 22 mai 2015 (WP),http://www.odoxa.fr/wp-content/uploads/2015/05/Odoxa-pour-le-Parisien-Aujourdhui-en-France-2017-lhypothèse-Juppé.pdf,Odoxa,,,,,1021,,Premier tour,variante_2,Jean-Luc Mélenchon,11.0
,Odoxa 21 et 22 mai 2015 (WP),http://www.odoxa.fr/wp-content/uploads/2015/05/Odoxa-pour-le-Parisien-Aujourdhui-en-France-2017-lhypothèse-Juppé.pdf,Odoxa,,,,,1021,,Premier tour,variante_2,Cécile Duflot,2.0
,Odoxa 21 et 22 mai 2015 (WP),http://www.odoxa.fr/wp-content/uploads/2015/05/Odoxa-pour-le-Parisien-Aujourdhui-en-France-2017-lhypothèse-Juppé.pdf,Odoxa,,,,,1021,,Premier tour,variante_2,François Hollande,16.0
,Odoxa 21 et 22 mai 2015 (WP),http://www.odoxa.fr/wp-content/uploads/2015/05/Odoxa-pour-le-Parisien-Aujourdhui-en-France-2017-lhypothèse-Juppé.pdf,Odoxa,,,,,1021,,Premier tour,variante_2,Alain Juppé,34.0
,Odoxa 21 et 22 mai 2015 (WP),http://www.odoxa.fr/wp-content/uploads/2015/05/Odoxa-pour-le-Parisien-Aujourdhui-en-France-2017-lhypothèse-Juppé.pdf,Odoxa,,,,,1021,,Premier tour,variante_2,Nicolas Dupont-Aignan,3.0
,Odoxa 21 et 22 mai 2015 (WP),http://www.odoxa.fr/wp-content/uploads/2015/05/Odoxa-pour-le-Parisien-Aujourdhui-en-France-2017-lhypothèse-Juppé.pdf,Odoxa,,,,,1021,,Premier tour,variante_2,Marine Le Pen,31.0
,Odoxa 29 et 30 avril 2015 (WP),http://www.odoxa.fr/wp-content/uploads/2015/05/Odoxa-pour-le-Parisien-Aujourdhui-en-France-Quels-sc%C3%A9narios-pour-2017.pdf,Odoxa,,,,,1021,,Premier tour,variante_1,Nathalie Arthaud,1.0
,Odoxa 29 et 30 avril 2015 (WP),http://www.odoxa.fr/wp-content/uploads/2015/05/Odoxa-pour-le-Parisien-Aujourdhui-en-France-Quels-sc%C3%A9narios-pour-2017.pdf,Odoxa,,,,,1021,,Premier tour,variante_1,Philippe Poutou,1.0
,Odoxa 29 et 30 avril 2015 (WP),http://www.odoxa.fr/wp-content/uploads/2015/05/Odoxa-pour-le-Parisien-Aujourdhui-en-France-Quels-sc%C3%A9narios-pour-2017.pdf,Odoxa,,,,,1021,,Premier tour,variante_1,Jean-Luc Mélenchon,10.0
,Odoxa 29 et 30 avril 2015 (WP),http://www.odoxa.fr/wp-content/uploads/2015/05/Odoxa-pour-le-Parisien-Aujourdhui-en-France-Quels-sc%C3%A9narios-pour-2017.pdf,Odoxa,,,,,1021,,Premier tour,variante_1,Cécile Duflot,2.0
,Odoxa 29 et 30 avril 2015 (WP),http://www.odoxa.fr/wp-content/uploads/2015/05/Odoxa-pour-le-Parisien-Aujourdhui-en-France-Quels-sc%C3%A9narios-pour-2017.pdf,Odoxa,,,,,1021,,Premier tour,variante_1,François Hollande,17.0
,Odoxa 29 et 30 avril 2015 (WP),http://www.odoxa.fr/wp-content/uploads/2015/05/Odoxa-pour-le-Parisien-Aujourdhui-en-France-Quels-sc%C3%A9narios-pour-2017.pdf,Odoxa,,,,,1021,,Premier tour,variante_1,François Bayrou,9.0
,Odoxa 29 et 30 avril 2015 (WP),http://www.odoxa.fr/wp-content/uploads/2015/05/Odoxa-pour-le-Parisien-Aujourdhui-en-France-Quels-sc%C3%A9narios-pour-2017.pdf,Odoxa,,,,,1021,,Premier tour,variante_1,Nicolas Sarkozy,28.0
,Odoxa 29 et 30 avril 2015 (WP),http://www.odoxa.fr/wp-content/uploads/2015/05/Odoxa-pour-le-Parisien-Aujourdhui-en-France-Quels-sc%C3%A9narios-pour-2017.pdf,Odoxa,,,,,1021,,Premier tour,variante_1,Nicolas Dupont-Aignan,3.0
,Odoxa 29 et 30 avril 2015 (WP),http://www.odoxa.fr/wp-content/uploads/2015/05/Odoxa-pour-le-Parisien-Aujourdhui-en-France-Quels-sc%C3%A9narios-pour-2017.pdf,Odoxa,,,,,1021,,Premier tour,variante_1,Marine Le Pen,29.0
,Odoxa 29 et 30 avril 2015 (WP),http://www.odoxa.fr/wp-content/uploads/2015/05/Odoxa-pour-le-Parisien-Aujourdhui-en-France-Quels-sc%C3%A9narios-pour-2017.pdf,Odoxa,,,,,1021,,Premier tour,variante_2,Nathalie Arthaud,1.0
,Odoxa 29 et 30 avril 2015 (WP),http://www.odoxa.fr/wp-content/uploads/2015/05/Odoxa-pour-le-Parisien-Aujourdhui-en-France-Quels-sc%C3%A9narios-pour-2017.pdf,Odoxa,,,,,1021,,Premier tour,variante_2,Philippe Poutou,1.0
,Odoxa 29 et 30 avril 2015 (WP),http://www.odoxa.fr/wp-content/uploads/2015/05/Odoxa-pour-le-Parisien-Aujourdhui-en-France-Quels-sc%C3%A9narios-pour-2017.pdf,Odoxa,,,,,1021,,Premier tour,variante_2,Jean-Luc Mélenchon,8.0
,Odoxa 29 et 30 avril 2015 (WP),http://www.odoxa.fr/wp-content/uploads/2015/05/Odoxa-pour-le-Parisien-Aujourdhui-en-France-Quels-sc%C3%A9narios-pour-2017.pdf,Odoxa,,,,,1021,,Premier tour,variante_2,Cécile Duflot,2.0
,Odoxa 29 et 30 avril 2015 (WP),http://www.odoxa.fr/wp-content/uploads/2015/05/Odoxa-pour-le-Parisien-Aujourdhui-en-France-Quels-sc%C3%A9narios-pour-2017.pdf,Odoxa,,,,,1021,,Premier tour,variante_2,Manuel Valls,20.0
,Odoxa 29 et 30 avril 2015 (WP),http://www.odoxa.fr/wp-content/uploads/2015/05/Odoxa-pour-le-Parisien-Aujourdhui-en-France-Quels-sc%C3%A9narios-pour-2017.pdf,Odoxa,,,,,1021,,Premier tour,variante_2,François Bayrou,10.0
,Odoxa 29 et 30 avril 2015 (WP),http://www.odoxa.fr/wp-content/uploads/2015/05/Odoxa-pour-le-Parisien-Aujourdhui-en-France-Quels-sc%C3%A9narios-pour-2017.pdf,Odoxa,,,,,1021,,Premier tour,variante_2,Alain Juppé,26.0
,Odoxa 29 et 30 avril 2015 (WP),http://www.odoxa.fr/wp-content/uploads/2015/05/Odoxa-pour-le-Parisien-Aujourdhui-en-France-Quels-sc%C3%A9narios-pour-2017.pdf,Odoxa,,,,,1021,,Premier tour,variante_2,Nicolas Dupont-Aignan,3.0
,Odoxa 29 et 30 avril 2015 (WP),http://www.odoxa.fr/wp-content/uploads/2015/05/Odoxa-pour-le-Parisien-Aujourdhui-en-France-Quels-sc%C3%A9narios-pour-2017.pdf,Odoxa,,,,,1021,,Premier tour,variante_2,Marine Le Pen,29.0
,Opinion Way 15 et 16 avril 2015 (WP),http://www.lefigaro.fr/politique/2015/04/17/01002-20150417ARTFIG00283-les-francais-sanctionnent-hollande.php,Opinion Way,,,,,979,,Premier tour,variante_1,Jacques Cheminade,0.0
,Opinion Way 15 et 16 avril 2015 (WP),http://www.lefigaro.fr/politique/2015/04/17/01002-20150417ARTFIG00283-les-francais-sanctionnent-hollande.php,Opinion Way,,,,,979,,Premier tour,variante_1,Nathalie Arthaud,1.0
,Opinion Way 15 et 16 avril 2015 (WP),http://www.lefigaro.fr/politique/2015/04/17/01002-20150417ARTFIG00283-les-francais-sanctionnent-hollande.php,Opinion Way,,,,,979,,Premier tour,variante_1,Philippe Poutou,0.0
,Opinion Way 15 et 16 avril 2015 (WP),http://www.lefigaro.fr/politique/2015/04/17/01002-20150417ARTFIG00283-les-francais-sanctionnent-hollande.php,Opinion Way,,,,,979,,Premier tour,variante_1,Jean-Luc Mélenchon,12.0
,Opinion Way 15 et 16 avril 2015 (WP),http://www.lefigaro.fr/politique/2015/04/17/01002-20150417ARTFIG00283-les-francais-sanctionnent-hollande.php,Opinion Way,,,,,979,,Premier tour,variante_1,Cécile Duflot,2.0
,Opinion Way 15 et 16 avril 2015 (WP),http://www.lefigaro.fr/politique/2015/04/17/01002-20150417ARTFIG00283-les-francais-sanctionnent-hollande.php,Opinion Way,,,,,979,,Premier tour,variante_1,François Hollande,16.0
,Opinion Way 15 et 16 avril 2015 (WP),http://www.lefigaro.fr/politique/2015/04/17/01002-20150417ARTFIG00283-les-francais-sanctionnent-hollande.php,Opinion Way,,,,,979,,Premier tour,variante_1,François Bayrou,12.0
,Opinion Way 15 et 16 avril 2015 (WP),http://www.lefigaro.fr/politique/2015/04/17/01002-20150417ARTFIG00283-les-francais-sanctionnent-hollande.php,Opinion Way,,,,,979,,Premier tour,variante_1,Nicolas Sarkozy,28.0
,Opinion Way 15 et 16 avril 2015 (WP),http://www.lefigaro.fr/politique/2015/04/17/01002-20150417ARTFIG00283-les-francais-sanctionnent-hollande.php,Opinion Way,,,,,979,,Premier tour,variante_1,Nicolas Dupont-Aignan,3.0
,Opinion Way 15 et 16 avril 2015 (WP),http://www.lefigaro.fr/politique/2015/04/17/01002-20150417ARTFIG00283-les-francais-sanctionnent-hollande.php,Opinion Way,,,,,979,,Premier tour,variante_1,Marine Le Pen,26.0
,Opinion Way 15 et 16 avril 2015 (WP),http://www.lefigaro.fr/politique/2015/04/17/01002-20150417ARTFIG00283-les-francais-sanctionnent-hollande.php,Opinion Way,,,,,979,,Premier tour,variante_2,Jacques Cheminade,0.0
,Opinion Way 15 et 16 avril 2015 (WP),http://www.lefigaro.fr/politique/2015/04/17/01002-20150417ARTFIG00283-les-francais-sanctionnent-hollande.php,Opinion Way,,,,,979,,Premier tour,variante_2,Nathalie Arthaud,1.0
,Opinion Way 15 et 16 avril 2015 (WP),http://www.lefigaro.fr/politique/2015/04/17/01002-20150417ARTFIG00283-les-francais-sanctionnent-hollande.php,Opinion Way,,,,,979,,Premier tour,variante_2,Philippe Poutou,0.0
,Opinion Way 15 et 16 avril 2015 (WP),http://www.lefigaro.fr/politique/2015/04/17/01002-20150417ARTFIG00283-les-francais-sanctionnent-hollande.php,Opinion Way,,,,,979,,Premier tour,variante_2,Jean-Luc Mélenchon,11.0
,Opinion Way 15 et 16 avril 2015 (WP),http://www.lefigaro.fr/politique/2015/04/17/01002-20150417ARTFIG00283-les-francais-sanctionnent-hollande.php,Opinion Way,,,,,979,,Premier tour,variante_2,Cécile Duflot,2.0
,Opinion Way 15 et 16 avril 2015 (WP),http://www.lefigaro.fr/politique/2015/04/17/01002-20150417ARTFIG00283-les-francais-sanctionnent-hollande.php,Opinion Way,,,,,979,,Premier tour,variante_2,François Hollande,15.0
,Opinion Way 15 et 16 avril 2015 (WP),http://www.lefigaro.fr/politique/2015/04/17/01002-20150417ARTFIG00283-les-francais-sanctionnent-hollande.php,Opinion Way,,,,,979,,Premier tour,variante_2,François Bayrou,6.0
,Opinion Way 15 et 16 avril 2015 (WP),http://www.lefigaro.fr/politique/2015/04/17/01002-20150417ARTFIG00283-les-francais-sanctionnent-hollande.php,Opinion Way,,,,,979,,Premier tour,variante_2,Alain Juppé,32.0
,Opinion Way 15 et 16 avril 2015 (WP),http://www.lefigaro.fr/politique/2015/04/17/01002-20150417ARTFIG00283-les-francais-sanctionnent-hollande.php,Opinion Way,,,,,979,,Premier tour,variante_2,Nicolas Dupont-Aignan,4.0
,Opinion Way 15 et 16 avril 2015 (WP),http://www.lefigaro.fr/politique/2015/04/17/01002-20150417ARTFIG00283-les-francais-sanctionnent-hollande.php,Opinion Way,,,,,979,,Premier tour,variante_2,Marine Le Pen,29.0
,CSA 27 au 29 janvier 2015 (WP),http://media.rtl.fr/internal/binary/2015/0129/7776381771_les-intentions-de-vote-pour-la-presidentielle-2017.pdf?ts=1422546103966,CSA,,2015-01-27,2015-01-29,2015-01-29,1014,,Premier tour,variante_1,Nathalie Arthaud,0.5
,CSA 27 au 29 janvier 2015 (WP),http://media.rtl.fr/internal/binary/2015/0129/7776381771_les-intentions-de-vote-pour-la-presidentielle-2017.pdf?ts=1422546103966,CSA,,2015-01-27,2015-01-29,2015-01-29,1014,,Premier tour,variante_1,Olivier Besancenot,3.0
,CSA 27 au 29 janvier 2015 (WP),http://media.rtl.fr/internal/binary/2015/0129/7776381771_les-intentions-de-vote-pour-la-presidentielle-2017.pdf?ts=1422546103966,CSA,,2015-01-27,2015-01-29,2015-01-29,1014,,Premier tour,variante_1,Jean-Luc Mélenchon,10.0
,CSA 27 au 29 janvier 2015 (WP),http://media.rtl.fr/internal/binary/2015/0129/7776381771_les-intentions-de-vote-pour-la-presidentielle-2017.pdf?ts=1422546103966,CSA,,2015-01-27,2015-01-29,2015-01-29,1014,,Premier tour,variante_1,Cécile Duflot,2.5
,CSA 27 au 29 janvier 2015 (WP),http://media.rtl.fr/internal/binary/2015/0129/7776381771_les-intentions-de-vote-pour-la-presidentielle-2017.pdf?ts=1422546103966,CSA,,2015-01-27,2015-01-29,2015-01-29,1014,,Premier tour,variante_1,François Hollande,19.0
,CSA 27 au 29 janvier 2015 (WP),http://media.rtl.fr/internal/binary/2015/0129/7776381771_les-intentions-de-vote-pour-la-presidentielle-2017.pdf?ts=1422546103966,CSA,,2015-01-27,2015-01-29,2015-01-29,1014,,Premier tour,variante_1,François Bayrou,11.0
,CSA 27 au 29 janvier 2015 (WP),http://media.rtl.fr/internal/binary/2015/0129/7776381771_les-intentions-de-vote-pour-la-presidentielle-2017.pdf?ts=1422546103966,CSA,,2015-01-27,2015-01-29,2015-01-29,1014,,Premier tour,variante_1,Nicolas Sarkozy,22.5
,CSA 27 au 29 janvier 2015 (WP),http://media.rtl.fr/internal/binary/2015/0129/7776381771_les-intentions-de-vote-pour-la-presidentielle-2017.pdf?ts=1422546103966,CSA,,2015-01-27,2015-01-29,2015-01-29,1014,,Premier tour,variante_1,Nicolas Dupont-Aignan,2.5
,CSA 27 au 29 janvier 2015 (WP),http://media.rtl.fr/internal/binary/2015/0129/7776381771_les-intentions-de-vote-pour-la-presidentielle-2017.pdf?ts=1422546103966,CSA,,2015-01-27,2015-01-29,2015-01-29,1014,,Premier tour,variante_1,Marine Le Pen,29.0
,CSA 27 au 29 janvier 2015 (WP),http://media.rtl.fr/internal/binary/2015/0129/7776381771_les-intentions-de-vote-pour-la-presidentielle-2017.pdf?ts=1422546103966,CSA,,2015-01-27,2015-01-29,2015-01-29,1014,,Premier tour,variante_2,Nathalie Arthaud,0.5
,CSA 27 au 29 janvier 2015 (WP),http://media.rtl.fr/internal/binary/2015/0129/7776381771_les-intentions-de-vote-pour-la-presidentielle-2017.pdf?ts=1422546103966,CSA,,2015-01-27,2015-01-29,2015-01-29,1014,,Premier tour,variante_2,Olivier Besancenot,3.0
,CSA 27 au 29 janvier 2015 (WP),http://media.rtl.fr/internal/binary/2015/0129/7776381771_les-intentions-de-vote-pour-la-presidentielle-2017.pdf?ts=1422546103966,CSA,,2015-01-27,2015-01-29,2015-01-29,1014,,Premier tour,variante_2,Jean-Luc Mélenchon,11.0
,CSA 27 au 29 janvier 2015 (WP),http://media.rtl.fr/internal/binary/2015/0129/7776381771_les-intentions-de-vote-pour-la-presidentielle-2017.pdf?ts=1422546103966,CSA,,2015-01-27,2015-01-29,2015-01-29,1014,,Premier tour,variante_2,Cécile Duflot,2.0
,CSA 27 au 29 janvier 2015 (WP),http://media.rtl.fr/internal/binary/2015/0129/7776381771_les-intentions-de-vote-pour-la-presidentielle-2017.pdf?ts=1422546103966,CSA,,2015-01-27,2015-01-29,2015-01-29,1014,,Premier tour,variante_2,François Hollande,18.0
,CSA 27 au 29 janvier 2015 (WP),http://media.rtl.fr/internal/binary/2015/0129/7776381771_les-intentions-de-vote-pour-la-presidentielle-2017.pdf?ts=1422546103966,CSA,,2015-01-27,2015-01-29,2015-01-29,1014,,Premier tour,variante_2,François Bayrou,9.0
,CSA 27 au 29 janvier 2015 (WP),http://media.rtl.fr/internal/binary/2015/0129/7776381771_les-intentions-de-vote-pour-la-presidentielle-2017.pdf?ts=1422546103966,CSA,,2015-01-27,2015-01-29,2015-01-29,1014,,Premier tour,variante_2,Alain Juppé,22.0
,CSA 27 au 29 janvier 2015 (WP),http://media.rtl.fr/internal/binary/2015/0129/7776381771_les-intentions-de-vote-pour-la-presidentielle-2017.pdf?ts=1422546103966,CSA,,2015-01-27,2015-01-29,2015-01-29,1014,,Premier tour,variante_2,Nicolas Dupont-Aignan,2.5
,CSA 27 au 29 janvier 2015 (WP),http://media.rtl.fr/internal/binary/2015/0129/7776381771_les-intentions-de-vote-pour-la-presidentielle-2017.pdf?ts=1422546103966,CSA,,2015-01-27,2015-01-29,2015-01-29,1014,,Premier tour,variante_2,Marine Le Pen,32.0
,CSA 27 au 29 janvier 2015 (WP),http://media.rtl.fr/internal/binary/2015/0129/7776381771_les-intentions-de-vote-pour-la-presidentielle-2017.pdf?ts=1422546103966,CSA,,2015-01-27,2015-01-29,2015-01-29,1014,,Premier tour,variante_3,Nathalie Arthaud,0.5
,CSA 27 au 29 janvier 2015 (WP),http://media.rtl.fr/internal/binary/2015/0129/7776381771_les-intentions-de-vote-pour-la-presidentielle-2017.pdf?ts=1422546103966,CSA,,2015-01-27,2015-01-29,2015-01-29,1014,,Premier tour,variante_3,Olivier Besancenot,3.0
,CSA 27 au 29 janvier 2015 (WP),http://media.rtl.fr/internal/binary/2015/0129/7776381771_les-intentions-de-vote-pour-la-presidentielle-2017.pdf?ts=1422546103966,CSA,,2015-01-27,2015-01-29,2015-01-29,1014,,Premier tour,variante_3,Jean-Luc Mélenchon,9.0
,CSA 27 au 29 janvier 2015 (WP),http://media.rtl.fr/internal/binary/2015/0129/7776381771_les-intentions-de-vote-pour-la-presidentielle-2017.pdf?ts=1422546103966,CSA,,2015-01-27,2015-01-29,2015-01-29,1014,,Premier tour,variante_3,Cécile Duflot,2.0
,CSA 27 au 29 janvier 2015 (WP),http://media.rtl.fr/internal/binary/2015/0129/7776381771_les-intentions-de-vote-pour-la-presidentielle-2017.pdf?ts=1422546103966,CSA,,2015-01-27,2015-01-29,2015-01-29,1014,,Premier tour,variante_3,Manuel Valls,22.5
,CSA 27 au 29 janvier 2015 (WP),http://media.rtl.fr/internal/binary/2015/0129/7776381771_les-intentions-de-vote-pour-la-presidentielle-2017.pdf?ts=1422546103966,CSA,,2015-01-27,2015-01-29,2015-01-29,1014,,Premier tour,variante_3,François Bayrou,10.0
,CSA 27 au 29 janvier 2015 (WP),http://media.rtl.fr/internal/binary/2015/0129/7776381771_les-intentions-de-vote-pour-la-presidentielle-2017.pdf?ts=1422546103966,CSA,,2015-01-27,2015-01-29,2015-01-29,1014,,Premier tour,variante_3,Nicolas Sarkozy,21.5
,CSA 27 au 29 janvier 2015 (WP),http://media.rtl.fr/internal/binary/2015/0129/7776381771_les-intentions-de-vote-pour-la-presidentielle-2017.pdf?ts=1422546103966,CSA,,2015-01-27,2015-01-29,2015-01-29,1014,,Premier tour,variante_3,Nicolas Dupont-Aignan,2.5
,CSA 27 au 29 janvier 2015 (WP),http://media.rtl.fr/internal/binary/2015/0129/7776381771_les-intentions-de-vote-pour-la-presidentielle-2017.pdf?ts=1422546103966,CSA,,2015-01-27,2015-01-29,2015-01-29,1014,,Premier tour,variante_3,Marine Le Pen,29.0
,CSA 27 au 29 janvier 2015 (WP),http://media.rtl.fr/internal/binary/2015/0129/7776381771_les-intentions-de-vote-pour-la-presidentielle-2017.pdf?ts=1422546103966,CSA,,2015-01-27,2015-01-29,2015-01-29,1014,,Premier tour,variante_4,Nathalie Arthaud,0.5
,CSA 27 au 29 janvier 2015 (WP),http://media.rtl.fr/internal/binary/2015/0129/7776381771_les-intentions-de-vote-pour-la-presidentielle-2017.pdf?ts=1422546103966,CSA,,2015-01-27,2015-01-29,2015-01-29,1014,,Premier tour,variante_4,Olivier Besancenot,3.0
,CSA 27 au 29 janvier 2015 (WP),http://media.rtl.fr/internal/binary/2015/0129/7776381771_les-intentions-de-vote-pour-la-presidentielle-2017.pdf?ts=1422546103966,CSA,,2015-01-27,2015-01-29,2015-01-29,1014,,Premier tour,variante_4,Jean-Luc Mélenchon,10.0
,CSA 27 au 29 janvier 2015 (WP),http://media.rtl.fr/internal/binary/2015/0129/7776381771_les-intentions-de-vote-pour-la-presidentielle-2017.pdf?ts=1422546103966,CSA,,2015-01-27,2015-01-29,2015-01-29,1014,,Premier tour,variante_4,Cécile Duflot,3.0
,CSA 27 au 29 janvier 2015 (WP),http://media.rtl.fr/internal/binary/2015/0129/7776381771_les-intentions-de-vote-pour-la-presidentielle-2017.pdf?ts=1422546103966,CSA,,2015-01-27,2015-01-29,2015-01-29,1014,,Premier tour,variante_4,Manuel Valls,21.0
,CSA 27 au 29 janvier 2015 (WP),http://media.rtl.fr/internal/binary/2015/0129/7776381771_les-intentions-de-vote-pour-la-presidentielle-2017.pdf?ts=1422546103966,CSA,,2015-01-27,2015-01-29,2015-01-29,1014,,Premier tour,variante_4,François Bayrou,8.0
,CSA 27 au 29 janvier 2015 (WP),http://media.rtl.fr/internal/binary/2015/0129/7776381771_les-intentions-de-vote-pour-la-presidentielle-2017.pdf?ts=1422546103966,CSA,,2015-01-27,2015-01-29,2015-01-29,1014,,Premier tour,variante_4,Alain Juppé,19.0
,CSA 27 au 29 janvier 2015 (WP),http://media.rtl.fr/internal/binary/2015/0129/7776381771_les-intentions-de-vote-pour-la-presidentielle-2017.pdf?ts=1422546103966,CSA,,2015-01-27,2015-01-29,2015-01-29,1014,,Premier tour,variante_4,Nicolas Dupont-Aignan,2.5
,CSA 27 au 29 janvier 2015 (WP),http://media.rtl.fr/internal/binary/2015/0129/7776381771_les-intentions-de-vote-pour-la-presidentielle-2017.pdf?ts=1422546103966,CSA,,2015-01-27,2015-01-29,2015-01-29,1014,,Premier tour,variante_4,Marine Le Pen,33.0
,Ifop 21 au 23 janvier 2015 (WP),https://www.marianne.net/choc-marine-le-pen-30.html,Ifop,,2015-01-21,2015-01-23,2015-01-23,1051,,Premier tour,variante_1,Nathalie Arthaud,1.0
,Ifop 21 au 23 janvier 2015 (WP),https://www.marianne.net/choc-marine-le-pen-30.html,Ifop,,2015-01-21,2015-01-23,2015-01-23,1051,,Premier tour,variante_1,Philippe Poutou,2.0
,Ifop 21 au 23 janvier 2015 (WP),https://www.marianne.net/choc-marine-le-pen-30.html,Ifop,,2015-01-21,2015-01-23,2015-01-23,1051,,Premier tour,variante_1,Jean-Luc Mélenchon,8.0
,Ifop 21 au 23 janvier 2015 (WP),https://www.marianne.net/choc-marine-le-pen-30.html,Ifop,,2015-01-21,2015-01-23,2015-01-23,1051,,Premier tour,variante_1,Cécile Duflot,3.0
,Ifop 21 au 23 janvier 2015 (WP),https://www.marianne.net/choc-marine-le-pen-30.html,Ifop,,2015-01-21,2015-01-23,2015-01-23,1051,,Premier tour,variante_1,François Hollande,21.0
,Ifop 21 au 23 janvier 2015 (WP),https://www.marianne.net/choc-marine-le-pen-30.html,Ifop,,2015-01-21,2015-01-23,2015-01-23,1051,,Premier tour,variante_1,François Bayrou,9.0
,Ifop 21 au 23 janvier 2015 (WP),https://www.marianne.net/choc-marine-le-pen-30.html,Ifop,,2015-01-21,2015-01-23,2015-01-23,1051,,Premier tour,variante_1,Nicolas Sarkozy,23.0
,Ifop 21 au 23 janvier 2015 (WP),https://www.marianne.net/choc-marine-le-pen-30.html,Ifop,,2015-01-21,2015-01-23,2015-01-23,1051,,Premier tour,variante_1,Nicolas Dupont-Aignan,4.0
,Ifop 21 au 23 janvier 2015 (WP),https://www.marianne.net/choc-marine-le-pen-30.html,Ifop,,2015-01-21,2015-01-23,2015-01-23,1051,,Premier tour,variante_1,Marine Le Pen,29.0
,Ifop 21 au 23 janvier 2015 (WP),https://www.marianne.net/choc-marine-le-pen-30.html,Ifop,,2015-01-21,2015-01-23,2015-01-23,1051,,Premier tour,variante_2,Nathalie Arthaud,1.0
,Ifop 21 au 23 janvier 2015 (WP),https://www.marianne.net/choc-marine-le-pen-30.html,Ifop,,2015-01-21,2015-01-23,2015-01-23,1051,,Premier tour,variante_2,Philippe Poutou,2.0
,Ifop 21 au 23 janvier 2015 (WP),https://www.marianne.net/choc-marine-le-pen-30.html,Ifop,,2015-01-21,2015-01-23,2015-01-23,1051,,Premier tour,variante_2,Jean-Luc Mélenchon,8.0
,Ifop 21 au 23 janvier 2015 (WP),https://www.marianne.net/choc-marine-le-pen-30.html,Ifop,,2015-01-21,2015-01-23,2015-01-23,1051,,Premier tour,variante_2,Cécile Duflot,4.0
,Ifop 21 au 23 janvier 2015 (WP),https://www.marianne.net/choc-marine-le-pen-30.html,Ifop,,2015-01-21,2015-01-23,2015-01-23,1051,,Premier tour,variante_2,François Hollande,21.0
,Ifop 21 au 23 janvier 2015 (WP),https://www.marianne.net/choc-marine-le-pen-30.html,Ifop,,2015-01-21,2015-01-23,2015-01-23,1051,,Premier tour,variante_2,François Bayrou,7.0
,Ifop 21 au 23 janvier 2015 (WP),https://www.marianne.net/choc-marine-le-pen-30.html,Ifop,,2015-01-21,2015-01-23,2015-01-23,1051,,Premier tour,variante_2,Alain Juppé,23.0
,Ifop 21 au 23 janvier 2015 (WP),https://www.marianne.net/choc-marine-le-pen-30.html,Ifop,,2015-01-21,2015-01-23,2015-01-23,1051,,Premier tour,variante_2,Nicolas Dupont-Aignan,3.0
,Ifop 21 au 23 janvier 2015 (WP),https://www.marianne.net/choc-marine-le-pen-30.html,Ifop,,2015-01-21,2015-01-23,2015-01-23,1051,,Premier tour,variante_2,Marine Le Pen,31.0
,Ifop 21 au 23 janvier 2015 (WP),https://www.marianne.net/choc-marine-le-pen-30.html,Ifop,,2015-01-21,2015-01-23,2015-01-23,1051,,Premier tour,variante_3,Nathalie Arthaud,1.0
,Ifop 21 au 23 janvier 2015 (WP),https://www.marianne.net/choc-marine-le-pen-30.html,Ifop,,2015-01-21,2015-01-23,2015-01-23,1051,,Premier tour,variante_3,Philippe Poutou,1.0
,Ifop 21 au 23 janvier 2015 (WP),https://www.marianne.net/choc-marine-le-pen-30.html,Ifop,,2015-01-21,2015-01-23,2015-01-23,1051,,Premier tour,variante_3,Jean-Luc Mélenchon,8.0
,Ifop 21 au 23 janvier 2015 (WP),https://www.marianne.net/choc-marine-le-pen-30.html,Ifop,,2015-01-21,2015-01-23,2015-01-23,1051,,Premier tour,variante_3,Cécile Duflot,4.0
,Ifop 21 au 23 janvier 2015 (WP),https://www.marianne.net/choc-marine-le-pen-30.html,Ifop,,2015-01-21,2015-01-23,2015-01-23,1051,,Premier tour,variante_3,Manuel Valls,23.0
,Ifop 21 au 23 janvier 2015 (WP),https://www.marianne.net/choc-marine-le-pen-30.html,Ifop,,2015-01-21,2015-01-23,2015-01-23,1051,,Premier tour,variante_3,François Bayrou,7.0
,Ifop 21 au 23 janvier 2015 (WP),https://www.marianne.net/choc-marine-le-pen-30.html,Ifop,,2015-01-21,2015-01-23,2015-01-23,1051,,Premier tour,variante_3,Nicolas Sarkozy,23.0
,Ifop 21 au 23 janvier 2015 (WP),https://www.marianne.net/choc-marine-le-pen-30.html,Ifop,,2015-01-21,2015-01-23,2015-01-23,1051,,Premier tour,variante_3,Nicolas Dupont-Aignan,3.0
,Ifop 21 au 23 janvier 2015 (WP),https://www.marianne.net/choc-marine-le-pen-30.html,Ifop,,2015-01-21,2015-01-23,2015-01-23,1051,,Premier tour,variante_3,Marine Le Pen,30.0
,Ifop 21 au 23 janvier 2015 (WP),https://www.marianne.net/choc-marine-le-pen-30.html,Ifop,,2015-01-21,2015-01-23,2015-01-23,1051,,Premier tour,variante_4,Nathalie Arthaud,1.5
,Ifop 21 au 23 janvier 2015 (WP),https://www.marianne.net/choc-marine-le-pen-30.html,Ifop,,2015-01-21,2015-01-23,2015-01-23,1051,,Premier tour,variante_4,Philippe Poutou,1.5
,Ifop 21 au 23 janvier 2015 (WP),https://www.marianne.net/choc-marine-le-pen-30.html,Ifop,,2015-01-21,2015-01-23,2015-01-23,1051,,Premier tour,variante_4,Jean-Luc Mélenchon,8.0
,Ifop 21 au 23 janvier 2015 (WP),https://www.marianne.net/choc-marine-le-pen-30.html,Ifop,,2015-01-21,2015-01-23,2015-01-23,1051,,Premier tour,variante_4,Cécile Duflot,3.0
,Ifop 21 au 23 janvier 2015 (WP),https://www.marianne.net/choc-marine-le-pen-30.html,Ifop,,2015-01-21,2015-01-23,2015-01-23,1051,,Premier tour,variante_4,Manuel Valls,23.0
,Ifop 21 au 23 janvier 2015 (WP),https://www.marianne.net/choc-marine-le-pen-30.html,Ifop,,2015-01-21,2015-01-23,2015-01-23,1051,,Premier tour,variante_4,François Bayrou,7.0
,Ifop 21 au 23 janvier 2015 (WP),https://www.marianne.net/choc-marine-le-pen-30.html,Ifop,,2015-01-21,2015-01-23,2015-01-23,1051,,Premier tour,variante_4,Alain Juppé,22.0
,Ifop 21 au 23 janvier 2015 (WP),https://www.marianne.net/choc-marine-le-pen-30.html,Ifop,,2015-01-21,2015-01-23,2015-01-23,1051,,Premier tour,variante_4,Nicolas Dupont-Aignan,3.0
,Ifop 21 au 23 janvier 2015 (WP),https://www.marianne.net/choc-marine-le-pen-30.html,Ifop,,2015-01-21,2015-01-23,2015-01-23,1051,,Premier tour,variante_4,Marine Le Pen,31.0
,Ifop 28 au 30 octobre 2014 (WP),http://www.ifop.com/media/poll/2826-1-study_file.pdf,Ifop,,2014-10-28,2014-10-30,2014-10-30,1382,,Premier tour,variante_1,Nathalie Arthaud,1.5
,Ifop 28 au 30 octobre 2014 (WP),http://www.ifop.com/media/poll/2826-1-study_file.pdf,Ifop,,2014-10-28,2014-10-30,2014-10-30,1382,,Premier tour,variante_1,Philippe Poutou,1.5
,Ifop 28 au 30 octobre 2014 (WP),http://www.ifop.com/media/poll/2826-1-study_file.pdf,Ifop,,2014-10-28,2014-10-30,2014-10-30,1382,,Premier tour,variante_1,Jean-Luc Mélenchon,9.0
,Ifop 28 au 30 octobre 2014 (WP),http://www.ifop.com/media/poll/2826-1-study_file.pdf,Ifop,,2014-10-28,2014-10-30,2014-10-30,1382,,Premier tour,variante_1,Cécile Duflot,3.0
,Ifop 28 au 30 octobre 2014 (WP),http://www.ifop.com/media/poll/2826-1-study_file.pdf,Ifop,,2014-10-28,2014-10-30,2014-10-30,1382,,Premier tour,variante_1,François Hollande,14.0
,Ifop 28 au 30 octobre 2014 (WP),http://www.ifop.com/media/poll/2826-1-study_file.pdf,Ifop,,2014-10-28,2014-10-30,2014-10-30,1382,,Premier tour,variante_1,François Bayrou,13.0
,Ifop 28 au 30 octobre 2014 (WP),http://www.ifop.com/media/poll/2826-1-study_file.pdf,Ifop,,2014-10-28,2014-10-30,2014-10-30,1382,,Premier tour,variante_1,Nicolas Sarkozy,26.0
,Ifop 28 au 30 octobre 2014 (WP),http://www.ifop.com/media/poll/2826-1-study_file.pdf,Ifop,,2014-10-28,2014-10-30,2014-10-30,1382,,Premier tour,variante_1,Nicolas Dupont-Aignan,3.0
,Ifop 28 au 30 octobre 2014 (WP),http://www.ifop.com/media/poll/2826-1-study_file.pdf,Ifop,,2014-10-28,2014-10-30,2014-10-30,1382,,Premier tour,variante_1,Marine Le Pen,29.0
,Ifop 28 au 30 octobre 2014 (WP),http://www.ifop.com/media/poll/2826-1-study_file.pdf,Ifop,,2014-10-28,2014-10-30,2014-10-30,1382,,Premier tour,variante_2,Nathalie Arthaud,1.5
,Ifop 28 au 30 octobre 2014 (WP),http://www.ifop.com/media/poll/2826-1-study_file.pdf,Ifop,,2014-10-28,2014-10-30,2014-10-30,1382,,Premier tour,variante_2,Philippe Poutou,1.5
,Ifop 28 au 30 octobre 2014 (WP),http://www.ifop.com/media/poll/2826-1-study_file.pdf,Ifop,,2014-10-28,2014-10-30,2014-10-30,1382,,Premier tour,variante_2,Jean-Luc Mélenchon,9.0
,Ifop 28 au 30 octobre 2014 (WP),http://www.ifop.com/media/poll/2826-1-study_file.pdf,Ifop,,2014-10-28,2014-10-30,2014-10-30,1382,,Premier tour,variante_2,Cécile Duflot,3.0
,Ifop 28 au 30 octobre 2014 (WP),http://www.ifop.com/media/poll/2826-1-study_file.pdf,Ifop,,2014-10-28,2014-10-30,2014-10-30,1382,,Premier tour,variante_2,Manuel Valls,13.0
,Ifop 28 au 30 octobre 2014 (WP),http://www.ifop.com/media/poll/2826-1-study_file.pdf,Ifop,,2014-10-28,2014-10-30,2014-10-30,1382,,Premier tour,variante_2,François Bayrou,10.0
,Ifop 28 au 30 octobre 2014 (WP),http://www.ifop.com/media/poll/2826-1-study_file.pdf,Ifop,,2014-10-28,2014-10-30,2014-10-30,1382,,Premier tour,variante_2,Alain Juppé,28.0
,Ifop 28 au 30 octobre 2014 (WP),http://www.ifop.com/media/poll/2826-1-study_file.pdf,Ifop,,2014-10-28,2014-10-30,2014-10-30,1382,,Premier tour,variante_2,Nicolas Dupont-Aignan,4.0
,Ifop 28 au 30 octobre 2014 (WP),http://www.ifop.com/media/poll/2826-1-study_file.pdf,Ifop,,2014-10-28,2014-10-30,2014-10-30,1382,,Premier tour,variante_2,Marine Le Pen,30.0
,Ifop 28 au 30 octobre 2014 (WP),http://www.ifop.com/media/poll/2826-1-study_file.pdf,Ifop,,2014-10-28,2014-10-30,2014-10-30,1382,,Premier tour,variante_3,Nathalie Arthaud,1.5
,Ifop 28 au 30 octobre 2014 (WP),http://www.ifop.com/media/poll/2826-1-study_file.pdf,Ifop,,2014-10-28,2014-10-30,2014-10-30,1382,,Premier tour,variante_3,Philippe Poutou,1.5
,Ifop 28 au 30 octobre 2014 (WP),http://www.ifop.com/media/poll/2826-1-study_file.pdf,Ifop,,2014-10-28,2014-10-30,2014-10-30,1382,,Premier tour,variante_3,Jean-Luc Mélenchon,10.0
,Ifop 28 au 30 octobre 2014 (WP),http://www.ifop.com/media/poll/2826-1-study_file.pdf,Ifop,,2014-10-28,2014-10-30,2014-10-30,1382,,Premier tour,variante_3,Cécile Duflot,4.0
,Ifop 28 au 30 octobre 2014 (WP),http://www.ifop.com/media/poll/2826-1-study_file.pdf,Ifop,,2014-10-28,2014-10-30,2014-10-30,1382,,Premier tour,variante_3,François Hollande,15.0
,Ifop 28 au 30 octobre 2014 (WP),http://www.ifop.com/media/poll/2826-1-study_file.pdf,Ifop,,2014-10-28,2014-10-30,2014-10-30,1382,,Premier tour,variante_3,Alain Juppé,32.0
,Ifop 28 au 30 octobre 2014 (WP),http://www.ifop.com/media/poll/2826-1-study_file.pdf,Ifop,,2014-10-28,2014-10-30,2014-10-30,1382,,Premier tour,variante_3,Nicolas Dupont-Aignan,4.0
,Ifop 28 au 30 octobre 2014 (WP),http://www.ifop.com/media/poll/2826-1-study_file.pdf,Ifop,,2014-10-28,2014-10-30,2014-10-30,1382,,Premier tour,variante_3,Marine Le Pen,32.0
,Ifop 28 au 30 octobre 2014 (WP),http://www.ifop.com/media/poll/2826-1-study_file.pdf,Ifop,,2014-10-28,2014-10-30,2014-10-30,1382,,Premier tour,variante_4,Nathalie Arthaud,1.5
,Ifop 28 au 30 octobre 2014 (WP),http://www.ifop.com/media/poll/2826-1-study_file.pdf,Ifop,,2014-10-28,2014-10-30,2014-10-30,1382,,Premier tour,variante_4,Philippe Poutou,1.5
,Ifop 28 au 30 octobre 2014 (WP),http://www.ifop.com/media/poll/2826-1-study_file.pdf,Ifop,,2014-10-28,2014-10-30,2014-10-30,1382,,Premier tour,variante_4,Jean-Luc Mélenchon,9.0
,Ifop 28 au 30 octobre 2014 (WP),http://www.ifop.com/media/poll/2826-1-study_file.pdf,Ifop,,2014-10-28,2014-10-30,2014-10-30,1382,,Premier tour,variante_4,Cécile Duflot,4.0
,Ifop 28 au 30 octobre 2014 (WP),http://www.ifop.com/media/poll/2826-1-study_file.pdf,Ifop,,2014-10-28,2014-10-30,2014-10-30,1382,,Premier tour,variante_4,François Hollande,14.0
,Ifop 28 au 30 octobre 2014 (WP),http://www.ifop.com/media/poll/2826-1-study_file.pdf,Ifop,,2014-10-28,2014-10-30,2014-10-30,1382,,Premier tour,variante_4,François Bayrou,16.0
,Ifop 28 au 30 octobre 2014 (WP),http://www.ifop.com/media/poll/2826-1-study_file.pdf,Ifop,,2014-10-28,2014-10-30,2014-10-30,1382,,Premier tour,variante_4,François Fillon,18.0
,Ifop 28 au 30 octobre 2014 (WP),http://www.ifop.com/media/poll/2826-1-study_file.pdf,Ifop,,2014-10-28,2014-10-30,2014-10-30,1382,,Premier tour,variante_4,Nicolas Dupont-Aignan,5.0
,Ifop 28 au 30 octobre 2014 (WP),http://www.ifop.com/media/poll/2826-1-study_file.pdf,Ifop,,2014-10-28,2014-10-30,2014-10-30,1382,,Premier tour,variante_4,Marine Le Pen,31.0
,Ifop 28 au 30 octobre 2014 (WP),http://www.ifop.com/media/poll/2826-1-study_file.pdf,Ifop,,2014-10-28,2014-10-30,2014-10-30,1382,,Premier tour,variante_5,Nathalie Arthaud,1.5
,Ifop 28 au 30 octobre 2014 (WP),http://www.ifop.com/media/poll/2826-1-study_file.pdf,Ifop,,2014-10-28,2014-10-30,2014-10-30,1382,,Premier tour,variante_5,Philippe Poutou,1.5
,Ifop 28 au 30 octobre 2014 (WP),http://www.ifop.com/media/poll/2826-1-study_file.pdf,Ifop,,2014-10-28,2014-10-30,2014-10-30,1382,,Premier tour,variante_5,Jean-Luc Mélenchon,9.0
,Ifop 28 au 30 octobre 2014 (WP),http://www.ifop.com/media/poll/2826-1-study_file.pdf,Ifop,,2014-10-28,2014-10-30,2014-10-30,1382,,Premier tour,variante_5,François Hollande,15.0
,Ifop 28 au 30 octobre 2014 (WP),http://www.ifop.com/media/poll/2826-1-study_file.pdf,Ifop,,2014-10-28,2014-10-30,2014-10-30,1382,,Premier tour,variante_5,François Bayrou,14.0
,Ifop 28 au 30 octobre 2014 (WP),http://www.ifop.com/media/poll/2826-1-study_file.pdf,Ifop,,2014-10-28,2014-10-30,2014-10-30,1382,,Premier tour,variante_5,Nicolas Sarkozy,26.0
,Ifop 28 au 30 octobre 2014 (WP),http://www.ifop.com/media/poll/2826-1-study_file.pdf,Ifop,,2014-10-28,2014-10-30,2014-10-30,1382,,Premier tour,variante_5,Nicolas Dupont-Aignan,4.0
,Ifop 28 au 30 octobre 2014 (WP),http://www.ifop.com/media/poll/2826-1-study_file.pdf,Ifop,,2014-10-28,2014-10-30,2014-10-30,1382,,Premier tour,variante_5,Marine Le Pen,29.0
,Ifop 28 au 30 octobre 2014 (WP),http://www.ifop.com/media/poll/2826-1-study_file.pdf,Ifop,,2014-10-28,2014-10-30,2014-10-30,1382,,Premier tour,variante_6,Nathalie Arthaud,2.0
,Ifop 28 au 30 octobre 2014 (WP),http://www.ifop.com/media/poll/2826-1-study_file.pdf,Ifop,,2014-10-28,2014-10-30,2014-10-30,1382,,Premier tour,variante_6,Philippe Poutou,1.5
,Ifop 28 au 30 octobre 2014 (WP),http://www.ifop.com/media/poll/2826-1-study_file.pdf,Ifop,,2014-10-28,2014-10-30,2014-10-30,1382,,Premier tour,variante_6,Jean-Luc Mélenchon,8.0
,Ifop 28 au 30 octobre 2014 (WP),http://www.ifop.com/media/poll/2826-1-study_file.pdf,Ifop,,2014-10-28,2014-10-30,2014-10-30,1382,,Premier tour,variante_6,Cécile Duflot,3.0
,Ifop 28 au 30 octobre 2014 (WP),http://www.ifop.com/media/poll/2826-1-study_file.pdf,Ifop,,2014-10-28,2014-10-30,2014-10-30,1382,,Premier tour,variante_6,Martine Aubry,14.0
,Ifop 28 au 30 octobre 2014 (WP),http://www.ifop.com/media/poll/2826-1-study_file.pdf,Ifop,,2014-10-28,2014-10-30,2014-10-30,1382,,Premier tour,variante_6,François Bayrou,14.0
,Ifop 28 au 30 octobre 2014 (WP),http://www.ifop.com/media/poll/2826-1-study_file.pdf,Ifop,,2014-10-28,2014-10-30,2014-10-30,1382,,Premier tour,variante_6,Nicolas Sarkozy,27.0
,Ifop 28 au 30 octobre 2014 (WP),http://www.ifop.com/media/poll/2826-1-study_file.pdf,Ifop,,2014-10-28,2014-10-30,2014-10-30,1382,,Premier tour,variante_6,Nicolas Dupont-Aignan,3.5
,Ifop 28 au 30 octobre 2014 (WP),http://www.ifop.com/media/poll/2826-1-study_file.pdf,Ifop,,2014-10-28,2014-10-30,2014-10-30,1382,,Premier tour,variante_6,Marine Le Pen,27.0
,Ifop 28 au 30 octobre 2014 (WP),http://www.ifop.com/media/poll/2826-1-study_file.pdf,Ifop,,2014-10-28,2014-10-30,2014-10-30,1382,,Premier tour,variante_7,Nathalie Arthaud,1.5
,Ifop 28 au 30 octobre 2014 (WP),http://www.ifop.com/media/poll/2826-1-study_file.pdf,Ifop,,2014-10-28,2014-10-30,2014-10-30,1382,,Premier tour,variante_7,Philippe Poutou,1.5
,Ifop 28 au 30 octobre 2014 (WP),http://www.ifop.com/media/poll/2826-1-study_file.pdf,Ifop,,2014-10-28,2014-10-30,2014-10-30,1382,,Premier tour,variante_7,Jean-Luc Mélenchon,9.0
,Ifop 28 au 30 octobre 2014 (WP),http://www.ifop.com/media/poll/2826-1-study_file.pdf,Ifop,,2014-10-28,2014-10-30,2014-10-30,1382,,Premier tour,variante_7,Cécile Duflot,2.0
,Ifop 28 au 30 octobre 2014 (WP),http://www.ifop.com/media/poll/2826-1-study_file.pdf,Ifop,,2014-10-28,2014-10-30,2014-10-30,1382,,Premier tour,variante_7,Martine Aubry,13.0
,Ifop 28 au 30 octobre 2014 (WP),http://www.ifop.com/media/poll/2826-1-study_file.pdf,Ifop,,2014-10-28,2014-10-30,2014-10-30,1382,,Premier tour,variante_7,François Bayrou,10.0
,Ifop 28 au 30 octobre 2014 (WP),http://www.ifop.com/media/poll/2826-1-study_file.pdf,Ifop,,2014-10-28,2014-10-30,2014-10-30,1382,,Premier tour,variante_7,Alain Juppé,30.0
,Ifop 28 au 30 octobre 2014 (WP),http://www.ifop.com/media/poll/2826-1-study_file.pdf,Ifop,,2014-10-28,2014-10-30,2014-10-30,1382,,Premier tour,variante_7,Nicolas Dupont-Aignan,4.0
,Ifop 28 au 30 octobre 2014 (WP),http://www.ifop.com/media/poll/2826-1-study_file.pdf,Ifop,,2014-10-28,2014-10-30,2014-10-30,1382,,Premier tour,variante_7,Marine Le Pen,29.0
,Ifop 28 au 30 octobre 2014 (WP),http://www.ifop.com/media/poll/2826-1-study_file.pdf,Ifop,,2014-10-28,2014-10-30,2014-10-30,1382,,Premier tour,variante_8,Nathalie Arthaud,2.0
,Ifop 28 au 30 octobre 2014 (WP),http://www.ifop.com/media/poll/2826-1-study_file.pdf,Ifop,,2014-10-28,2014-10-30,2014-10-30,1382,,Premier tour,variante_8,Philippe Poutou,1.5
,Ifop 28 au 30 octobre 2014 (WP),http://www.ifop.com/media/poll/2826-1-study_file.pdf,Ifop,,2014-10-28,2014-10-30,2014-10-30,1382,,Premier tour,variante_8,Jean-Luc Mélenchon,8.5
,Ifop 28 au 30 octobre 2014 (WP),http://www.ifop.com/media/poll/2826-1-study_file.pdf,Ifop,,2014-10-28,2014-10-30,2014-10-30,1382,,Premier tour,variante_8,Cécile Duflot,3.0
,Ifop 28 au 30 octobre 2014 (WP),http://www.ifop.com/media/poll/2826-1-study_file.pdf,Ifop,,2014-10-28,2014-10-30,2014-10-30,1382,,Premier tour,variante_8,Manuel Valls,15.0
,Ifop 28 au 30 octobre 2014 (WP),http://www.ifop.com/media/poll/2826-1-study_file.pdf,Ifop,,2014-10-28,2014-10-30,2014-10-30,1382,,Premier tour,variante_8,François Bayrou,13.0
,Ifop 28 au 30 octobre 2014 (WP),http://www.ifop.com/media/poll/2826-1-study_file.pdf,Ifop,,2014-10-28,2014-10-30,2014-10-30,1382,,Premier tour,variante_8,Nicolas Sarkozy,27.0
,Ifop 28 au 30 octobre 2014 (WP),http://www.ifop.com/media/poll/2826-1-study_file.pdf,Ifop,,2014-10-28,2014-10-30,2014-10-30,1382,,Premier tour,variante_8,Nicolas Dupont-Aignan,3.0
,Ifop 28 au 30 octobre 2014 (WP),http://www.ifop.com/media/poll/2826-1-study_file.pdf,Ifop,,2014-10-28,2014-10-30,2014-10-30,1382,,Premier tour,variante_8,Marine Le Pen,27.0
,Ifop 3 et 4 septembre 2014 (WP),http://www.ifop.fr/media/poll/2755-1-study_file.pdf,Ifop,,,,,994,,Premier tour,variante_1,Nathalie Arthaud,1.0
,Ifop 3 et 4 septembre 2014 (WP),http://www.ifop.fr/media/poll/2755-1-study_file.pdf,Ifop,,,,,994,,Premier tour,variante_1,Philippe Poutou,1.0
,Ifop 3 et 4 septembre 2014 (WP),http://www.ifop.fr/media/poll/2755-1-study_file.pdf,Ifop,,,,,994,,Premier tour,variante_1,Jean-Luc Mélenchon,10.0
,Ifop 3 et 4 septembre 2014 (WP),http://www.ifop.fr/media/poll/2755-1-study_file.pdf,Ifop,,,,,994,,Premier tour,variante_1,Cécile Duflot,3.0
,Ifop 3 et 4 septembre 2014 (WP),http://www.ifop.fr/media/poll/2755-1-study_file.pdf,Ifop,,,,,994,,Premier tour,variante_1,François Hollande,17.0
,Ifop 3 et 4 septembre 2014 (WP),http://www.ifop.fr/media/poll/2755-1-study_file.pdf,Ifop,,,,,994,,Premier tour,variante_1,François Bayrou,14.0
,Ifop 3 et 4 septembre 2014 (WP),http://www.ifop.fr/media/poll/2755-1-study_file.pdf,Ifop,,,,,994,,Premier tour,variante_1,François Fillon,17.0
,Ifop 3 et 4 septembre 2014 (WP),http://www.ifop.fr/media/poll/2755-1-study_file.pdf,Ifop,,,,,994,,Premier tour,variante_1,Nicolas Dupont-Aignan,3.0
,Ifop 3 et 4 septembre 2014 (WP),http://www.ifop.fr/media/poll/2755-1-study_file.pdf,Ifop,,,,,994,,Premier tour,variante_1,Marine Le Pen,32.0
,Ifop 3 et 4 septembre 2014 (WP),http://www.ifop.fr/media/poll/2755-1-study_file.pdf,Ifop,,,,,994,,Premier tour,variante_2,Nathalie Arthaud,1.0
,Ifop 3 et 4 septembre 2014 (WP),http://www.ifop.fr/media/poll/2755-1-study_file.pdf,Ifop,,,,,994,,Premier tour,variante_2,Philippe Poutou,1.0
,Ifop 3 et 4 septembre 2014 (WP),http://www.ifop.fr/media/poll/2755-1-study_file.pdf,Ifop,,,,,994,,Premier tour,variante_2,Jean-Luc Mélenchon,10.0
,Ifop 3 et 4 septembre 2014 (WP),http://www.ifop.fr/media/poll/2755-1-study_file.pdf,Ifop,,,,,994,,Premier tour,variante_2,Cécile Duflot,3.0
,Ifop 3 et 4 septembre 2014 (WP),http://www.ifop.fr/media/poll/2755-1-study_file.pdf,Ifop,,,,,994,,Premier tour,variante_2,Manuel Valls,16.0
,Ifop 3 et 4 septembre 2014 (WP),http://www.ifop.fr/media/poll/2755-1-study_file.pdf,Ifop,,,,,994,,Premier tour,variante_2,François Bayrou,11.0
,Ifop 3 et 4 septembre 2014 (WP),http://www.ifop.fr/media/poll/2755-1-study_file.pdf,Ifop,,,,,994,,Premier tour,variante_2,Alain Juppé,24.0
,Ifop 3 et 4 septembre 2014 (WP),http://www.ifop.fr/media/poll/2755-1-study_file.pdf,Ifop,,,,,994,,Premier tour,variante_2,Nicolas Dupont-Aignan,4.0
,Ifop 3 et 4 septembre 2014 (WP),http://www.ifop.fr/media/poll/2755-1-study_file.pdf,Ifop,,,,,994,,Premier tour,variante_2,Marine Le Pen,30.0
,Ifop 3 et 4 septembre 2014 (WP),http://www.ifop.fr/media/poll/2755-1-study_file.pdf,Ifop,,,,,994,,Premier tour,variante_3,Nathalie Arthaud,1.0
,Ifop 3 et 4 septembre 2014 (WP),http://www.ifop.fr/media/poll/2755-1-study_file.pdf,Ifop,,,,,994,,Premier tour,variante_3,Philippe Poutou,1.0
,Ifop 3 et 4 septembre 2014 (WP),http://www.ifop.fr/media/poll/2755-1-study_file.pdf,Ifop,,,,,994,,Premier tour,variante_3,Jean-Luc Mélenchon,10.0
,Ifop 3 et 4 septembre 2014 (WP),http://www.ifop.fr/media/poll/2755-1-study_file.pdf,Ifop,,,,,994,,Premier tour,variante_3,Cécile Duflot,3.0
,Ifop 3 et 4 septembre 2014 (WP),http://www.ifop.fr/media/poll/2755-1-study_file.pdf,Ifop,,,,,994,,Premier tour,variante_3,François Hollande,16.0
,Ifop 3 et 4 septembre 2014 (WP),http://www.ifop.fr/media/poll/2755-1-study_file.pdf,Ifop,,,,,994,,Premier tour,variante_3,François Bayrou,12.0
,Ifop 3 et 4 septembre 2014 (WP),http://www.ifop.fr/media/poll/2755-1-study_file.pdf,Ifop,,,,,994,,Premier tour,variante_3,Nicolas Sarkozy,25.0
,Ifop 3 et 4 septembre 2014 (WP),http://www.ifop.fr/media/poll/2755-1-study_file.pdf,Ifop,,,,,994,,Premier tour,variante_3,Nicolas Dupont-Aignan,4.0
,Ifop 3 et 4 septembre 2014 (WP),http://www.ifop.fr/media/poll/2755-1-study_file.pdf,Ifop,,,,,994,,Premier tour,variante_3,Marine Le Pen,28.0
,Ifop 21 et 22 juillet 2014 (WP),http://www.ifop.fr/media/poll/2734-1-study_file.pdf,Ifop,,,,,947,,Premier tour,variante_1,Nathalie Arthaud,2.0
,Ifop 21 et 22 juillet 2014 (WP),http://www.ifop.fr/media/poll/2734-1-study_file.pdf,Ifop,,,,,947,,Premier tour,variante_1,Philippe Poutou,1.0
,Ifop 21 et 22 juillet 2014 (WP),http://www.ifop.fr/media/poll/2734-1-study_file.pdf,Ifop,,,,,947,,Premier tour,variante_1,Jean-Luc Mélenchon,10.0
,Ifop 21 et 22 juillet 2014 (WP),http://www.ifop.fr/media/poll/2734-1-study_file.pdf,Ifop,,,,,947,,Premier tour,variante_1,Cécile Duflot,3.0
,Ifop 21 et 22 juillet 2014 (WP),http://www.ifop.fr/media/poll/2734-1-study_file.pdf,Ifop,,,,,947,,Premier tour,variante_1,François Hollande,17.0
,Ifop 21 et 22 juillet 2014 (WP),http://www.ifop.fr/media/poll/2734-1-study_file.pdf,Ifop,,,,,947,,Premier tour,variante_1,François Bayrou,13.0
,Ifop 21 et 22 juillet 2014 (WP),http://www.ifop.fr/media/poll/2734-1-study_file.pdf,Ifop,,,,,947,,Premier tour,variante_1,Nicolas Sarkozy,25.0
,Ifop 21 et 22 juillet 2014 (WP),http://www.ifop.fr/media/poll/2734-1-study_file.pdf,Ifop,,,,,947,,Premier tour,variante_1,Nicolas Dupont-Aignan,3.0
,Ifop 21 et 22 juillet 2014 (WP),http://www.ifop.fr/media/poll/2734-1-study_file.pdf,Ifop,,,,,947,,Premier tour,variante_1,Marine Le Pen,26.0
,Ifop 21 et 22 juillet 2014 (WP),http://www.ifop.fr/media/poll/2734-1-study_file.pdf,Ifop,,,,,947,,Premier tour,variante_2,Nathalie Arthaud,2.0
,Ifop 21 et 22 juillet 2014 (WP),http://www.ifop.fr/media/poll/2734-1-study_file.pdf,Ifop,,,,,947,,Premier tour,variante_2,Philippe Poutou,1.0
,Ifop 21 et 22 juillet 2014 (WP),http://www.ifop.fr/media/poll/2734-1-study_file.pdf,Ifop,,,,,947,,Premier tour,variante_2,Jean-Luc Mélenchon,11.0
,Ifop 21 et 22 juillet 2014 (WP),http://www.ifop.fr/media/poll/2734-1-study_file.pdf,Ifop,,,,,947,,Premier tour,variante_2,Cécile Duflot,3.0
,Ifop 21 et 22 juillet 2014 (WP),http://www.ifop.fr/media/poll/2734-1-study_file.pdf,Ifop,,,,,947,,Premier tour,variante_2,Manuel Valls,17.0
,Ifop 21 et 22 juillet 2014 (WP),http://www.ifop.fr/media/poll/2734-1-study_file.pdf,Ifop,,,,,947,,Premier tour,variante_2,François Bayrou,12.0
,Ifop 21 et 22 juillet 2014 (WP),http://www.ifop.fr/media/poll/2734-1-study_file.pdf,Ifop,,,,,947,,Premier tour,variante_2,Nicolas Sarkozy,25.0
,Ifop 21 et 22 juillet 2014 (WP),http://www.ifop.fr/media/poll/2734-1-study_file.pdf,Ifop,,,,,947,,Premier tour,variante_2,Nicolas Dupont-Aignan,3.0
,Ifop 21 et 22 juillet 2014 (WP),http://www.ifop.fr/media/poll/2734-1-study_file.pdf,Ifop,,,,,947,,Premier tour,variante_2,Marine Le Pen,26.0
,Ifop 21 et 22 juillet 2014 (WP),http://www.ifop.fr/media/poll/2734-1-study_file.pdf,Ifop,,,,,947,,Premier tour,variante_3,Nathalie Arthaud,2.0
,Ifop 21 et 22 juillet 2014 (WP),http://www.ifop.fr/media/poll/2734-1-study_file.pdf,Ifop,,,,,947,,Premier tour,variante_3,Philippe Poutou,1.0
,Ifop 21 et 22 juillet 2014 (WP),http://www.ifop.fr/media/poll/2734-1-study_file.pdf,Ifop,,,,,947,,Premier tour,variante_3,Jean-Luc Mélenchon,11.0
,Ifop 21 et 22 juillet 2014 (WP),http://www.ifop.fr/media/poll/2734-1-study_file.pdf,Ifop,,,,,947,,Premier tour,variante_3,Cécile Duflot,4.0
,Ifop 21 et 22 juillet 2014 (WP),http://www.ifop.fr/media/poll/2734-1-study_file.pdf,Ifop,,,,,947,,Premier tour,variante_3,Arnaud Montebourg,10.0
,Ifop 21 et 22 juillet 2014 (WP),http://www.ifop.fr/media/poll/2734-1-study_file.pdf,Ifop,,,,,947,,Premier tour,variante_3,François Bayrou,16.0
,Ifop 21 et 22 juillet 2014 (WP),http://www.ifop.fr/media/poll/2734-1-study_file.pdf,Ifop,,,,,947,,Premier tour,variante_3,Nicolas Sarkozy,26.0
,Ifop 21 et 22 juillet 2014 (WP),http://www.ifop.fr/media/poll/2734-1-study_file.pdf,Ifop,,,,,947,,Premier tour,variante_3,Nicolas Dupont-Aignan,3.0
,Ifop 21 et 22 juillet 2014 (WP),http://www.ifop.fr/media/poll/2734-1-study_file.pdf,Ifop,,,,,947,,Premier tour,variante_3,Marine Le Pen,27.0
,Ifop 15 au 18 avril 2014 (WP),http://www.ifop.fr/media/poll/2608-1-study_file.pdf,Ifop,,2014-04-15,2014-04-18,2014-04-18,998,,Premier tour,variante_1,Jacques Cheminade,0.0
,Ifop 15 au 18 avril 2014 (WP),http://www.ifop.fr/media/poll/2608-1-study_file.pdf,Ifop,,2014-04-15,2014-04-18,2014-04-18,998,,Premier tour,variante_1,Nathalie Arthaud,0.5
,Ifop 15 au 18 avril 2014 (WP),http://www.ifop.fr/media/poll/2608-1-study_file.pdf,Ifop,,2014-04-15,2014-04-18,2014-04-18,998,,Premier tour,variante_1,Philippe Poutou,1.5
,Ifop 15 au 18 avril 2014 (WP),http://www.ifop.fr/media/poll/2608-1-study_file.pdf,Ifop,,2014-04-15,2014-04-18,2014-04-18,998,,Premier tour,variante_1,Jean-Luc Mélenchon,9.0
,Ifop 15 au 18 avril 2014 (WP),http://www.ifop.fr/media/poll/2608-1-study_file.pdf,Ifop,,2014-04-15,2014-04-18,2014-04-18,998,,Premier tour,variante_1,Eva Joly,3.0
,Ifop 15 au 18 avril 2014 (WP),http://www.ifop.fr/media/poll/2608-1-study_file.pdf,Ifop,,2014-04-15,2014-04-18,2014-04-18,998,,Premier tour,variante_1,François Hollande,18.0
,Ifop 15 au 18 avril 2014 (WP),http://www.ifop.fr/media/poll/2608-1-study_file.pdf,Ifop,,2014-04-15,2014-04-18,2014-04-18,998,,Premier tour,variante_1,François Bayrou,12.0
,Ifop 15 au 18 avril 2014 (WP),http://www.ifop.fr/media/poll/2608-1-study_file.pdf,Ifop,,2014-04-15,2014-04-18,2014-04-18,998,,Premier tour,variante_1,Nicolas Sarkozy,31.0
,Ifop 15 au 18 avril 2014 (WP),http://www.ifop.fr/media/poll/2608-1-study_file.pdf,Ifop,,2014-04-15,2014-04-18,2014-04-18,998,,Premier tour,variante_1,Nicolas Dupont-Aignan,2.0
,Ifop 15 au 18 avril 2014 (WP),http://www.ifop.fr/media/poll/2608-1-study_file.pdf,Ifop,,2014-04-15,2014-04-18,2014-04-18,998,,Premier tour,variante_1,Marine Le Pen,24.0
,Ifop 15 au 18 avril 2014 (WP),http://www.ifop.fr/media/poll/2608-1-study_file.pdf,Ifop,,2014-04-15,2014-04-18,2014-04-18,998,,Premier tour,variante_2,Jacques Cheminade,0.0
,Ifop 15 au 18 avril 2014 (WP),http://www.ifop.fr/media/poll/2608-1-study_file.pdf,Ifop,,2014-04-15,2014-04-18,2014-04-18,998,,Premier tour,variante_2,Nathalie Arthaud,0.5
,Ifop 15 au 18 avril 2014 (WP),http://www.ifop.fr/media/poll/2608-1-study_file.pdf,Ifop,,2014-04-15,2014-04-18,2014-04-18,998,,Premier tour,variante_2,Philippe Poutou,1.5
,Ifop 15 au 18 avril 2014 (WP),http://www.ifop.fr/media/poll/2608-1-study_file.pdf,Ifop,,2014-04-15,2014-04-18,2014-04-18,998,,Premier tour,variante_2,Jean-Luc Mélenchon,9.0
,Ifop 15 au 18 avril 2014 (WP),http://www.ifop.fr/media/poll/2608-1-study_file.pdf,Ifop,,2014-04-15,2014-04-18,2014-04-18,998,,Premier tour,variante_2,Eva Joly,3.0
,Ifop 15 au 18 avril 2014 (WP),http://www.ifop.fr/media/poll/2608-1-study_file.pdf,Ifop,,2014-04-15,2014-04-18,2014-04-18,998,,Premier tour,variante_2,François Hollande,18.0
,Ifop 15 au 18 avril 2014 (WP),http://www.ifop.fr/media/poll/2608-1-study_file.pdf,Ifop,,2014-04-15,2014-04-18,2014-04-18,998,,Premier tour,variante_2,François Bayrou,10.0
,Ifop 15 au 18 avril 2014 (WP),http://www.ifop.fr/media/poll/2608-1-study_file.pdf,Ifop,,2014-04-15,2014-04-18,2014-04-18,998,,Premier tour,variante_2,Alain Juppé,30.0
,Ifop 15 au 18 avril 2014 (WP),http://www.ifop.fr/media/poll/2608-1-study_file.pdf,Ifop,,2014-04-15,2014-04-18,2014-04-18,998,,Premier tour,variante_2,Nicolas Dupont-Aignan,2.0
,Ifop 15 au 18 avril 2014 (WP),http://www.ifop.fr/media/poll/2608-1-study_file.pdf,Ifop,,2014-04-15,2014-04-18,2014-04-18,998,,Premier tour,variante_2,Marine Le Pen,26.0
,Ifop 15 au 18 avril 2014 (WP),http://www.ifop.fr/media/poll/2608-1-study_file.pdf,Ifop,,2014-04-15,2014-04-18,2014-04-18,998,,Premier tour,variante_3,Jacques Cheminade,0.0
,Ifop 15 au 18 avril 2014 (WP),http://www.ifop.fr/media/poll/2608-1-study_file.pdf,Ifop,,2014-04-15,2014-04-18,2014-04-18,998,,Premier tour,variante_3,Nathalie Arthaud,1.0
,Ifop 15 au 18 avril 2014 (WP),http://www.ifop.fr/media/poll/2608-1-study_file.pdf,Ifop,,2014-04-15,2014-04-18,2014-04-18,998,,Premier tour,variante_3,Philippe Poutou,1.5
,Ifop 15 au 18 avril 2014 (WP),http://www.ifop.fr/media/poll/2608-1-study_file.pdf,Ifop,,2014-04-15,2014-04-18,2014-04-18,998,,Premier tour,variante_3,Jean-Luc Mélenchon,9.0
,Ifop 15 au 18 avril 2014 (WP),http://www.ifop.fr/media/poll/2608-1-study_file.pdf,Ifop,,2014-04-15,2014-04-18,2014-04-18,998,,Premier tour,variante_3,Eva Joly,3.0
,Ifop 15 au 18 avril 2014 (WP),http://www.ifop.fr/media/poll/2608-1-study_file.pdf,Ifop,,2014-04-15,2014-04-18,2014-04-18,998,,Premier tour,variante_3,François Hollande,19.0
,Ifop 15 au 18 avril 2014 (WP),http://www.ifop.fr/media/poll/2608-1-study_file.pdf,Ifop,,2014-04-15,2014-04-18,2014-04-18,998,,Premier tour,variante_3,François Bayrou,13.0
,Ifop 15 au 18 avril 2014 (WP),http://www.ifop.fr/media/poll/2608-1-study_file.pdf,Ifop,,2014-04-15,2014-04-18,2014-04-18,998,,Premier tour,variante_3,François Fillon,22.0
,Ifop 15 au 18 avril 2014 (WP),http://www.ifop.fr/media/poll/2608-1-study_file.pdf,Ifop,,2014-04-15,2014-04-18,2014-04-18,998,,Premier tour,variante_3,Nicolas Dupont-Aignan,2.5
,Ifop 15 au 18 avril 2014 (WP),http://www.ifop.fr/media/poll/2608-1-study_file.pdf,Ifop,,2014-04-15,2014-04-18,2014-04-18,998,,Premier tour,variante_3,Marine Le Pen,29.0
,Opinion Way 11 au 13 avril 2014 (WP),http://www.youscribe.com/BookReader/IframeEmbed?productId=2432034&width=100%25&height=0&startPage=1&displayMode=scroll&documentId=2409131&fullscreen=1&token=,Opinion Way,,2014-04-11,2014-04-13,2014-04-13,1023,,Premier tour,,Jacques Cheminade,0.0
,Opinion Way 11 au 13 avril 2014 (WP),http://www.youscribe.com/BookReader/IframeEmbed?productId=2432034&width=100%25&height=0&startPage=1&displayMode=scroll&documentId=2409131&fullscreen=1&token=,Opinion Way,,2014-04-11,2014-04-13,2014-04-13,1023,,Premier tour,,Nathalie Arthaud,1.0
,Opinion Way 11 au 13 avril 2014 (WP),http://www.youscribe.com/BookReader/IframeEmbed?productId=2432034&width=100%25&height=0&startPage=1&displayMode=scroll&documentId=2409131&fullscreen=1&token=,Opinion Way,,2014-04-11,2014-04-13,2014-04-13,1023,,Premier tour,,Philippe Poutou,2.0
,Opinion Way 11 au 13 avril 2014 (WP),http://www.youscribe.com/BookReader/IframeEmbed?productId=2432034&width=100%25&height=0&startPage=1&displayMode=scroll&documentId=2409131&fullscreen=1&token=,Opinion Way,,2014-04-11,2014-04-13,2014-04-13,1023,,Premier tour,,Jean-Luc Mélenchon,11.0
,Opinion Way 11 au 13 avril 2014 (WP),http://www.youscribe.com/BookReader/IframeEmbed?productId=2432034&width=100%25&height=0&startPage=1&displayMode=scroll&documentId=2409131&fullscreen=1&token=,Opinion Way,,2014-04-11,2014-04-13,2014-04-13,1023,,Premier tour,,Eva Joly,2.0
,Opinion Way 11 au 13 avril 2014 (WP),http://www.youscribe.com/BookReader/IframeEmbed?productId=2432034&width=100%25&height=0&startPage=1&displayMode=scroll&documentId=2409131&fullscreen=1&token=,Opinion Way,,2014-04-11,2014-04-13,2014-04-13,1023,,Premier tour,,François Hollande,19.0
,Opinion Way 11 au 13 avril 2014 (WP),http://www.youscribe.com/BookReader/IframeEmbed?productId=2432034&width=100%25&height=0&startPage=1&displayMode=scroll&documentId=2409131&fullscreen=1&token=,Opinion Way,,2014-04-11,2014-04-13,2014-04-13,1023,,Premier tour,,François Bayrou,8.0
,Opinion Way 11 au 13 avril 2014 (WP),http://www.youscribe.com/BookReader/IframeEmbed?productId=2432034&width=100%25&height=0&startPage=1&displayMode=scroll&documentId=2409131&fullscreen=1&token=,Opinion Way,,2014-04-11,2014-04-13,2014-04-13,1023,,Premier tour,,Nicolas Sarkozy,29.0
,Opinion Way 11 au 13 avril 2014 (WP),http://www.youscribe.com/BookReader/IframeEmbed?productId=2432034&width=100%25&height=0&startPage=1&displayMode=scroll&documentId=2409131&fullscreen=1&token=,Opinion Way,,2014-04-11,2014-04-13,2014-04-13,1023,,Premier tour,,Nicolas Dupont-Aignan,3.0
,Opinion Way 11 au 13 avril 2014 (WP),http://www.youscribe.com/BookReader/IframeEmbed?productId=2432034&width=100%25&height=0&startPage=1&displayMode=scroll&documentId=2409131&fullscreen=1&token=,Opinion Way,,2014-04-11,2014-04-13,2014-04-13,1023,,Premier tour,,Marine Le Pen,25.0
,BVA 2 et 3 mai 2013 (WP),http://www.bva.fr/data/sondage/sondage_fiche/1286/fichier_bva_actu_-_intention_de_vote_presidentielle_-_jean_luc_melenchonc9974.pdf,BVA,,,,,1086,,Premier tour,,Jacques Cheminade,0.0
,BVA 2 et 3 mai 2013 (WP),http://www.bva.fr/data/sondage/sondage_fiche/1286/fichier_bva_actu_-_intention_de_vote_presidentielle_-_jean_luc_melenchonc9974.pdf,BVA,,,,,1086,,Premier tour,,Nathalie Arthaud,1.0
,BVA 2 et 3 mai 2013 (WP),http://www.bva.fr/data/sondage/sondage_fiche/1286/fichier_bva_actu_-_intention_de_vote_presidentielle_-_jean_luc_melenchonc9974.pdf,BVA,,,,,1086,,Premier tour,,Philippe Poutou,1.0
,BVA 2 et 3 mai 2013 (WP),http://www.bva.fr/data/sondage/sondage_fiche/1286/fichier_bva_actu_-_intention_de_vote_presidentielle_-_jean_luc_melenchonc9974.pdf,BVA,,,,,1086,,Premier tour,,Jean-Luc Mélenchon,11.0
,BVA 2 et 3 mai 2013 (WP),http://www.bva.fr/data/sondage/sondage_fiche/1286/fichier_bva_actu_-_intention_de_vote_presidentielle_-_jean_luc_melenchonc9974.pdf,BVA,,,,,1086,,Premier tour,,Eva Joly,2.0
,BVA 2 et 3 mai 2013 (WP),http://www.bva.fr/data/sondage/sondage_fiche/1286/fichier_bva_actu_-_intention_de_vote_presidentielle_-_jean_luc_melenchonc9974.pdf,BVA,,,,,1086,,Premier tour,,François Hollande,20.0
,BVA 2 et 3 mai 2013 (WP),http://www.bva.fr/data/sondage/sondage_fiche/1286/fichier_bva_actu_-_intention_de_vote_presidentielle_-_jean_luc_melenchonc9974.pdf,BVA,,,,,1086,,Premier tour,,François Bayrou,10.0
,BVA 2 et 3 mai 2013 (WP),http://www.bva.fr/data/sondage/sondage_fiche/1286/fichier_bva_actu_-_intention_de_vote_presidentielle_-_jean_luc_melenchonc9974.pdf,BVA,,,,,1086,,Premier tour,,Nicolas Sarkozy,29.0
,BVA 2 et 3 mai 2013 (WP),http://www.bva.fr/data/sondage/sondage_fiche/1286/fichier_bva_actu_-_intention_de_vote_presidentielle_-_jean_luc_melenchonc9974.pdf,BVA,,,,,1086,,Premier tour,,Nicolas Dupont-Aignan,2.0
,BVA 2 et 3 mai 2013 (WP),http://www.bva.fr/data/sondage/sondage_fiche/1286/fichier_bva_actu_-_intention_de_vote_presidentielle_-_jean_luc_melenchonc9974.pdf,BVA,,,,,1086,,Premier tour,,Marine Le Pen,24.0
,CSA 26 au 28 avril 2013 (WP),http://www.csa.eu/multimedia/data/sondages/data2013/opi20130429-les-francais-et-francois-hollande-avril-2013-v2.pdf,CSA,,2013-04-26,2013-04-28,2013-04-28,1027,,Premier tour,,Jacques Cheminade,1.0
,CSA 26 au 28 avril 2013 (WP),http://www.csa.eu/multimedia/data/sondages/data2013/opi20130429-les-francais-et-francois-hollande-avril-2013-v2.pdf,CSA,,2013-04-26,2013-04-28,2013-04-28,1027,,Premier tour,,Nathalie Arthaud,0.0
,CSA 26 au 28 avril 2013 (WP),http://www.csa.eu/multimedia/data/sondages/data2013/opi20130429-les-francais-et-francois-hollande-avril-2013-v2.pdf,CSA,,2013-04-26,2013-04-28,2013-04-28,1027,,Premier tour,,Philippe Poutou,1.0
,CSA 26 au 28 avril 2013 (WP),http://www.csa.eu/multimedia/data/sondages/data2013/opi20130429-les-francais-et-francois-hollande-avril-2013-v2.pdf,CSA,,2013-04-26,2013-04-28,2013-04-28,1027,,Premier tour,,Jean-Luc Mélenchon,12.0
,CSA 26 au 28 avril 2013 (WP),http://www.csa.eu/multimedia/data/sondages/data2013/opi20130429-les-francais-et-francois-hollande-avril-2013-v2.pdf,CSA,,2013-04-26,2013-04-28,2013-04-28,1027,,Premier tour,,Eva Joly,2.0
,CSA 26 au 28 avril 2013 (WP),http://www.csa.eu/multimedia/data/sondages/data2013/opi20130429-les-francais-et-francois-hollande-avril-2013-v2.pdf,CSA,,2013-04-26,2013-04-28,2013-04-28,1027,,Premier tour,,François Hollande,19.0
,CSA 26 au 28 avril 2013 (WP),http://www.csa.eu/multimedia/data/sondages/data2013/opi20130429-les-francais-et-francois-hollande-avril-2013-v2.pdf,CSA,,2013-04-26,2013-04-28,2013-04-28,1027,,Premier tour,,François Bayrou,7.0
,CSA 26 au 28 avril 2013 (WP),http://www.csa.eu/multimedia/data/sondages/data2013/opi20130429-les-francais-et-francois-hollande-avril-2013-v2.pdf,CSA,,2013-04-26,2013-04-28,2013-04-28,1027,,Premier tour,,Nicolas Sarkozy,34.0
,CSA 26 au 28 avril 2013 (WP),http://www.csa.eu/multimedia/data/sondages/data2013/opi20130429-les-francais-et-francois-hollande-avril-2013-v2.pdf,CSA,,2013-04-26,2013-04-28,2013-04-28,1027,,Premier tour,,Nicolas Dupont-Aignan,1.0
,CSA 26 au 28 avril 2013 (WP),http://www.csa.eu/multimedia/data/sondages/data2013/opi20130429-les-francais-et-francois-hollande-avril-2013-v2.pdf,CSA,,2013-04-26,2013-04-28,2013-04-28,1027,,Premier tour,,Marine Le Pen,23.0
,Opinion Way 16 et 17 avril 2013 (WP),http://www.lefigaro.fr/assets/pdf/OpinionwayHollandeunan.pdf,Opinion Way,,,,,1022,,Premier tour,,Jacques Cheminade,0.0
,Opinion Way 16 et 17 avril 2013 (WP),http://www.lefigaro.fr/assets/pdf/OpinionwayHollandeunan.pdf,Opinion Way,,,,,1022,,Premier tour,,Nathalie Arthaud,0.5
,Opinion Way 16 et 17 avril 2013 (WP),http://www.lefigaro.fr/assets/pdf/OpinionwayHollandeunan.pdf,Opinion Way,,,,,1022,,Premier tour,,Philippe Poutou,0.5
,Opinion Way 16 et 17 avril 2013 (WP),http://www.lefigaro.fr/assets/pdf/OpinionwayHollandeunan.pdf,Opinion Way,,,,,1022,,Premier tour,,Jean-Luc Mélenchon,11.0
,Opinion Way 16 et 17 avril 2013 (WP),http://www.lefigaro.fr/assets/pdf/OpinionwayHollandeunan.pdf,Opinion Way,,,,,1022,,Premier tour,,Eva Joly,3.0
,Opinion Way 16 et 17 avril 2013 (WP),http://www.lefigaro.fr/assets/pdf/OpinionwayHollandeunan.pdf,Opinion Way,,,,,1022,,Premier tour,,François Hollande,23.0
,Opinion Way 16 et 17 avril 2013 (WP),http://www.lefigaro.fr/assets/pdf/OpinionwayHollandeunan.pdf,Opinion Way,,,,,1022,,Premier tour,,François Bayrou,11.0
,Opinion Way 16 et 17 avril 2013 (WP),http://www.lefigaro.fr/assets/pdf/OpinionwayHollandeunan.pdf,Opinion Way,,,,,1022,,Premier tour,,Nicolas Sarkozy,28.0
,Opinion Way 16 et 17 avril 2013 (WP),http://www.lefigaro.fr/assets/pdf/OpinionwayHollandeunan.pdf,Opinion Way,,,,,1022,,Premier tour,,Nicolas Dupont-Aignan,2.0
,Opinion Way 16 et 17 avril 2013 (WP),http://www.lefigaro.fr/assets/pdf/OpinionwayHollandeunan.pdf,Opinion Way,,,,,1022,,Premier tour,,Marine Le Pen,21.0
,Ifop 11 au 15 avril 2013 (WP),http://www.ifop.fr/media/poll/2222-1-study_file.pdf,Ifop,,2013-04-11,2013-04-15,2013-04-15,1967,,Premier tour,,Jacques Cheminade,0.0
,Ifop 11 au 15 avril 2013 (WP),http://www.ifop.fr/media/poll/2222-1-study_file.pdf,Ifop,,2013-04-11,2013-04-15,2013-04-15,1967,,Premier tour,,Nathalie Arthaud,0.5
,Ifop 11 au 15 avril 2013 (WP),http://www.ifop.fr/media/poll/2222-1-study_file.pdf,Ifop,,2013-04-11,2013-04-15,2013-04-15,1967,,Premier tour,,Philippe Poutou,1.0
,Ifop 11 au 15 avril 2013 (WP),http://www.ifop.fr/media/poll/2222-1-study_file.pdf,Ifop,,2013-04-11,2013-04-15,2013-04-15,1967,,Premier tour,,Jean-Luc Mélenchon,11.0
,Ifop 11 au 15 avril 2013 (WP),http://www.ifop.fr/media/poll/2222-1-study_file.pdf,Ifop,,2013-04-11,2013-04-15,2013-04-15,1967,,Premier tour,,Eva Joly,1.5
,Ifop 11 au 15 avril 2013 (WP),http://www.ifop.fr/media/poll/2222-1-study_file.pdf,Ifop,,2013-04-11,2013-04-15,2013-04-15,1967,,Premier tour,,François Hollande,22.0
,Ifop 11 au 15 avril 2013 (WP),http://www.ifop.fr/media/poll/2222-1-study_file.pdf,Ifop,,2013-04-11,2013-04-15,2013-04-15,1967,,Premier tour,,François Bayrou,10.0
,Ifop 11 au 15 avril 2013 (WP),http://www.ifop.fr/media/poll/2222-1-study_file.pdf,Ifop,,2013-04-11,2013-04-15,2013-04-15,1967,,Premier tour,,Nicolas Sarkozy,30.0
,Ifop 11 au 15 avril 2013 (WP),http://www.ifop.fr/media/poll/2222-1-study_file.pdf,Ifop,,2013-04-11,2013-04-15,2013-04-15,1967,,Premier tour,,Nicolas Dupont-Aignan,2.0
,Ifop 11 au 15 avril 2013 (WP),http://www.ifop.fr/media/poll/2222-1-study_file.pdf,Ifop,,2013-04-11,2013-04-15,2013-04-15,1967,,Premier tour,,Marine Le Pen,22.0
,Ifop 9 au 12 octobre 2012 (WP),http://www.ifop.fr/media/poll/2014-1-study_file.pdf,Ifop,,2012-10-09,2012-10-12,2012-10-12,1607,,Premier tour,,Nathalie Arthaud,0.5
,Ifop 9 au 12 octobre 2012 (WP),http://www.ifop.fr/media/poll/2014-1-study_file.pdf,Ifop,,2012-10-09,2012-10-12,2012-10-12,1607,,Premier tour,,Philippe Poutou,1.5
,Ifop 9 au 12 octobre 2012 (WP),http://www.ifop.fr/media/poll/2014-1-study_file.pdf,Ifop,,2012-10-09,2012-10-12,2012-10-12,1607,,Premier tour,,Jean-Luc Mélenchon,10.0
,Ifop 9 au 12 octobre 2012 (WP),http://www.ifop.fr/media/poll/2014-1-study_file.pdf,Ifop,,2012-10-09,2012-10-12,2012-10-12,1607,,Premier tour,,Eva Joly,2.0
,Ifop 9 au 12 octobre 2012 (WP),http://www.ifop.fr/media/poll/2014-1-study_file.pdf,Ifop,,2012-10-09,2012-10-12,2012-10-12,1607,,Premier tour,,François Hollande,28.0
,Ifop 9 au 12 octobre 2012 (WP),http://www.ifop.fr/media/poll/2014-1-study_file.pdf,Ifop,,2012-10-09,2012-10-12,2012-10-12,1607,,Premier tour,,François Bayrou,7.0
,Ifop 9 au 12 octobre 2012 (WP),http://www.ifop.fr/media/poll/2014-1-study_file.pdf,Ifop,,2012-10-09,2012-10-12,2012-10-12,1607,,Premier tour,,Nicolas Sarkozy,29.5
,Ifop 9 au 12 octobre 2012 (WP),http://www.ifop.fr/media/poll/2014-1-study_file.pdf,Ifop,,2012-10-09,2012-10-12,2012-10-12,1607,,Premier tour,,Nicolas Dupont-Aignan,2.0
,Ifop 9 au 12 octobre 2012 (WP),http://www.ifop.fr/media/poll/2014-1-study_file.pdf,Ifop,,2012-10-09,2012-10-12,2012-10-12,1607,,Premier tour,,Marine Le Pen,19.5
